route_id,origin,destination,travel_corridor,service_category,pricing_model,distance,estimated_travel_time,hatchback_price,sedan_price,suv_price,innova_price,per_km_rates,round_trip_rates,driver_allowance,tolls_and_taxes,url
home,General,General,Other Regional Routes & Informational Hubs,Special Service / Information Page,custom_or_hourly,Per actual route,Varies by traffic,N/A,N/A,N/A,N/A,N/A,N/A,N/A,N/A,https://www.agrashivtourandtravels.com/
10-iconic-attractions-and-places-to-visit-in-delhi,Agra / Delhi,10 Iconic Attractions And Places To Visit In Delhi,"Curated Tour Packages (Agra, Jaipur, Delhi, Bharatpur)",Tour Package,tour_package,Per actual route,Varies by traffic,Contact for quote,"Rs. 2,000 (Agra Tour) / Custom","Rs. 2,700 (Agra Tour) / Custom",Custom Package Quote,Package Fixed Price,Sightseeing Return Included,Included,"Fuel, Parking, Tolls Included",https://www.agrashivtourandtravels.com/10-iconic-attractions-and-places-to-visit-in-delhi/
15-btn-pac-agra-to-chandigarh-taxi-services,15 Btn Pac Agra,Chandigarh,Agra (Localities) -> Chandigarh,Outstation Taxi,day_package_120km,450 km,7 to 8 hours,"Rs. 2,200 (120 KM)","Rs. 2,800 (120 KM)","Rs. 3,000 (120 KM)","Rs. 3,600 (120 KM)",Extra KM: Hatch/Sedan: Rs. 10/km | SUV: Rs. 14/km | Innova: Rs. 16/km,Standard Day Package (120 KM limit),Included for 1-day trip,Included in package,https://www.agrashivtourandtravels.com/15-btn-pac-agra-to-chandigarh-taxi-services/
5-layers-of-safety-measures-taken-during-ride,General,General,Other Regional Routes & Informational Hubs,Special Service / Information Page,custom_or_hourly,Per actual route,Varies by traffic,N/A,N/A,N/A,N/A,N/A,N/A,N/A,N/A,https://www.agrashivtourandtravels.com/5-layers-of-safety-measures-taken-during-ride/
509-command-agra-to-chandigarh-taxi-services,509 Command Agra,Chandigarh,Agra (Localities) -> Chandigarh,Outstation Taxi,day_package_120km,450 km,7 to 8 hours,"Rs. 2,200 (120 KM)","Rs. 2,800 (120 KM)","Rs. 3,000 (120 KM)","Rs. 3,600 (120 KM)",Extra KM: Hatch/Sedan: Rs. 10/km | SUV: Rs. 14/km | Innova: Rs. 16/km,Standard Day Package (120 KM limit),Included for 1-day trip,Included in package,https://www.agrashivtourandtravels.com/509-command-agra-to-chandigarh-taxi-services/
a-f-palam-delhi-to-mathura-taxi,A F Palam Delhi,Mathura,Delhi -> Mathura,Outstation Taxi,one_way_and_round_trip,Per actual route,Varies by traffic,"Rs. 2,500","Rs. 2,900","Rs. 4,200","Rs. 4,800",Hatchback: Rs. 9/km | Sedan: Rs. 10/km | SUV: Rs. 14/km | Innova: Rs. 16/km,"Hatchback: Rs. 5,000 | Sedan: Rs. 6,000 | SUV: Rs. 8,000 | Innova: Rs. 9,400",Included in fixed fare,Included in quoted fare,https://www.agrashivtourandtravels.com/a-f-palam-delhi-to-mathura-taxi/
a-f-rajokari-delhi-to-mathura-taxi,A F Rajokari Delhi,Mathura,Delhi -> Mathura,Outstation Taxi,one_way_and_round_trip,Per actual route,Varies by traffic,"Rs. 2,500","Rs. 2,900","Rs. 4,200","Rs. 4,800",Hatchback: Rs. 9/km | Sedan: Rs. 10/km | SUV: Rs. 14/km | Innova: Rs. 16/km,"Hatchback: Rs. 5,000 | Sedan: Rs. 6,000 | SUV: Rs. 8,000 | Innova: Rs. 9,400",Included in fixed fare,Included in quoted fare,https://www.agrashivtourandtravels.com/a-f-rajokari-delhi-to-mathura-taxi/
a-g-c-r-delhi-to-mathura-taxi,A G C R Delhi,Mathura,Delhi -> Mathura,Outstation Taxi,one_way_and_round_trip,Per actual route,Varies by traffic,"Rs. 2,500","Rs. 2,900","Rs. 4,200","Rs. 4,800",Hatchback: Rs. 9/km | Sedan: Rs. 10/km | SUV: Rs. 14/km | Innova: Rs. 16/km,"Hatchback: Rs. 5,000 | Sedan: Rs. 6,000 | SUV: Rs. 8,000 | Innova: Rs. 9,400",Included in fixed fare,Included in quoted fare,https://www.agrashivtourandtravels.com/a-g-c-r-delhi-to-mathura-taxi/
a-p-s-colony-delhi-to-mathura-taxi,A P S Colony Delhi,Mathura,Delhi -> Mathura,Outstation Taxi,one_way_and_round_trip,Per actual route,Varies by traffic,"Rs. 2,500","Rs. 2,900","Rs. 4,200","Rs. 4,800",Hatchback: Rs. 9/km | Sedan: Rs. 10/km | SUV: Rs. 14/km | Innova: Rs. 16/km,"Hatchback: Rs. 5,000 | Sedan: Rs. 6,000 | SUV: Rs. 8,000 | Innova: Rs. 9,400",Included in fixed fare,Included in quoted fare,https://www.agrashivtourandtravels.com/a-p-s-colony-delhi-to-mathura-taxi/
a-t-mills-delhi-to-mathura-taxi,A T Mills Delhi,Mathura,Delhi -> Mathura,Outstation Taxi,one_way_and_round_trip,Per actual route,Varies by traffic,"Rs. 2,500","Rs. 2,900","Rs. 4,200","Rs. 4,800",Hatchback: Rs. 9/km | Sedan: Rs. 10/km | SUV: Rs. 14/km | Innova: Rs. 16/km,"Hatchback: Rs. 5,000 | Sedan: Rs. 6,000 | SUV: Rs. 8,000 | Innova: Rs. 9,400",Included in fixed fare,Included in quoted fare,https://www.agrashivtourandtravels.com/a-t-mills-delhi-to-mathura-taxi/
achnera-agra-to-chandigarh-taxi-services,Achnera Agra,Chandigarh,Agra (Localities) -> Chandigarh,Outstation Taxi,day_package_120km,450 km,7 to 8 hours,"Rs. 2,200 (120 KM)","Rs. 2,800 (120 KM)","Rs. 3,000 (120 KM)","Rs. 3,600 (120 KM)",Extra KM: Hatch/Sedan: Rs. 10/km | SUV: Rs. 14/km | Innova: Rs. 16/km,Standard Day Package (120 KM limit),Included for 1-day trip,Included in package,https://www.agrashivtourandtravels.com/achnera-agra-to-chandigarh-taxi-services/
achnera-mandi-agra-to-chandigarh-taxi-services,Achnera Mandi Agra,Chandigarh,Agra (Localities) -> Chandigarh,Outstation Taxi,day_package_120km,450 km,7 to 8 hours,"Rs. 2,200 (120 KM)","Rs. 2,800 (120 KM)","Rs. 3,000 (120 KM)","Rs. 3,600 (120 KM)",Extra KM: Hatch/Sedan: Rs. 10/km | SUV: Rs. 14/km | Innova: Rs. 16/km,Standard Day Package (120 KM limit),Included for 1-day trip,Included in package,https://www.agrashivtourandtravels.com/achnera-mandi-agra-to-chandigarh-taxi-services/
adarsh-nagar-delhi-to-mathura-taxi,Adarsh Nagar Delhi,Mathura,Delhi -> Mathura,Outstation Taxi,one_way_and_round_trip,Per actual route,Varies by traffic,"Rs. 2,500","Rs. 2,900","Rs. 4,200","Rs. 4,800",Hatchback: Rs. 9/km | Sedan: Rs. 10/km | SUV: Rs. 14/km | Innova: Rs. 16/km,"Hatchback: Rs. 5,000 | Sedan: Rs. 6,000 | SUV: Rs. 8,000 | Innova: Rs. 9,400",Included in fixed fare,Included in quoted fare,https://www.agrashivtourandtravels.com/adarsh-nagar-delhi-to-mathura-taxi/
agon-gurgaon-to-agra-taxi,Agon Gurgaon,Agra,Delhi / Gurgaon (NCR) -> Agra,Outstation Taxi,one_way_and_round_trip,Per actual route,Varies by traffic,"Rs. 2,500","Rs. 2,900","Rs. 4,200","Rs. 4,800",Hatchback: Rs. 9/km | Sedan: Rs. 10/km | SUV: Rs. 14/km | Innova: Rs. 16/km,"Hatchback: Rs. 5,000 | Sedan: Rs. 6,000 | SUV: Rs. 8,000 | Innova: Rs. 9,400",Included in fixed fare,Included in quoted fare,https://www.agrashivtourandtravels.com/agon-gurgaon-to-agra-taxi/
agra-barrcks-to-chandigarh-taxi-services,Agra Barrcks,Chandigarh,Agra (Localities) -> Chandigarh,Outstation Taxi,day_package_120km,450 km,7 to 8 hours,"Rs. 2,200 (120 KM)","Rs. 2,800 (120 KM)","Rs. 3,000 (120 KM)","Rs. 3,600 (120 KM)",Extra KM: Hatch/Sedan: Rs. 10/km | SUV: Rs. 14/km | Innova: Rs. 16/km,Standard Day Package (120 KM limit),Included for 1-day trip,Included in package,https://www.agrashivtourandtravels.com/agra-barrcks-to-chandigarh-taxi-services/
agra-chauk-to-chandigarh-taxi-services,Agra Chauk,Chandigarh,Agra (Localities) -> Chandigarh,Outstation Taxi,day_package_120km,450 km,7 to 8 hours,"Rs. 2,200 (120 KM)","Rs. 2,800 (120 KM)","Rs. 3,000 (120 KM)","Rs. 3,600 (120 KM)",Extra KM: Hatch/Sedan: Rs. 10/km | SUV: Rs. 14/km | Innova: Rs. 16/km,Standard Day Package (120 KM limit),Included for 1-day trip,Included in package,https://www.agrashivtourandtravels.com/agra-chauk-to-chandigarh-taxi-services/
agra-city-to-chandigarh-taxi-services,Agra City,Chandigarh,Agra (Localities) -> Chandigarh,Outstation Taxi,day_package_120km,450 km,7 to 8 hours,"Rs. 2,200 (120 KM)","Rs. 2,800 (120 KM)","Rs. 3,000 (120 KM)","Rs. 3,600 (120 KM)",Extra KM: Hatch/Sedan: Rs. 10/km | SUV: Rs. 14/km | Innova: Rs. 16/km,Standard Day Package (120 KM limit),Included for 1-day trip,Included in package,https://www.agrashivtourandtravels.com/agra-city-to-chandigarh-taxi-services/
agra-fort-to-chandigarh-taxi-services,Agra Fort,Chandigarh,Agra (Localities) -> Chandigarh,Outstation Taxi,day_package_120km,450 km,7 to 8 hours,"Rs. 2,200 (120 KM)","Rs. 2,800 (120 KM)","Rs. 3,000 (120 KM)","Rs. 3,600 (120 KM)",Extra KM: Hatch/Sedan: Rs. 10/km | SUV: Rs. 14/km | Innova: Rs. 16/km,Standard Day Package (120 KM limit),Included for 1-day trip,Included in package,https://www.agrashivtourandtravels.com/agra-fort-to-chandigarh-taxi-services/
agra-to-anjar-tempo-traveller,Agra,Anjar,Agra -> Pan-India Long Distance (Tempo Traveller),Tempo Traveller Rental,tempo_traveller,Per actual route,Varies by traffic,N/A (Group Mini-Bus),N/A (Group Mini-Bus),From Rs. 17 / KM (7-Seater),From Rs. 25 / KM (12-Seater),7 Seater: Rs. 17/km up to 26 Seater: Rs. 34/km,Min 300 KM / Day billing rule,Rs. 500 / Day,"Tolls, Parking & State Tax Extra",https://www.agrashivtourandtravels.com/agra-to-anjar-tempo-traveller/
agra-to-anjhi-shahabad-tempo-traveller,Agra,Anjhi Shahabad,Agra -> Pan-India Long Distance (Tempo Traveller),Tempo Traveller Rental,tempo_traveller,Per actual route,Varies by traffic,N/A (Group Mini-Bus),N/A (Group Mini-Bus),From Rs. 17 / KM (7-Seater),From Rs. 25 / KM (12-Seater),7 Seater: Rs. 17/km up to 26 Seater: Rs. 34/km,Min 300 KM / Day billing rule,Rs. 500 / Day,"Tolls, Parking & State Tax Extra",https://www.agrashivtourandtravels.com/agra-to-anjhi-shahabad-tempo-traveller/
agra-to-ankai-tempo-traveller,Agra,Ankai,Agra -> Pan-India Long Distance (Tempo Traveller),Tempo Traveller Rental,tempo_traveller,Per actual route,Varies by traffic,N/A (Group Mini-Bus),N/A (Group Mini-Bus),From Rs. 17 / KM (7-Seater),From Rs. 25 / KM (12-Seater),7 Seater: Rs. 17/km up to 26 Seater: Rs. 34/km,Min 300 KM / Day billing rule,Rs. 500 / Day,"Tolls, Parking & State Tax Extra",https://www.agrashivtourandtravels.com/agra-to-ankai-tempo-traveller/
agra-to-ankola-tempo-traveller,Agra,Ankola,Agra -> Pan-India Long Distance (Tempo Traveller),Tempo Traveller Rental,tempo_traveller,Per actual route,Varies by traffic,N/A (Group Mini-Bus),N/A (Group Mini-Bus),From Rs. 17 / KM (7-Seater),From Rs. 25 / KM (12-Seater),7 Seater: Rs. 17/km up to 26 Seater: Rs. 34/km,Min 300 KM / Day billing rule,Rs. 500 / Day,"Tolls, Parking & State Tax Extra",https://www.agrashivtourandtravels.com/agra-to-ankola-tempo-traveller/
agra-to-annanur-tempo-traveller,Agra,Annanur,Agra -> Pan-India Long Distance (Tempo Traveller),Tempo Traveller Rental,tempo_traveller,Per actual route,Varies by traffic,N/A (Group Mini-Bus),N/A (Group Mini-Bus),From Rs. 17 / KM (7-Seater),From Rs. 25 / KM (12-Seater),7 Seater: Rs. 17/km up to 26 Seater: Rs. 34/km,Min 300 KM / Day billing rule,Rs. 500 / Day,"Tolls, Parking & State Tax Extra",https://www.agrashivtourandtravels.com/agra-to-annanur-tempo-traveller/
agra-to-annaram-tempo-traveller,Agra,Annaram,Agra -> Pan-India Long Distance (Tempo Traveller),Tempo Traveller Rental,tempo_traveller,Per actual route,Varies by traffic,N/A (Group Mini-Bus),N/A (Group Mini-Bus),From Rs. 17 / KM (7-Seater),From Rs. 25 / KM (12-Seater),7 Seater: Rs. 17/km up to 26 Seater: Rs. 34/km,Min 300 KM / Day billing rule,Rs. 500 / Day,"Tolls, Parking & State Tax Extra",https://www.agrashivtourandtravels.com/agra-to-annaram-tempo-traveller/
agra-to-annavaram-tempo-traveller,Agra,Annavaram,Agra -> Pan-India Long Distance (Tempo Traveller),Tempo Traveller Rental,tempo_traveller,Per actual route,Varies by traffic,N/A (Group Mini-Bus),N/A (Group Mini-Bus),From Rs. 17 / KM (7-Seater),From Rs. 25 / KM (12-Seater),7 Seater: Rs. 17/km up to 26 Seater: Rs. 34/km,Min 300 KM / Day billing rule,Rs. 500 / Day,"Tolls, Parking & State Tax Extra",https://www.agrashivtourandtravels.com/agra-to-annavaram-tempo-traveller/
agra-to-annigeri-tempo-traveller,Agra,Annigeri,Agra -> Pan-India Long Distance (Tempo Traveller),Tempo Traveller Rental,tempo_traveller,Per actual route,Varies by traffic,N/A (Group Mini-Bus),N/A (Group Mini-Bus),From Rs. 17 / KM (7-Seater),From Rs. 25 / KM (12-Seater),7 Seater: Rs. 17/km up to 26 Seater: Rs. 34/km,Min 300 KM / Day billing rule,Rs. 500 / Day,"Tolls, Parking & State Tax Extra",https://www.agrashivtourandtravels.com/agra-to-annigeri-tempo-traveller/
agra-to-anpara-tempo-traveller,Agra,Anpara,Agra -> Pan-India Long Distance (Tempo Traveller),Tempo Traveller Rental,tempo_traveller,Per actual route,Varies by traffic,N/A (Group Mini-Bus),N/A (Group Mini-Bus),From Rs. 17 / KM (7-Seater),From Rs. 25 / KM (12-Seater),7 Seater: Rs. 17/km up to 26 Seater: Rs. 34/km,Min 300 KM / Day billing rule,Rs. 500 / Day,"Tolls, Parking & State Tax Extra",https://www.agrashivtourandtravels.com/agra-to-anpara-tempo-traveller/
agra-to-antu-tempo-traveller,Agra,Antu,Agra -> Pan-India Long Distance (Tempo Traveller),Tempo Traveller Rental,tempo_traveller,Per actual route,Varies by traffic,N/A (Group Mini-Bus),N/A (Group Mini-Bus),From Rs. 17 / KM (7-Seater),From Rs. 25 / KM (12-Seater),7 Seater: Rs. 17/km up to 26 Seater: Rs. 34/km,Min 300 KM / Day billing rule,Rs. 500 / Day,"Tolls, Parking & State Tax Extra",https://www.agrashivtourandtravels.com/agra-to-antu-tempo-traveller/
agra-to-anupgarh-tempo-traveller,Agra,Anupgarh,Agra -> Pan-India Long Distance (Tempo Traveller),Tempo Traveller Rental,tempo_traveller,Per actual route,Varies by traffic,N/A (Group Mini-Bus),N/A (Group Mini-Bus),From Rs. 17 / KM (7-Seater),From Rs. 25 / KM (12-Seater),7 Seater: Rs. 17/km up to 26 Seater: Rs. 34/km,Min 300 KM / Day billing rule,Rs. 500 / Day,"Tolls, Parking & State Tax Extra",https://www.agrashivtourandtravels.com/agra-to-anupgarh-tempo-traveller/
agra-to-aonla-tempo-traveller,Agra,Aonla,Agra -> Pan-India Long Distance (Tempo Traveller),Tempo Traveller Rental,tempo_traveller,Per actual route,Varies by traffic,N/A (Group Mini-Bus),N/A (Group Mini-Bus),From Rs. 17 / KM (7-Seater),From Rs. 25 / KM (12-Seater),7 Seater: Rs. 17/km up to 26 Seater: Rs. 34/km,Min 300 KM / Day billing rule,Rs. 500 / Day,"Tolls, Parking & State Tax Extra",https://www.agrashivtourandtravels.com/agra-to-aonla-tempo-traveller/
agra-to-arakkonam-junction-tempo-traveller,Agra,Arakkonam Junction,Agra -> Pan-India Long Distance (Tempo Traveller),Tempo Traveller Rental,tempo_traveller,Per actual route,Varies by traffic,N/A (Group Mini-Bus),N/A (Group Mini-Bus),From Rs. 17 / KM (7-Seater),From Rs. 25 / KM (12-Seater),7 Seater: Rs. 17/km up to 26 Seater: Rs. 34/km,Min 300 KM / Day billing rule,Rs. 500 / Day,"Tolls, Parking & State Tax Extra",https://www.agrashivtourandtravels.com/agra-to-arakkonam-junction-tempo-traveller/
agra-to-kota-taxi-services,Agra,Kota,Other Regional Routes & Informational Hubs,Outstation Taxi,day_package_120km,Per actual route,Varies by traffic,"Rs. 2,200 (120 KM)","Rs. 2,800 (120 KM)","Rs. 3,000 (120 KM)","Rs. 3,600 (120 KM)",Extra KM: Hatch/Sedan: Rs. 10/km | SUV: Rs. 14/km | Innova: Rs. 16/km,Standard Day Package (120 KM limit),Included for 1-day trip,Included in package,https://www.agrashivtourandtravels.com/agra-to-kota-taxi-services/
agra-to-kotagiri-taxi-services,Agra,Kotagiri,Other Regional Routes & Informational Hubs,Outstation Taxi,day_package_120km,Per actual route,Varies by traffic,"Rs. 2,200 (120 KM)","Rs. 2,800 (120 KM)","Rs. 3,000 (120 KM)","Rs. 3,600 (120 KM)",Extra KM: Hatch/Sedan: Rs. 10/km | SUV: Rs. 14/km | Innova: Rs. 16/km,Standard Day Package (120 KM limit),Included for 1-day trip,Included in package,https://www.agrashivtourandtravels.com/agra-to-kotagiri-taxi-services/
agra-to-kotdwara-taxi-services,Agra,Kotdwara,Other Regional Routes & Informational Hubs,Outstation Taxi,day_package_120km,Per actual route,Varies by traffic,"Rs. 2,200 (120 KM)","Rs. 2,800 (120 KM)","Rs. 3,000 (120 KM)","Rs. 3,600 (120 KM)",Extra KM: Hatch/Sedan: Rs. 10/km | SUV: Rs. 14/km | Innova: Rs. 16/km,Standard Day Package (120 KM limit),Included for 1-day trip,Included in package,https://www.agrashivtourandtravels.com/agra-to-kotdwara-taxi-services/
agra-to-kotli-kalan-taxi-services,Agra,Kotli Kalan,Other Regional Routes & Informational Hubs,Outstation Taxi,day_package_120km,Per actual route,Varies by traffic,"Rs. 2,200 (120 KM)","Rs. 2,800 (120 KM)","Rs. 3,000 (120 KM)","Rs. 3,600 (120 KM)",Extra KM: Hatch/Sedan: Rs. 10/km | SUV: Rs. 14/km | Innova: Rs. 16/km,Standard Day Package (120 KM limit),Included for 1-day trip,Included in package,https://www.agrashivtourandtravels.com/agra-to-kotli-kalan-taxi-services/
agra-to-kotma-taxi-services,Agra,Kotma,Other Regional Routes & Informational Hubs,Outstation Taxi,day_package_120km,Per actual route,Varies by traffic,"Rs. 2,200 (120 KM)","Rs. 2,800 (120 KM)","Rs. 3,000 (120 KM)","Rs. 3,600 (120 KM)",Extra KM: Hatch/Sedan: Rs. 10/km | SUV: Rs. 14/km | Innova: Rs. 16/km,Standard Day Package (120 KM limit),Included for 1-day trip,Included in package,https://www.agrashivtourandtravels.com/agra-to-kotma-taxi-services/
agra-to-kotputli-taxi-services,Agra,Kotputli,Other Regional Routes & Informational Hubs,Outstation Taxi,day_package_120km,Per actual route,Varies by traffic,"Rs. 2,200 (120 KM)","Rs. 2,800 (120 KM)","Rs. 3,000 (120 KM)","Rs. 3,600 (120 KM)",Extra KM: Hatch/Sedan: Rs. 10/km | SUV: Rs. 14/km | Innova: Rs. 16/km,Standard Day Package (120 KM limit),Included for 1-day trip,Included in package,https://www.agrashivtourandtravels.com/agra-to-kotputli-taxi-services/
agra-to-kotshila-taxi-services,Agra,Kotshila,Other Regional Routes & Informational Hubs,Outstation Taxi,day_package_120km,Per actual route,Varies by traffic,"Rs. 2,200 (120 KM)","Rs. 2,800 (120 KM)","Rs. 3,000 (120 KM)","Rs. 3,600 (120 KM)",Extra KM: Hatch/Sedan: Rs. 10/km | SUV: Rs. 14/km | Innova: Rs. 16/km,Standard Day Package (120 KM limit),Included for 1-day trip,Included in package,https://www.agrashivtourandtravels.com/agra-to-kotshila-taxi-services/
agra-to-kottapalli-taxi-services,Agra,Kottapalli,Other Regional Routes & Informational Hubs,Outstation Taxi,day_package_120km,Per actual route,Varies by traffic,"Rs. 2,200 (120 KM)","Rs. 2,800 (120 KM)","Rs. 3,000 (120 KM)","Rs. 3,600 (120 KM)",Extra KM: Hatch/Sedan: Rs. 10/km | SUV: Rs. 14/km | Innova: Rs. 16/km,Standard Day Package (120 KM limit),Included for 1-day trip,Included in package,https://www.agrashivtourandtravels.com/agra-to-kottapalli-taxi-services/
agra-to-kottayam-taxi-services,Agra,Kottayam,Other Regional Routes & Informational Hubs,Outstation Taxi,day_package_120km,Per actual route,Varies by traffic,"Rs. 2,200 (120 KM)","Rs. 2,800 (120 KM)","Rs. 3,000 (120 KM)","Rs. 3,600 (120 KM)",Extra KM: Hatch/Sedan: Rs. 10/km | SUV: Rs. 14/km | Innova: Rs. 16/km,Standard Day Package (120 KM limit),Included for 1-day trip,Included in package,https://www.agrashivtourandtravels.com/agra-to-kottayam-taxi-services/
agra-to-kotturu-taxi-services,Agra,Kotturu,Other Regional Routes & Informational Hubs,Outstation Taxi,day_package_120km,Per actual route,Varies by traffic,"Rs. 2,200 (120 KM)","Rs. 2,800 (120 KM)","Rs. 3,000 (120 KM)","Rs. 3,600 (120 KM)",Extra KM: Hatch/Sedan: Rs. 10/km | SUV: Rs. 14/km | Innova: Rs. 16/km,Standard Day Package (120 KM limit),Included for 1-day trip,Included in package,https://www.agrashivtourandtravels.com/agra-to-kotturu-taxi-services/
agra-to-kovilpatti-taxi-services,Agra,Kovilpatti,Other Regional Routes & Informational Hubs,Outstation Taxi,day_package_120km,Per actual route,Varies by traffic,"Rs. 2,200 (120 KM)","Rs. 2,800 (120 KM)","Rs. 3,000 (120 KM)","Rs. 3,600 (120 KM)",Extra KM: Hatch/Sedan: Rs. 10/km | SUV: Rs. 14/km | Innova: Rs. 16/km,Standard Day Package (120 KM limit),Included for 1-day trip,Included in package,https://www.agrashivtourandtravels.com/agra-to-kovilpatti-taxi-services/
agra-to-koyilandy-taxi-services,Agra,Koyilandy,Other Regional Routes & Informational Hubs,Outstation Taxi,day_package_120km,Per actual route,Varies by traffic,"Rs. 2,200 (120 KM)","Rs. 2,800 (120 KM)","Rs. 3,000 (120 KM)","Rs. 3,600 (120 KM)",Extra KM: Hatch/Sedan: Rs. 10/km | SUV: Rs. 14/km | Innova: Rs. 16/km,Standard Day Package (120 KM limit),Included for 1-day trip,Included in package,https://www.agrashivtourandtravels.com/agra-to-koyilandy-taxi-services/
agra-to-kozhikode-taxi-services,Agra,Kozhikode,Other Regional Routes & Informational Hubs,Outstation Taxi,day_package_120km,Per actual route,Varies by traffic,"Rs. 2,200 (120 KM)","Rs. 2,800 (120 KM)","Rs. 3,000 (120 KM)","Rs. 3,600 (120 KM)",Extra KM: Hatch/Sedan: Rs. 10/km | SUV: Rs. 14/km | Innova: Rs. 16/km,Standard Day Package (120 KM limit),Included for 1-day trip,Included in package,https://www.agrashivtourandtravels.com/agra-to-kozhikode-taxi-services/
agra-to-krishnagiri-taxi-services,Agra,Krishnagiri,Other Regional Routes & Informational Hubs,Outstation Taxi,day_package_120km,Per actual route,Varies by traffic,"Rs. 2,200 (120 KM)","Rs. 2,800 (120 KM)","Rs. 3,000 (120 KM)","Rs. 3,600 (120 KM)",Extra KM: Hatch/Sedan: Rs. 10/km | SUV: Rs. 14/km | Innova: Rs. 16/km,Standard Day Package (120 KM limit),Included for 1-day trip,Included in package,https://www.agrashivtourandtravels.com/agra-to-krishnagiri-taxi-services/
agra-to-krishnarajapuram-taxi-services,Agra,Krishnarajapuram,Other Regional Routes & Informational Hubs,Outstation Taxi,day_package_120km,Per actual route,Varies by traffic,"Rs. 2,200 (120 KM)","Rs. 2,800 (120 KM)","Rs. 3,000 (120 KM)","Rs. 3,600 (120 KM)",Extra KM: Hatch/Sedan: Rs. 10/km | SUV: Rs. 14/km | Innova: Rs. 16/km,Standard Day Package (120 KM limit),Included for 1-day trip,Included in package,https://www.agrashivtourandtravels.com/agra-to-krishnarajapuram-taxi-services/
agra-to-kuchaman-city-taxi-services,Agra,Kuchaman City,Other Regional Routes & Informational Hubs,Outstation Taxi,day_package_120km,Per actual route,Varies by traffic,"Rs. 2,200 (120 KM)","Rs. 2,800 (120 KM)","Rs. 3,000 (120 KM)","Rs. 3,600 (120 KM)",Extra KM: Hatch/Sedan: Rs. 10/km | SUV: Rs. 14/km | Innova: Rs. 16/km,Standard Day Package (120 KM limit),Included for 1-day trip,Included in package,https://www.agrashivtourandtravels.com/agra-to-kuchaman-city-taxi-services/
agra-to-kudal-taxi-services,Agra,Kudal,Other Regional Routes & Informational Hubs,Outstation Taxi,day_package_120km,Per actual route,Varies by traffic,"Rs. 2,200 (120 KM)","Rs. 2,800 (120 KM)","Rs. 3,000 (120 KM)","Rs. 3,600 (120 KM)",Extra KM: Hatch/Sedan: Rs. 10/km | SUV: Rs. 14/km | Innova: Rs. 16/km,Standard Day Package (120 KM limit),Included for 1-day trip,Included in package,https://www.agrashivtourandtravels.com/agra-to-kudal-taxi-services/
agra-to-kufri-taxi-services,Agra,Kufri,Other Regional Routes & Informational Hubs,Outstation Taxi,day_package_120km,Per actual route,Varies by traffic,"Rs. 2,200 (120 KM)","Rs. 2,800 (120 KM)","Rs. 3,000 (120 KM)","Rs. 3,600 (120 KM)",Extra KM: Hatch/Sedan: Rs. 10/km | SUV: Rs. 14/km | Innova: Rs. 16/km,Standard Day Package (120 KM limit),Included for 1-day trip,Included in package,https://www.agrashivtourandtravels.com/agra-to-kufri-taxi-services/
agra-to-murshidabad-tempo-traveller,Agra,Murshidabad,Agra -> Pan-India Long Distance (Tempo Traveller),Tempo Traveller Rental,tempo_traveller,Per actual route,Varies by traffic,N/A (Group Mini-Bus),N/A (Group Mini-Bus),From Rs. 17 / KM (7-Seater),From Rs. 25 / KM (12-Seater),7 Seater: Rs. 17/km up to 26 Seater: Rs. 34/km,Min 300 KM / Day billing rule,Rs. 500 / Day,"Tolls, Parking & State Tax Extra",https://www.agrashivtourandtravels.com/agra-to-murshidabad-tempo-traveller/
agra-to-murthal-tempo-traveller,Agra,Murthal,Agra -> Pan-India Long Distance (Tempo Traveller),Tempo Traveller Rental,tempo_traveller,Per actual route,Varies by traffic,N/A (Group Mini-Bus),N/A (Group Mini-Bus),From Rs. 17 / KM (7-Seater),From Rs. 25 / KM (12-Seater),7 Seater: Rs. 17/km up to 26 Seater: Rs. 34/km,Min 300 KM / Day billing rule,Rs. 500 / Day,"Tolls, Parking & State Tax Extra",https://www.agrashivtourandtravels.com/agra-to-murthal-tempo-traveller/
agra-to-mushet-tempo-traveller,Agra,Mushet,Agra -> Pan-India Long Distance (Tempo Traveller),Tempo Traveller Rental,tempo_traveller,Per actual route,Varies by traffic,N/A (Group Mini-Bus),N/A (Group Mini-Bus),From Rs. 17 / KM (7-Seater),From Rs. 25 / KM (12-Seater),7 Seater: Rs. 17/km up to 26 Seater: Rs. 34/km,Min 300 KM / Day billing rule,Rs. 500 / Day,"Tolls, Parking & State Tax Extra",https://www.agrashivtourandtravels.com/agra-to-mushet-tempo-traveller/
agra-to-mussoorie-tempo-traveller,Agra,Mussoorie,Agra -> Pan-India Long Distance (Tempo Traveller),Tempo Traveller Rental,tempo_traveller,Per actual route,Varies by traffic,N/A (Group Mini-Bus),N/A (Group Mini-Bus),From Rs. 17 / KM (7-Seater),From Rs. 25 / KM (12-Seater),7 Seater: Rs. 17/km up to 26 Seater: Rs. 34/km,Min 300 KM / Day billing rule,Rs. 500 / Day,"Tolls, Parking & State Tax Extra",https://www.agrashivtourandtravels.com/agra-to-mussoorie-tempo-traveller/
agra-to-muzaffarnagar-tempo-traveller,Agra,Muzaffarnagar,Agra -> Pan-India Long Distance (Tempo Traveller),Tempo Traveller Rental,tempo_traveller,Per actual route,Varies by traffic,N/A (Group Mini-Bus),N/A (Group Mini-Bus),From Rs. 17 / KM (7-Seater),From Rs. 25 / KM (12-Seater),7 Seater: Rs. 17/km up to 26 Seater: Rs. 34/km,Min 300 KM / Day billing rule,Rs. 500 / Day,"Tolls, Parking & State Tax Extra",https://www.agrashivtourandtravels.com/agra-to-muzaffarnagar-tempo-traveller/
agra-to-muzaffarpur-junction-tempo-traveller,Agra,Muzaffarpur Junction,Agra -> Pan-India Long Distance (Tempo Traveller),Tempo Traveller Rental,tempo_traveller,Per actual route,Varies by traffic,N/A (Group Mini-Bus),N/A (Group Mini-Bus),From Rs. 17 / KM (7-Seater),From Rs. 25 / KM (12-Seater),7 Seater: Rs. 17/km up to 26 Seater: Rs. 34/km,Min 300 KM / Day billing rule,Rs. 500 / Day,"Tolls, Parking & State Tax Extra",https://www.agrashivtourandtravels.com/agra-to-muzaffarpur-junction-tempo-traveller/
agra-to-mysuru-tempo-traveller,Agra,Mysuru,Agra -> Pan-India Long Distance (Tempo Traveller),Tempo Traveller Rental,tempo_traveller,Per actual route,Varies by traffic,N/A (Group Mini-Bus),N/A (Group Mini-Bus),From Rs. 17 / KM (7-Seater),From Rs. 25 / KM (12-Seater),7 Seater: Rs. 17/km up to 26 Seater: Rs. 34/km,Min 300 KM / Day billing rule,Rs. 500 / Day,"Tolls, Parking & State Tax Extra",https://www.agrashivtourandtravels.com/agra-to-mysuru-tempo-traveller/
agra-to-nabadwip-dham-tempo-traveller,Agra,Nabadwip Dham,Agra -> Pan-India Long Distance (Tempo Traveller),Tempo Traveller Rental,tempo_traveller,Per actual route,Varies by traffic,N/A (Group Mini-Bus),N/A (Group Mini-Bus),From Rs. 17 / KM (7-Seater),From Rs. 25 / KM (12-Seater),7 Seater: Rs. 17/km up to 26 Seater: Rs. 34/km,Min 300 KM / Day billing rule,Rs. 500 / Day,"Tolls, Parking & State Tax Extra",https://www.agrashivtourandtravels.com/agra-to-nabadwip-dham-tempo-traveller/
agra-to-nabha-tempo-traveller,Agra,Nabha,Agra -> Pan-India Long Distance (Tempo Traveller),Tempo Traveller Rental,tempo_traveller,Per actual route,Varies by traffic,N/A (Group Mini-Bus),N/A (Group Mini-Bus),From Rs. 17 / KM (7-Seater),From Rs. 25 / KM (12-Seater),7 Seater: Rs. 17/km up to 26 Seater: Rs. 34/km,Min 300 KM / Day billing rule,Rs. 500 / Day,"Tolls, Parking & State Tax Extra",https://www.agrashivtourandtravels.com/agra-to-nabha-tempo-traveller/
agra-to-nadiad-junction-tempo-traveller,Agra,Nadiad Junction,Agra -> Pan-India Long Distance (Tempo Traveller),Tempo Traveller Rental,tempo_traveller,Per actual route,Varies by traffic,N/A (Group Mini-Bus),N/A (Group Mini-Bus),From Rs. 17 / KM (7-Seater),From Rs. 25 / KM (12-Seater),7 Seater: Rs. 17/km up to 26 Seater: Rs. 34/km,Min 300 KM / Day billing rule,Rs. 500 / Day,"Tolls, Parking & State Tax Extra",https://www.agrashivtourandtravels.com/agra-to-nadiad-junction-tempo-traveller/
agra-to-nadikudi-junction-tempo-traveller,Agra,Nadikudi Junction,Agra -> Pan-India Long Distance (Tempo Traveller),Tempo Traveller Rental,tempo_traveller,Per actual route,Varies by traffic,N/A (Group Mini-Bus),N/A (Group Mini-Bus),From Rs. 17 / KM (7-Seater),From Rs. 25 / KM (12-Seater),7 Seater: Rs. 17/km up to 26 Seater: Rs. 34/km,Min 300 KM / Day billing rule,Rs. 500 / Day,"Tolls, Parking & State Tax Extra",https://www.agrashivtourandtravels.com/agra-to-nadikudi-junction-tempo-traveller/
agra-to-nagar-untari-tempo-traveller,Agra,Nagar Untari,Agra -> Pan-India Long Distance (Tempo Traveller),Tempo Traveller Rental,tempo_traveller,Per actual route,Varies by traffic,N/A (Group Mini-Bus),N/A (Group Mini-Bus),From Rs. 17 / KM (7-Seater),From Rs. 25 / KM (12-Seater),7 Seater: Rs. 17/km up to 26 Seater: Rs. 34/km,Min 300 KM / Day billing rule,Rs. 500 / Day,"Tolls, Parking & State Tax Extra",https://www.agrashivtourandtravels.com/agra-to-nagar-untari-tempo-traveller/
agra-to-nagari-tempo-traveller-2,Agra,Nagari,Agra -> Pan-India Long Distance (Tempo Traveller),Tempo Traveller Rental,tempo_traveller,Per actual route,Varies by traffic,N/A (Group Mini-Bus),N/A (Group Mini-Bus),From Rs. 17 / KM (7-Seater),From Rs. 25 / KM (12-Seater),7 Seater: Rs. 17/km up to 26 Seater: Rs. 34/km,Min 300 KM / Day billing rule,Rs. 500 / Day,"Tolls, Parking & State Tax Extra",https://www.agrashivtourandtravels.com/agra-to-nagari-tempo-traveller-2/
agra-to-nagari-tempo-traveller,Agra,Nagari,Agra -> Pan-India Long Distance (Tempo Traveller),Tempo Traveller Rental,tempo_traveller,Per actual route,Varies by traffic,N/A (Group Mini-Bus),N/A (Group Mini-Bus),From Rs. 17 / KM (7-Seater),From Rs. 25 / KM (12-Seater),7 Seater: Rs. 17/km up to 26 Seater: Rs. 34/km,Min 300 KM / Day billing rule,Rs. 500 / Day,"Tolls, Parking & State Tax Extra",https://www.agrashivtourandtravels.com/agra-to-nagari-tempo-traveller/
agra-to-nagarkurnool-tempo-traveller,Agra,Nagarkurnool,Agra -> Pan-India Long Distance (Tempo Traveller),Tempo Traveller Rental,tempo_traveller,Per actual route,Varies by traffic,N/A (Group Mini-Bus),N/A (Group Mini-Bus),From Rs. 17 / KM (7-Seater),From Rs. 25 / KM (12-Seater),7 Seater: Rs. 17/km up to 26 Seater: Rs. 34/km,Min 300 KM / Day billing rule,Rs. 500 / Day,"Tolls, Parking & State Tax Extra",https://www.agrashivtourandtravels.com/agra-to-nagarkurnool-tempo-traveller/
agra-to-nagaur-tempo-traveller,Agra,Nagaur,Agra -> Pan-India Long Distance (Tempo Traveller),Tempo Traveller Rental,tempo_traveller,Per actual route,Varies by traffic,N/A (Group Mini-Bus),N/A (Group Mini-Bus),From Rs. 17 / KM (7-Seater),From Rs. 25 / KM (12-Seater),7 Seater: Rs. 17/km up to 26 Seater: Rs. 34/km,Min 300 KM / Day billing rule,Rs. 500 / Day,"Tolls, Parking & State Tax Extra",https://www.agrashivtourandtravels.com/agra-to-nagaur-tempo-traveller/
agra-to-nagbhir-junction-tempo-traveller,Agra,Nagbhir Junction,Agra -> Pan-India Long Distance (Tempo Traveller),Tempo Traveller Rental,tempo_traveller,Per actual route,Varies by traffic,N/A (Group Mini-Bus),N/A (Group Mini-Bus),From Rs. 17 / KM (7-Seater),From Rs. 25 / KM (12-Seater),7 Seater: Rs. 17/km up to 26 Seater: Rs. 34/km,Min 300 KM / Day billing rule,Rs. 500 / Day,"Tolls, Parking & State Tax Extra",https://www.agrashivtourandtravels.com/agra-to-nagbhir-junction-tempo-traveller/
agra-to-nagda-tempo-traveller,Agra,Nagda,Agra -> Pan-India Long Distance (Tempo Traveller),Tempo Traveller Rental,tempo_traveller,Per actual route,Varies by traffic,N/A (Group Mini-Bus),N/A (Group Mini-Bus),From Rs. 17 / KM (7-Seater),From Rs. 25 / KM (12-Seater),7 Seater: Rs. 17/km up to 26 Seater: Rs. 34/km,Min 300 KM / Day billing rule,Rs. 500 / Day,"Tolls, Parking & State Tax Extra",https://www.agrashivtourandtravels.com/agra-to-nagda-tempo-traveller/
agra-to-nagercoil-junction-tempo-traveller,Agra,Nagercoil Junction,Agra -> Pan-India Long Distance (Tempo Traveller),Tempo Traveller Rental,tempo_traveller,Per actual route,Varies by traffic,N/A (Group Mini-Bus),N/A (Group Mini-Bus),From Rs. 17 / KM (7-Seater),From Rs. 25 / KM (12-Seater),7 Seater: Rs. 17/km up to 26 Seater: Rs. 34/km,Min 300 KM / Day billing rule,Rs. 500 / Day,"Tolls, Parking & State Tax Extra",https://www.agrashivtourandtravels.com/agra-to-nagercoil-junction-tempo-traveller/
agra-to-nagina-tempo-traveller,Agra,Nagina,Agra -> Pan-India Long Distance (Tempo Traveller),Tempo Traveller Rental,tempo_traveller,Per actual route,Varies by traffic,N/A (Group Mini-Bus),N/A (Group Mini-Bus),From Rs. 17 / KM (7-Seater),From Rs. 25 / KM (12-Seater),7 Seater: Rs. 17/km up to 26 Seater: Rs. 34/km,Min 300 KM / Day billing rule,Rs. 500 / Day,"Tolls, Parking & State Tax Extra",https://www.agrashivtourandtravels.com/agra-to-nagina-tempo-traveller/
agra-to-nagore-tempo-traveller,Agra,Nagore,Agra -> Pan-India Long Distance (Tempo Traveller),Tempo Traveller Rental,tempo_traveller,Per actual route,Varies by traffic,N/A (Group Mini-Bus),N/A (Group Mini-Bus),From Rs. 17 / KM (7-Seater),From Rs. 25 / KM (12-Seater),7 Seater: Rs. 17/km up to 26 Seater: Rs. 34/km,Min 300 KM / Day billing rule,Rs. 500 / Day,"Tolls, Parking & State Tax Extra",https://www.agrashivtourandtravels.com/agra-to-nagore-tempo-traveller/
agra-to-nagpur-tempo-traveller,Agra,Nagpur,Agra -> Pan-India Long Distance (Tempo Traveller),Tempo Traveller Rental,tempo_traveller,Per actual route,Varies by traffic,N/A (Group Mini-Bus),N/A (Group Mini-Bus),From Rs. 17 / KM (7-Seater),From Rs. 25 / KM (12-Seater),7 Seater: Rs. 17/km up to 26 Seater: Rs. 34/km,Min 300 KM / Day billing rule,Rs. 500 / Day,"Tolls, Parking & State Tax Extra",https://www.agrashivtourandtravels.com/agra-to-nagpur-tempo-traveller/
agra-to-nahan-tempo-traveller,Agra,Nahan,Agra -> Pan-India Long Distance (Tempo Traveller),Tempo Traveller Rental,tempo_traveller,Per actual route,Varies by traffic,N/A (Group Mini-Bus),N/A (Group Mini-Bus),From Rs. 17 / KM (7-Seater),From Rs. 25 / KM (12-Seater),7 Seater: Rs. 17/km up to 26 Seater: Rs. 34/km,Min 300 KM / Day billing rule,Rs. 500 / Day,"Tolls, Parking & State Tax Extra",https://www.agrashivtourandtravels.com/agra-to-nahan-tempo-traveller/
agra-to-nahur-tempo-traveller,Agra,Nahur,Agra -> Pan-India Long Distance (Tempo Traveller),Tempo Traveller Rental,tempo_traveller,Per actual route,Varies by traffic,N/A (Group Mini-Bus),N/A (Group Mini-Bus),From Rs. 17 / KM (7-Seater),From Rs. 25 / KM (12-Seater),7 Seater: Rs. 17/km up to 26 Seater: Rs. 34/km,Min 300 KM / Day billing rule,Rs. 500 / Day,"Tolls, Parking & State Tax Extra",https://www.agrashivtourandtravels.com/agra-to-nahur-tempo-traveller/
agra-to-naigaon-tempo-traveller,Agra,Naigaon,Agra -> Pan-India Long Distance (Tempo Traveller),Tempo Traveller Rental,tempo_traveller,Per actual route,Varies by traffic,N/A (Group Mini-Bus),N/A (Group Mini-Bus),From Rs. 17 / KM (7-Seater),From Rs. 25 / KM (12-Seater),7 Seater: Rs. 17/km up to 26 Seater: Rs. 34/km,Min 300 KM / Day billing rule,Rs. 500 / Day,"Tolls, Parking & State Tax Extra",https://www.agrashivtourandtravels.com/agra-to-naigaon-tempo-traveller/
agra-to-naini-tempo-traveller,Agra,Naini,Agra -> Pan-India Long Distance (Tempo Traveller),Tempo Traveller Rental,tempo_traveller,Per actual route,Varies by traffic,N/A (Group Mini-Bus),N/A (Group Mini-Bus),From Rs. 17 / KM (7-Seater),From Rs. 25 / KM (12-Seater),7 Seater: Rs. 17/km up to 26 Seater: Rs. 34/km,Min 300 KM / Day billing rule,Rs. 500 / Day,"Tolls, Parking & State Tax Extra",https://www.agrashivtourandtravels.com/agra-to-naini-tempo-traveller/
agra-to-nainital-tempo-traveller,Agra,Nainital,Agra -> Pan-India Long Distance (Tempo Traveller),Tempo Traveller Rental,tempo_traveller,Per actual route,Varies by traffic,N/A (Group Mini-Bus),N/A (Group Mini-Bus),From Rs. 17 / KM (7-Seater),From Rs. 25 / KM (12-Seater),7 Seater: Rs. 17/km up to 26 Seater: Rs. 34/km,Min 300 KM / Day billing rule,Rs. 500 / Day,"Tolls, Parking & State Tax Extra",https://www.agrashivtourandtravels.com/agra-to-nainital-tempo-traveller/
agra-to-nainpur-junction-tempo-traveller,Agra,Nainpur Junction,Agra -> Pan-India Long Distance (Tempo Traveller),Tempo Traveller Rental,tempo_traveller,Per actual route,Varies by traffic,N/A (Group Mini-Bus),N/A (Group Mini-Bus),From Rs. 17 / KM (7-Seater),From Rs. 25 / KM (12-Seater),7 Seater: Rs. 17/km up to 26 Seater: Rs. 34/km,Min 300 KM / Day billing rule,Rs. 500 / Day,"Tolls, Parking & State Tax Extra",https://www.agrashivtourandtravels.com/agra-to-nainpur-junction-tempo-traveller/
agra-to-najibabad-tempo-traveller,Agra,Najibabad,Agra -> Pan-India Long Distance (Tempo Traveller),Tempo Traveller Rental,tempo_traveller,Per actual route,Varies by traffic,N/A (Group Mini-Bus),N/A (Group Mini-Bus),From Rs. 17 / KM (7-Seater),From Rs. 25 / KM (12-Seater),7 Seater: Rs. 17/km up to 26 Seater: Rs. 34/km,Min 300 KM / Day billing rule,Rs. 500 / Day,"Tolls, Parking & State Tax Extra",https://www.agrashivtourandtravels.com/agra-to-najibabad-tempo-traveller/
agra-university-to-chandigarh-taxi-services,Agra University,Chandigarh,Agra (Localities) -> Chandigarh,Outstation Taxi,day_package_120km,450 km,7 to 8 hours,"Rs. 2,200 (120 KM)","Rs. 2,800 (120 KM)","Rs. 3,000 (120 KM)","Rs. 3,600 (120 KM)",Extra KM: Hatch/Sedan: Rs. 10/km | SUV: Rs. 14/km | Innova: Rs. 16/km,Standard Day Package (120 KM limit),Included for 1-day trip,Included in package,https://www.agrashivtourandtravels.com/agra-university-to-chandigarh-taxi-services/
agwar-agra-to-chandigarh-taxi-services,Agwar Agra,Chandigarh,Agra (Localities) -> Chandigarh,Outstation Taxi,day_package_120km,450 km,7 to 8 hours,"Rs. 2,200 (120 KM)","Rs. 2,800 (120 KM)","Rs. 3,000 (120 KM)","Rs. 3,600 (120 KM)",Extra KM: Hatch/Sedan: Rs. 10/km | SUV: Rs. 14/km | Innova: Rs. 16/km,Standard Day Package (120 KM limit),Included for 1-day trip,Included in package,https://www.agrashivtourandtravels.com/agwar-agra-to-chandigarh-taxi-services/
aharan-agra-to-chandigarh-taxi-services,Aharan Agra,Chandigarh,Agra (Localities) -> Chandigarh,Outstation Taxi,day_package_120km,450 km,7 to 8 hours,"Rs. 2,200 (120 KM)","Rs. 2,800 (120 KM)","Rs. 3,000 (120 KM)","Rs. 3,600 (120 KM)",Extra KM: Hatch/Sedan: Rs. 10/km | SUV: Rs. 14/km | Innova: Rs. 16/km,Standard Day Package (120 KM limit),Included for 1-day trip,Included in package,https://www.agrashivtourandtravels.com/aharan-agra-to-chandigarh-taxi-services/
air-force-gurgaon-to-agra-taxi,Air Force Gurgaon,Agra,Delhi / Gurgaon (NCR) -> Agra,Outstation Taxi,one_way_and_round_trip,Per actual route,Varies by traffic,"Rs. 2,500","Rs. 2,900","Rs. 4,200","Rs. 4,800",Hatchback: Rs. 9/km | Sedan: Rs. 10/km | SUV: Rs. 14/km | Innova: Rs. 16/km,"Hatchback: Rs. 5,000 | Sedan: Rs. 6,000 | SUV: Rs. 8,000 | Innova: Rs. 9,400",Included in fixed fare,Included in quoted fare,https://www.agrashivtourandtravels.com/air-force-gurgaon-to-agra-taxi/
akhabai-kiraoli-agra-to-chandigarh-taxi-services,Akhabai Kiraoli Agra,Chandigarh,Agra (Localities) -> Chandigarh,Outstation Taxi,day_package_120km,450 km,7 to 8 hours,"Rs. 2,200 (120 KM)","Rs. 2,800 (120 KM)","Rs. 3,000 (120 KM)","Rs. 3,600 (120 KM)",Extra KM: Hatch/Sedan: Rs. 10/km | SUV: Rs. 14/km | Innova: Rs. 16/km,Standard Day Package (120 KM limit),Included for 1-day trip,Included in package,https://www.agrashivtourandtravels.com/akhabai-kiraoli-agra-to-chandigarh-taxi-services/
akhabai-to-haridwar-taxi-services,Akhabai,Haridwar,Agra (Localities) -> Haridwar,Outstation Taxi,day_package_120km,Per actual route,Varies by traffic,"Rs. 2,200 (120 KM)","Rs. 2,800 (120 KM)","Rs. 3,000 (120 KM)","Rs. 3,600 (120 KM)",Extra KM: Hatch/Sedan: Rs. 10/km | SUV: Rs. 14/km | Innova: Rs. 16/km,Standard Day Package (120 KM limit),Included for 1-day trip,Included in package,https://www.agrashivtourandtravels.com/akhabai-to-haridwar-taxi-services/
akhera-gurgaon-to-agra-taxi,Akhera Gurgaon,Agra,Delhi / Gurgaon (NCR) -> Agra,Outstation Taxi,one_way_and_round_trip,Per actual route,Varies by traffic,"Rs. 2,500","Rs. 2,900","Rs. 4,200","Rs. 4,800",Hatchback: Rs. 9/km | Sedan: Rs. 10/km | SUV: Rs. 14/km | Innova: Rs. 16/km,"Hatchback: Rs. 5,000 | Sedan: Rs. 6,000 | SUV: Rs. 8,000 | Innova: Rs. 9,400",Included in fixed fare,Included in quoted fare,https://www.agrashivtourandtravels.com/akhera-gurgaon-to-agra-taxi/
akola-agra-to-chandigarh-taxi-services,Akola Agra,Chandigarh,Agra (Localities) -> Chandigarh,Outstation Taxi,day_package_120km,450 km,7 to 8 hours,"Rs. 2,200 (120 KM)","Rs. 2,800 (120 KM)","Rs. 3,000 (120 KM)","Rs. 3,600 (120 KM)",Extra KM: Hatch/Sedan: Rs. 10/km | SUV: Rs. 14/km | Innova: Rs. 16/km,Standard Day Package (120 KM limit),Included for 1-day trip,Included in package,https://www.agrashivtourandtravels.com/akola-agra-to-chandigarh-taxi-services/
akola-to-haridwar-taxi-services,Akola,Haridwar,Agra (Localities) -> Haridwar,Outstation Taxi,day_package_120km,Per actual route,Varies by traffic,"Rs. 2,200 (120 KM)","Rs. 2,800 (120 KM)","Rs. 3,000 (120 KM)","Rs. 3,600 (120 KM)",Extra KM: Hatch/Sedan: Rs. 10/km | SUV: Rs. 14/km | Innova: Rs. 16/km,Standard Day Package (120 KM limit),Included for 1-day trip,Included in package,https://www.agrashivtourandtravels.com/akola-to-haridwar-taxi-services/
aliganj-delhi-to-mathura-taxi,Aliganj Delhi,Mathura,Delhi -> Mathura,Outstation Taxi,one_way_and_round_trip,Per actual route,Varies by traffic,"Rs. 2,500","Rs. 2,900","Rs. 4,200","Rs. 4,800",Hatchback: Rs. 9/km | Sedan: Rs. 10/km | SUV: Rs. 14/km | Innova: Rs. 16/km,"Hatchback: Rs. 5,000 | Sedan: Rs. 6,000 | SUV: Rs. 8,000 | Innova: Rs. 9,400",Included in fixed fare,Included in quoted fare,https://www.agrashivtourandtravels.com/aliganj-delhi-to-mathura-taxi/
alipur-delhi-to-mathura-taxi,Alipur Delhi,Mathura,Delhi -> Mathura,Outstation Taxi,one_way_and_round_trip,Per actual route,Varies by traffic,"Rs. 2,500","Rs. 2,900","Rs. 4,200","Rs. 4,800",Hatchback: Rs. 9/km | Sedan: Rs. 10/km | SUV: Rs. 14/km | Innova: Rs. 16/km,"Hatchback: Rs. 5,000 | Sedan: Rs. 6,000 | SUV: Rs. 8,000 | Innova: Rs. 9,400",Included in fixed fare,Included in quoted fare,https://www.agrashivtourandtravels.com/alipur-delhi-to-mathura-taxi/
amar-colony-delhi-to-mathura-taxi,Amar Colony Delhi,Mathura,Delhi -> Mathura,Outstation Taxi,one_way_and_round_trip,Per actual route,Varies by traffic,"Rs. 2,500","Rs. 2,900","Rs. 4,200","Rs. 4,800",Hatchback: Rs. 9/km | Sedan: Rs. 10/km | SUV: Rs. 14/km | Innova: Rs. 16/km,"Hatchback: Rs. 5,000 | Sedan: Rs. 6,000 | SUV: Rs. 8,000 | Innova: Rs. 9,400",Included in fixed fare,Included in quoted fare,https://www.agrashivtourandtravels.com/amar-colony-delhi-to-mathura-taxi/
ambedkar-nagar-delhi-to-mathura-taxi,Ambedkar Nagar Delhi,Mathura,Delhi -> Mathura,Outstation Taxi,one_way_and_round_trip,Per actual route,Varies by traffic,"Rs. 2,500","Rs. 2,900","Rs. 4,200","Rs. 4,800",Hatchback: Rs. 9/km | Sedan: Rs. 10/km | SUV: Rs. 14/km | Innova: Rs. 16/km,"Hatchback: Rs. 5,000 | Sedan: Rs. 6,000 | SUV: Rs. 8,000 | Innova: Rs. 9,400",Included in fixed fare,Included in quoted fare,https://www.agrashivtourandtravels.com/ambedkar-nagar-delhi-to-mathura-taxi/
ambrohi-delhi-to-mathura-taxi,Ambrohi Delhi,Mathura,Delhi -> Mathura,Outstation Taxi,one_way_and_round_trip,Per actual route,Varies by traffic,"Rs. 2,500","Rs. 2,900","Rs. 4,200","Rs. 4,800",Hatchback: Rs. 9/km | Sedan: Rs. 10/km | SUV: Rs. 14/km | Innova: Rs. 16/km,"Hatchback: Rs. 5,000 | Sedan: Rs. 6,000 | SUV: Rs. 8,000 | Innova: Rs. 9,400",Included in fixed fare,Included in quoted fare,https://www.agrashivtourandtravels.com/ambrohi-delhi-to-mathura-taxi/
amrit-kaur-market-delhi-to-mathura-taxi,Amrit Kaur Market Delhi,Mathura,Delhi -> Mathura,Outstation Taxi,one_way_and_round_trip,Per actual route,Varies by traffic,"Rs. 2,500","Rs. 2,900","Rs. 4,200","Rs. 4,800",Hatchback: Rs. 9/km | Sedan: Rs. 10/km | SUV: Rs. 14/km | Innova: Rs. 16/km,"Hatchback: Rs. 5,000 | Sedan: Rs. 6,000 | SUV: Rs. 8,000 | Innova: Rs. 9,400",Included in fixed fare,Included in quoted fare,https://www.agrashivtourandtravels.com/amrit-kaur-market-delhi-to-mathura-taxi/
anand-nagar-delhi-to-mathura-taxi,Anand Nagar Delhi,Mathura,Delhi -> Mathura,Outstation Taxi,one_way_and_round_trip,Per actual route,Varies by traffic,"Rs. 2,500","Rs. 2,900","Rs. 4,200","Rs. 4,800",Hatchback: Rs. 9/km | Sedan: Rs. 10/km | SUV: Rs. 14/km | Innova: Rs. 16/km,"Hatchback: Rs. 5,000 | Sedan: Rs. 6,000 | SUV: Rs. 8,000 | Innova: Rs. 9,400",Included in fixed fare,Included in quoted fare,https://www.agrashivtourandtravels.com/anand-nagar-delhi-to-mathura-taxi/
anand-niketan-delhi-to-mathura-taxi,Anand Niketan Delhi,Mathura,Delhi -> Mathura,Outstation Taxi,one_way_and_round_trip,Per actual route,Varies by traffic,"Rs. 2,500","Rs. 2,900","Rs. 4,200","Rs. 4,800",Hatchback: Rs. 9/km | Sedan: Rs. 10/km | SUV: Rs. 14/km | Innova: Rs. 16/km,"Hatchback: Rs. 5,000 | Sedan: Rs. 6,000 | SUV: Rs. 8,000 | Innova: Rs. 9,400",Included in fixed fare,Included in quoted fare,https://www.agrashivtourandtravels.com/anand-niketan-delhi-to-mathura-taxi/
anand-parbat-delhi-to-mathura-taxi,Anand Parbat Delhi,Mathura,Delhi -> Mathura,Outstation Taxi,one_way_and_round_trip,Per actual route,Varies by traffic,"Rs. 2,500","Rs. 2,900","Rs. 4,200","Rs. 4,800",Hatchback: Rs. 9/km | Sedan: Rs. 10/km | SUV: Rs. 14/km | Innova: Rs. 16/km,"Hatchback: Rs. 5,000 | Sedan: Rs. 6,000 | SUV: Rs. 8,000 | Innova: Rs. 9,400",Included in fixed fare,Included in quoted fare,https://www.agrashivtourandtravels.com/anand-parbat-delhi-to-mathura-taxi/
anandvas-shakurpur-delhi-to-mathura-taxi,Anandvas Shakurpur Delhi,Mathura,Delhi -> Mathura,Outstation Taxi,one_way_and_round_trip,Per actual route,Varies by traffic,"Rs. 2,500","Rs. 2,900","Rs. 4,200","Rs. 4,800",Hatchback: Rs. 9/km | Sedan: Rs. 10/km | SUV: Rs. 14/km | Innova: Rs. 16/km,"Hatchback: Rs. 5,000 | Sedan: Rs. 6,000 | SUV: Rs. 8,000 | Innova: Rs. 9,400",Included in fixed fare,Included in quoted fare,https://www.agrashivtourandtravels.com/anandvas-shakurpur-delhi-to-mathura-taxi/
anarkali-delhi-to-mathura-taxi,Anarkali Delhi,Mathura,Delhi -> Mathura,Outstation Taxi,one_way_and_round_trip,Per actual route,Varies by traffic,"Rs. 2,500","Rs. 2,900","Rs. 4,200","Rs. 4,800",Hatchback: Rs. 9/km | Sedan: Rs. 10/km | SUV: Rs. 14/km | Innova: Rs. 16/km,"Hatchback: Rs. 5,000 | Sedan: Rs. 6,000 | SUV: Rs. 8,000 | Innova: Rs. 9,400",Included in fixed fare,Included in quoted fare,https://www.agrashivtourandtravels.com/anarkali-delhi-to-mathura-taxi/
andrews-ganj-delhi-to-mathura-taxi,Andrews Ganj Delhi,Mathura,Delhi -> Mathura,Outstation Taxi,one_way_and_round_trip,Per actual route,Varies by traffic,"Rs. 2,500","Rs. 2,900","Rs. 4,200","Rs. 4,800",Hatchback: Rs. 9/km | Sedan: Rs. 10/km | SUV: Rs. 14/km | Innova: Rs. 16/km,"Hatchback: Rs. 5,000 | Sedan: Rs. 6,000 | SUV: Rs. 8,000 | Innova: Rs. 9,400",Included in fixed fare,Included in quoted fare,https://www.agrashivtourandtravels.com/andrews-ganj-delhi-to-mathura-taxi/
ansari-road-delhi-to-mathura-taxi,Ansari Road Delhi,Mathura,Delhi -> Mathura,Outstation Taxi,one_way_and_round_trip,Per actual route,Varies by traffic,"Rs. 2,500","Rs. 2,900","Rs. 4,200","Rs. 4,800",Hatchback: Rs. 9/km | Sedan: Rs. 10/km | SUV: Rs. 14/km | Innova: Rs. 16/km,"Hatchback: Rs. 5,000 | Sedan: Rs. 6,000 | SUV: Rs. 8,000 | Innova: Rs. 9,400",Included in fixed fare,Included in quoted fare,https://www.agrashivtourandtravels.com/ansari-road-delhi-to-mathura-taxi/
anwal-khera-etmadpur-agra-to-chandigarh-taxi-services,Anwal Khera Etmadpur Agra,Chandigarh,Agra (Localities) -> Chandigarh,Outstation Taxi,day_package_120km,450 km,7 to 8 hours,"Rs. 2,200 (120 KM)","Rs. 2,800 (120 KM)","Rs. 3,000 (120 KM)","Rs. 3,600 (120 KM)",Extra KM: Hatch/Sedan: Rs. 10/km | SUV: Rs. 14/km | Innova: Rs. 16/km,Standard Day Package (120 KM limit),Included for 1-day trip,Included in package,https://www.agrashivtourandtravels.com/anwal-khera-etmadpur-agra-to-chandigarh-taxi-services/
anwal-khera-to-haridwar-taxi-services,Anwal Khera,Haridwar,Agra (Localities) -> Haridwar,Outstation Taxi,day_package_120km,Per actual route,Varies by traffic,"Rs. 2,200 (120 KM)","Rs. 2,800 (120 KM)","Rs. 3,000 (120 KM)","Rs. 3,600 (120 KM)",Extra KM: Hatch/Sedan: Rs. 10/km | SUV: Rs. 14/km | Innova: Rs. 16/km,Standard Day Package (120 KM limit),Included for 1-day trip,Included in package,https://www.agrashivtourandtravels.com/anwal-khera-to-haridwar-taxi-services/
arela-agra-to-chandigarh-taxi-services,Arela Agra,Chandigarh,Agra (Localities) -> Chandigarh,Outstation Taxi,day_package_120km,450 km,7 to 8 hours,"Rs. 2,200 (120 KM)","Rs. 2,800 (120 KM)","Rs. 3,000 (120 KM)","Rs. 3,600 (120 KM)",Extra KM: Hatch/Sedan: Rs. 10/km | SUV: Rs. 14/km | Innova: Rs. 16/km,Standard Day Package (120 KM limit),Included for 1-day trip,Included in package,https://www.agrashivtourandtravels.com/arela-agra-to-chandigarh-taxi-services/
arela-to-haridwar-taxi-services,Arela,Haridwar,Agra (Localities) -> Haridwar,Outstation Taxi,day_package_120km,Per actual route,Varies by traffic,"Rs. 2,200 (120 KM)","Rs. 2,800 (120 KM)","Rs. 3,000 (120 KM)","Rs. 3,600 (120 KM)",Extra KM: Hatch/Sedan: Rs. 10/km | SUV: Rs. 14/km | Innova: Rs. 16/km,Standard Day Package (120 KM limit),Included for 1-day trip,Included in package,https://www.agrashivtourandtravels.com/arela-to-haridwar-taxi-services/
arhera-kiraoli-agra-to-chandigarh-taxi-services,Arhera Kiraoli Agra,Chandigarh,Agra (Localities) -> Chandigarh,Outstation Taxi,day_package_120km,450 km,7 to 8 hours,"Rs. 2,200 (120 KM)","Rs. 2,800 (120 KM)","Rs. 3,000 (120 KM)","Rs. 3,600 (120 KM)",Extra KM: Hatch/Sedan: Rs. 10/km | SUV: Rs. 14/km | Innova: Rs. 16/km,Standard Day Package (120 KM limit),Included for 1-day trip,Included in package,https://www.agrashivtourandtravels.com/arhera-kiraoli-agra-to-chandigarh-taxi-services/
arhera-to-haridwar-taxi-services,Arhera,Haridwar,Agra (Localities) -> Haridwar,Outstation Taxi,day_package_120km,Per actual route,Varies by traffic,"Rs. 2,200 (120 KM)","Rs. 2,800 (120 KM)","Rs. 3,000 (120 KM)","Rs. 3,600 (120 KM)",Extra KM: Hatch/Sedan: Rs. 10/km | SUV: Rs. 14/km | Innova: Rs. 16/km,Standard Day Package (120 KM limit),Included for 1-day trip,Included in package,https://www.agrashivtourandtravels.com/arhera-to-haridwar-taxi-services/
arjan-garh-delhi-to-mathura-taxi,Arjan Garh Delhi,Mathura,Delhi -> Mathura,Outstation Taxi,one_way_and_round_trip,Per actual route,Varies by traffic,"Rs. 2,500","Rs. 2,900","Rs. 4,200","Rs. 4,800",Hatchback: Rs. 9/km | Sedan: Rs. 10/km | SUV: Rs. 14/km | Innova: Rs. 16/km,"Hatchback: Rs. 5,000 | Sedan: Rs. 6,000 | SUV: Rs. 8,000 | Innova: Rs. 9,400",Included in fixed fare,Included in quoted fare,https://www.agrashivtourandtravels.com/arjan-garh-delhi-to-mathura-taxi/
arjun-nagar-gurgaon-to-agra-taxi,Arjun Nagar Gurgaon,Agra,Delhi / Gurgaon (NCR) -> Agra,Outstation Taxi,one_way_and_round_trip,Per actual route,Varies by traffic,"Rs. 2,500","Rs. 2,900","Rs. 4,200","Rs. 4,800",Hatchback: Rs. 9/km | Sedan: Rs. 10/km | SUV: Rs. 14/km | Innova: Rs. 16/km,"Hatchback: Rs. 5,000 | Sedan: Rs. 6,000 | SUV: Rs. 8,000 | Innova: Rs. 9,400",Included in fixed fare,Included in quoted fare,https://www.agrashivtourandtravels.com/arjun-nagar-gurgaon-to-agra-taxi/
army-base-delhi-to-mathura-taxi,Army Base Delhi,Mathura,Delhi -> Mathura,Outstation Taxi,one_way_and_round_trip,Per actual route,Varies by traffic,"Rs. 2,500","Rs. 2,900","Rs. 4,200","Rs. 4,800",Hatchback: Rs. 9/km | Sedan: Rs. 10/km | SUV: Rs. 14/km | Innova: Rs. 16/km,"Hatchback: Rs. 5,000 | Sedan: Rs. 6,000 | SUV: Rs. 8,000 | Innova: Rs. 9,400",Included in fixed fare,Included in quoted fare,https://www.agrashivtourandtravels.com/army-base-delhi-to-mathura-taxi/
arnota-bah-agra-to-chandigarh-taxi-services,Arnota Bah Agra,Chandigarh,Agra (Localities) -> Chandigarh,Outstation Taxi,day_package_120km,450 km,7 to 8 hours,"Rs. 2,200 (120 KM)","Rs. 2,800 (120 KM)","Rs. 3,000 (120 KM)","Rs. 3,600 (120 KM)",Extra KM: Hatch/Sedan: Rs. 10/km | SUV: Rs. 14/km | Innova: Rs. 16/km,Standard Day Package (120 KM limit),Included for 1-day trip,Included in package,https://www.agrashivtourandtravels.com/arnota-bah-agra-to-chandigarh-taxi-services/
arnota-to-haridwar-taxi-services,Arnota,Haridwar,Agra (Localities) -> Haridwar,Outstation Taxi,day_package_120km,Per actual route,Varies by traffic,"Rs. 2,200 (120 KM)","Rs. 2,800 (120 KM)","Rs. 3,000 (120 KM)","Rs. 3,600 (120 KM)",Extra KM: Hatch/Sedan: Rs. 10/km | SUV: Rs. 14/km | Innova: Rs. 16/km,Standard Day Package (120 KM limit),Included for 1-day trip,Included in package,https://www.agrashivtourandtravels.com/arnota-to-haridwar-taxi-services/
arrua-khas-agra-to-chandigarh-taxi-services,Arrua Khas Agra,Chandigarh,Agra (Localities) -> Chandigarh,Outstation Taxi,day_package_120km,450 km,7 to 8 hours,"Rs. 2,200 (120 KM)","Rs. 2,800 (120 KM)","Rs. 3,000 (120 KM)","Rs. 3,600 (120 KM)",Extra KM: Hatch/Sedan: Rs. 10/km | SUV: Rs. 14/km | Innova: Rs. 16/km,Standard Day Package (120 KM limit),Included for 1-day trip,Included in package,https://www.agrashivtourandtravels.com/arrua-khas-agra-to-chandigarh-taxi-services/
arrua-khas-to-haridwar-taxi-services,Arrua Khas,Haridwar,Agra (Localities) -> Haridwar,Outstation Taxi,day_package_120km,Per actual route,Varies by traffic,"Rs. 2,200 (120 KM)","Rs. 2,800 (120 KM)","Rs. 3,000 (120 KM)","Rs. 3,600 (120 KM)",Extra KM: Hatch/Sedan: Rs. 10/km | SUV: Rs. 14/km | Innova: Rs. 16/km,Standard Day Package (120 KM limit),Included for 1-day trip,Included in package,https://www.agrashivtourandtravels.com/arrua-khas-to-haridwar-taxi-services/
arsena-agra-to-chandigarh-taxi-services,Arsena Agra,Chandigarh,Agra (Localities) -> Chandigarh,Outstation Taxi,day_package_120km,450 km,7 to 8 hours,"Rs. 2,200 (120 KM)","Rs. 2,800 (120 KM)","Rs. 3,000 (120 KM)","Rs. 3,600 (120 KM)",Extra KM: Hatch/Sedan: Rs. 10/km | SUV: Rs. 14/km | Innova: Rs. 16/km,Standard Day Package (120 KM limit),Included for 1-day trip,Included in package,https://www.agrashivtourandtravels.com/arsena-agra-to-chandigarh-taxi-services/
arsena-to-haridwar-taxi-services,Arsena,Haridwar,Agra (Localities) -> Haridwar,Outstation Taxi,day_package_120km,Per actual route,Varies by traffic,"Rs. 2,200 (120 KM)","Rs. 2,800 (120 KM)","Rs. 3,000 (120 KM)","Rs. 3,600 (120 KM)",Extra KM: Hatch/Sedan: Rs. 10/km | SUV: Rs. 14/km | Innova: Rs. 16/km,Standard Day Package (120 KM limit),Included for 1-day trip,Included in package,https://www.agrashivtourandtravels.com/arsena-to-haridwar-taxi-services/
artoni-agra-to-chandigarh-taxi-services,Artoni Agra,Chandigarh,Agra (Localities) -> Chandigarh,Outstation Taxi,day_package_120km,450 km,7 to 8 hours,"Rs. 2,200 (120 KM)","Rs. 2,800 (120 KM)","Rs. 3,000 (120 KM)","Rs. 3,600 (120 KM)",Extra KM: Hatch/Sedan: Rs. 10/km | SUV: Rs. 14/km | Innova: Rs. 16/km,Standard Day Package (120 KM limit),Included for 1-day trip,Included in package,https://www.agrashivtourandtravels.com/artoni-agra-to-chandigarh-taxi-services/
artoni-to-haridwar-taxi-services,Artoni,Haridwar,Agra (Localities) -> Haridwar,Outstation Taxi,day_package_120km,Per actual route,Varies by traffic,"Rs. 2,200 (120 KM)","Rs. 2,800 (120 KM)","Rs. 3,000 (120 KM)","Rs. 3,600 (120 KM)",Extra KM: Hatch/Sedan: Rs. 10/km | SUV: Rs. 14/km | Innova: Rs. 16/km,Standard Day Package (120 KM limit),Included for 1-day trip,Included in package,https://www.agrashivtourandtravels.com/artoni-to-haridwar-taxi-services/
ashok-nagar-delhi-to-mathura-taxi,Ashok Nagar Delhi,Mathura,Delhi -> Mathura,Outstation Taxi,one_way_and_round_trip,Per actual route,Varies by traffic,"Rs. 2,500","Rs. 2,900","Rs. 4,200","Rs. 4,800",Hatchback: Rs. 9/km | Sedan: Rs. 10/km | SUV: Rs. 14/km | Innova: Rs. 16/km,"Hatchback: Rs. 5,000 | Sedan: Rs. 6,000 | SUV: Rs. 8,000 | Innova: Rs. 9,400",Included in fixed fare,Included in quoted fare,https://www.agrashivtourandtravels.com/ashok-nagar-delhi-to-mathura-taxi/
ashok-vihar-h-o-delhi-to-mathura-taxi,Ashok Vihar H O Delhi,Mathura,Delhi -> Mathura,Outstation Taxi,one_way_and_round_trip,Per actual route,Varies by traffic,"Rs. 2,500","Rs. 2,900","Rs. 4,200","Rs. 4,800",Hatchback: Rs. 9/km | Sedan: Rs. 10/km | SUV: Rs. 14/km | Innova: Rs. 16/km,"Hatchback: Rs. 5,000 | Sedan: Rs. 6,000 | SUV: Rs. 8,000 | Innova: Rs. 9,400",Included in fixed fare,Included in quoted fare,https://www.agrashivtourandtravels.com/ashok-vihar-h-o-delhi-to-mathura-taxi/
ashoka-hotel-delhi-to-mathura-taxi,Ashoka Hotel Delhi,Mathura,Delhi -> Mathura,Outstation Taxi,one_way_and_round_trip,Per actual route,Varies by traffic,"Rs. 2,500","Rs. 2,900","Rs. 4,200","Rs. 4,800",Hatchback: Rs. 9/km | Sedan: Rs. 10/km | SUV: Rs. 14/km | Innova: Rs. 16/km,"Hatchback: Rs. 5,000 | Sedan: Rs. 6,000 | SUV: Rs. 8,000 | Innova: Rs. 9,400",Included in fixed fare,Included in quoted fare,https://www.agrashivtourandtravels.com/ashoka-hotel-delhi-to-mathura-taxi/
ashram-delhi-to-mathura-taxi,Ashram Delhi,Mathura,Delhi -> Mathura,Outstation Taxi,one_way_and_round_trip,Per actual route,Varies by traffic,"Rs. 2,500","Rs. 2,900","Rs. 4,200","Rs. 4,800",Hatchback: Rs. 9/km | Sedan: Rs. 10/km | SUV: Rs. 14/km | Innova: Rs. 16/km,"Hatchback: Rs. 5,000 | Sedan: Rs. 6,000 | SUV: Rs. 8,000 | Innova: Rs. 9,400",Included in fixed fare,Included in quoted fare,https://www.agrashivtourandtravels.com/ashram-delhi-to-mathura-taxi/
asian-games-village-delhi-to-mathura-taxi,Asian Games Village Delhi,Mathura,Delhi -> Mathura,Outstation Taxi,one_way_and_round_trip,Per actual route,Varies by traffic,"Rs. 2,500","Rs. 2,900","Rs. 4,200","Rs. 4,800",Hatchback: Rs. 9/km | Sedan: Rs. 10/km | SUV: Rs. 14/km | Innova: Rs. 16/km,"Hatchback: Rs. 5,000 | Sedan: Rs. 6,000 | SUV: Rs. 8,000 | Innova: Rs. 9,400",Included in fixed fare,Included in quoted fare,https://www.agrashivtourandtravels.com/asian-games-village-delhi-to-mathura-taxi/
atoos-agra-to-chandigarh-taxi-services,Atoos Agra,Chandigarh,Agra (Localities) -> Chandigarh,Outstation Taxi,day_package_120km,450 km,7 to 8 hours,"Rs. 2,200 (120 KM)","Rs. 2,800 (120 KM)","Rs. 3,000 (120 KM)","Rs. 3,600 (120 KM)",Extra KM: Hatch/Sedan: Rs. 10/km | SUV: Rs. 14/km | Innova: Rs. 16/km,Standard Day Package (120 KM limit),Included for 1-day trip,Included in package,https://www.agrashivtourandtravels.com/atoos-agra-to-chandigarh-taxi-services/
atoos-to-haridwar-taxi-services,Atoos,Haridwar,Agra (Localities) -> Haridwar,Outstation Taxi,day_package_120km,Per actual route,Varies by traffic,"Rs. 2,200 (120 KM)","Rs. 2,800 (120 KM)","Rs. 3,000 (120 KM)","Rs. 3,600 (120 KM)",Extra KM: Hatch/Sedan: Rs. 10/km | SUV: Rs. 14/km | Innova: Rs. 16/km,Standard Day Package (120 KM limit),Included for 1-day trip,Included in package,https://www.agrashivtourandtravels.com/atoos-to-haridwar-taxi-services/
aulanda-agra-to-chandigarh-taxi-services,Aulanda Agra,Chandigarh,Agra (Localities) -> Chandigarh,Outstation Taxi,day_package_120km,450 km,7 to 8 hours,"Rs. 2,200 (120 KM)","Rs. 2,800 (120 KM)","Rs. 3,000 (120 KM)","Rs. 3,600 (120 KM)",Extra KM: Hatch/Sedan: Rs. 10/km | SUV: Rs. 14/km | Innova: Rs. 16/km,Standard Day Package (120 KM limit),Included for 1-day trip,Included in package,https://www.agrashivtourandtravels.com/aulanda-agra-to-chandigarh-taxi-services/
aulanda-to-haridwar-taxi-services,Aulanda,Haridwar,Agra (Localities) -> Haridwar,Outstation Taxi,day_package_120km,Per actual route,Varies by traffic,"Rs. 2,200 (120 KM)","Rs. 2,800 (120 KM)","Rs. 3,000 (120 KM)","Rs. 3,600 (120 KM)",Extra KM: Hatch/Sedan: Rs. 10/km | SUV: Rs. 14/km | Innova: Rs. 16/km,Standard Day Package (120 KM limit),Included for 1-day trip,Included in package,https://www.agrashivtourandtravels.com/aulanda-to-haridwar-taxi-services/
avas-vikas-colony-sadar-agra-to-chandigarh-taxi-services,Avas Vikas Colony Sadar Agra,Chandigarh,Agra (Localities) -> Chandigarh,Outstation Taxi,day_package_120km,450 km,7 to 8 hours,"Rs. 2,200 (120 KM)","Rs. 2,800 (120 KM)","Rs. 3,000 (120 KM)","Rs. 3,600 (120 KM)",Extra KM: Hatch/Sedan: Rs. 10/km | SUV: Rs. 14/km | Innova: Rs. 16/km,Standard Day Package (120 KM limit),Included for 1-day trip,Included in package,https://www.agrashivtourandtravels.com/avas-vikas-colony-sadar-agra-to-chandigarh-taxi-services/
ayela-agra-to-chandigarh-taxi-services,Ayela Agra,Chandigarh,Agra (Localities) -> Chandigarh,Outstation Taxi,day_package_120km,450 km,7 to 8 hours,"Rs. 2,200 (120 KM)","Rs. 2,800 (120 KM)","Rs. 3,000 (120 KM)","Rs. 3,600 (120 KM)",Extra KM: Hatch/Sedan: Rs. 10/km | SUV: Rs. 14/km | Innova: Rs. 16/km,Standard Day Package (120 KM limit),Included for 1-day trip,Included in package,https://www.agrashivtourandtravels.com/ayela-agra-to-chandigarh-taxi-services/
ayela-to-haridwar-taxi-services,Ayela,Haridwar,Agra (Localities) -> Haridwar,Outstation Taxi,day_package_120km,Per actual route,Varies by traffic,"Rs. 2,200 (120 KM)","Rs. 2,800 (120 KM)","Rs. 3,000 (120 KM)","Rs. 3,600 (120 KM)",Extra KM: Hatch/Sedan: Rs. 10/km | SUV: Rs. 14/km | Innova: Rs. 16/km,Standard Day Package (120 KM limit),Included for 1-day trip,Included in package,https://www.agrashivtourandtravels.com/ayela-to-haridwar-taxi-services/
azad-nagar-delhi-to-mathura-taxi,Azad Nagar Delhi,Mathura,Delhi -> Mathura,Outstation Taxi,one_way_and_round_trip,Per actual route,Varies by traffic,"Rs. 2,500","Rs. 2,900","Rs. 4,200","Rs. 4,800",Hatchback: Rs. 9/km | Sedan: Rs. 10/km | SUV: Rs. 14/km | Innova: Rs. 16/km,"Hatchback: Rs. 5,000 | Sedan: Rs. 6,000 | SUV: Rs. 8,000 | Innova: Rs. 9,400",Included in fixed fare,Included in quoted fare,https://www.agrashivtourandtravels.com/azad-nagar-delhi-to-mathura-taxi/
b-m-khan-agra-to-chandigarh-taxi-services,B M Khan Agra,Chandigarh,Agra (Localities) -> Chandigarh,Outstation Taxi,day_package_120km,450 km,7 to 8 hours,"Rs. 2,200 (120 KM)","Rs. 2,800 (120 KM)","Rs. 3,000 (120 KM)","Rs. 3,600 (120 KM)",Extra KM: Hatch/Sedan: Rs. 10/km | SUV: Rs. 14/km | Innova: Rs. 16/km,Standard Day Package (120 KM limit),Included for 1-day trip,Included in package,https://www.agrashivtourandtravels.com/b-m-khan-agra-to-chandigarh-taxi-services/
b-p-oilmill-agra-to-chandigarh-taxi-services,B P Oilmill Agra,Chandigarh,Agra (Localities) -> Chandigarh,Outstation Taxi,day_package_120km,450 km,7 to 8 hours,"Rs. 2,200 (120 KM)","Rs. 2,800 (120 KM)","Rs. 3,000 (120 KM)","Rs. 3,600 (120 KM)",Extra KM: Hatch/Sedan: Rs. 10/km | SUV: Rs. 14/km | Innova: Rs. 16/km,Standard Day Package (120 KM limit),Included for 1-day trip,Included in package,https://www.agrashivtourandtravels.com/b-p-oilmill-agra-to-chandigarh-taxi-services/
b-s-f-camp-tigri-delhi-to-mathura-taxi,B S F Camp Tigri Delhi,Mathura,Delhi -> Mathura,Outstation Taxi,one_way_and_round_trip,Per actual route,Varies by traffic,"Rs. 2,500","Rs. 2,900","Rs. 4,200","Rs. 4,800",Hatchback: Rs. 9/km | Sedan: Rs. 10/km | SUV: Rs. 14/km | Innova: Rs. 16/km,"Hatchback: Rs. 5,000 | Sedan: Rs. 6,000 | SUV: Rs. 8,000 | Innova: Rs. 9,400",Included in fixed fare,Included in quoted fare,https://www.agrashivtourandtravels.com/b-s-f-camp-tigri-delhi-to-mathura-taxi/
b-v-bichpuri-agra-to-chandigarh-taxi-services,B V Bichpuri Agra,Chandigarh,Agra (Localities) -> Chandigarh,Outstation Taxi,day_package_120km,450 km,7 to 8 hours,"Rs. 2,200 (120 KM)","Rs. 2,800 (120 KM)","Rs. 3,000 (120 KM)","Rs. 3,600 (120 KM)",Extra KM: Hatch/Sedan: Rs. 10/km | SUV: Rs. 14/km | Innova: Rs. 16/km,Standard Day Package (120 KM limit),Included for 1-day trip,Included in package,https://www.agrashivtourandtravels.com/b-v-bichpuri-agra-to-chandigarh-taxi-services/
badarpur-delhi-to-mathura-taxi,Badarpur Delhi,Mathura,Delhi -> Mathura,Outstation Taxi,one_way_and_round_trip,Per actual route,Varies by traffic,"Rs. 2,500","Rs. 2,900","Rs. 4,200","Rs. 4,800",Hatchback: Rs. 9/km | Sedan: Rs. 10/km | SUV: Rs. 14/km | Innova: Rs. 16/km,"Hatchback: Rs. 5,000 | Sedan: Rs. 6,000 | SUV: Rs. 8,000 | Innova: Rs. 9,400",Included in fixed fare,Included in quoted fare,https://www.agrashivtourandtravels.com/badarpur-delhi-to-mathura-taxi/
badarpur-t-p-station-delhi-to-mathura-taxi,Badarpur T P Station Delhi,Mathura,Delhi -> Mathura,Outstation Taxi,one_way_and_round_trip,Per actual route,Varies by traffic,"Rs. 2,500","Rs. 2,900","Rs. 4,200","Rs. 4,800",Hatchback: Rs. 9/km | Sedan: Rs. 10/km | SUV: Rs. 14/km | Innova: Rs. 16/km,"Hatchback: Rs. 5,000 | Sedan: Rs. 6,000 | SUV: Rs. 8,000 | Innova: Rs. 9,400",Included in fixed fare,Included in quoted fare,https://www.agrashivtourandtravels.com/badarpur-t-p-station-delhi-to-mathura-taxi/
baded-gurgaon-to-agra-taxi,Baded Gurgaon,Agra,Delhi / Gurgaon (NCR) -> Agra,Outstation Taxi,one_way_and_round_trip,Per actual route,Varies by traffic,"Rs. 2,500","Rs. 2,900","Rs. 4,200","Rs. 4,800",Hatchback: Rs. 9/km | Sedan: Rs. 10/km | SUV: Rs. 14/km | Innova: Rs. 16/km,"Hatchback: Rs. 5,000 | Sedan: Rs. 6,000 | SUV: Rs. 8,000 | Innova: Rs. 9,400",Included in fixed fare,Included in quoted fare,https://www.agrashivtourandtravels.com/baded-gurgaon-to-agra-taxi/
badli-delhi-to-mathura-taxi,Badli Delhi,Mathura,Delhi -> Mathura,Outstation Taxi,one_way_and_round_trip,Per actual route,Varies by traffic,"Rs. 2,500","Rs. 2,900","Rs. 4,200","Rs. 4,800",Hatchback: Rs. 9/km | Sedan: Rs. 10/km | SUV: Rs. 14/km | Innova: Rs. 16/km,"Hatchback: Rs. 5,000 | Sedan: Rs. 6,000 | SUV: Rs. 8,000 | Innova: Rs. 9,400",Included in fixed fare,Included in quoted fare,https://www.agrashivtourandtravels.com/badli-delhi-to-mathura-taxi/
badli-gurgaon-to-agra-taxi,Badli Gurgaon,Agra,Delhi / Gurgaon (NCR) -> Agra,Outstation Taxi,one_way_and_round_trip,Per actual route,Varies by traffic,"Rs. 2,500","Rs. 2,900","Rs. 4,200","Rs. 4,800",Hatchback: Rs. 9/km | Sedan: Rs. 10/km | SUV: Rs. 14/km | Innova: Rs. 16/km,"Hatchback: Rs. 5,000 | Sedan: Rs. 6,000 | SUV: Rs. 8,000 | Innova: Rs. 9,400",Included in fixed fare,Included in quoted fare,https://www.agrashivtourandtravels.com/badli-gurgaon-to-agra-taxi/
badshahpur-gurgaon-to-agra-taxi,Badshahpur Gurgaon,Agra,Delhi / Gurgaon (NCR) -> Agra,Outstation Taxi,one_way_and_round_trip,Per actual route,Varies by traffic,"Rs. 2,500","Rs. 2,900","Rs. 4,200","Rs. 4,800",Hatchback: Rs. 9/km | Sedan: Rs. 10/km | SUV: Rs. 14/km | Innova: Rs. 16/km,"Hatchback: Rs. 5,000 | Sedan: Rs. 6,000 | SUV: Rs. 8,000 | Innova: Rs. 9,400",Included in fixed fare,Included in quoted fare,https://www.agrashivtourandtravels.com/badshahpur-gurgaon-to-agra-taxi/
baghanki-gurgaon-to-agra-taxi,Baghanki Gurgaon,Agra,Delhi / Gurgaon (NCR) -> Agra,Outstation Taxi,one_way_and_round_trip,Per actual route,Varies by traffic,"Rs. 2,500","Rs. 2,900","Rs. 4,200","Rs. 4,800",Hatchback: Rs. 9/km | Sedan: Rs. 10/km | SUV: Rs. 14/km | Innova: Rs. 16/km,"Hatchback: Rs. 5,000 | Sedan: Rs. 6,000 | SUV: Rs. 8,000 | Innova: Rs. 9,400",Included in fixed fare,Included in quoted fare,https://www.agrashivtourandtravels.com/baghanki-gurgaon-to-agra-taxi/
bah-agra-to-chandigarh-taxi-services,Bah Agra,Chandigarh,Agra (Localities) -> Chandigarh,Outstation Taxi,day_package_120km,450 km,7 to 8 hours,"Rs. 2,200 (120 KM)","Rs. 2,800 (120 KM)","Rs. 3,000 (120 KM)","Rs. 3,600 (120 KM)",Extra KM: Hatch/Sedan: Rs. 10/km | SUV: Rs. 14/km | Innova: Rs. 16/km,Standard Day Package (120 KM limit),Included for 1-day trip,Included in package,https://www.agrashivtourandtravels.com/bah-agra-to-chandigarh-taxi-services/
bah-to-haridwar-taxi-services,Bah,Haridwar,Agra (Localities) -> Haridwar,Outstation Taxi,day_package_120km,Per actual route,Varies by traffic,"Rs. 2,200 (120 KM)","Rs. 2,800 (120 KM)","Rs. 3,000 (120 KM)","Rs. 3,600 (120 KM)",Extra KM: Hatch/Sedan: Rs. 10/km | SUV: Rs. 14/km | Innova: Rs. 16/km,Standard Day Package (120 KM limit),Included for 1-day trip,Included in package,https://www.agrashivtourandtravels.com/bah-to-haridwar-taxi-services/
baharawati-agra-to-chandigarh-taxi-services,Baharawati Agra,Chandigarh,Agra (Localities) -> Chandigarh,Outstation Taxi,day_package_120km,450 km,7 to 8 hours,"Rs. 2,200 (120 KM)","Rs. 2,800 (120 KM)","Rs. 3,000 (120 KM)","Rs. 3,600 (120 KM)",Extra KM: Hatch/Sedan: Rs. 10/km | SUV: Rs. 14/km | Innova: Rs. 16/km,Standard Day Package (120 KM limit),Included for 1-day trip,Included in package,https://www.agrashivtourandtravels.com/baharawati-agra-to-chandigarh-taxi-services/
baharawati-to-haridwar-taxi-services,Baharawati,Haridwar,Agra (Localities) -> Haridwar,Outstation Taxi,day_package_120km,Per actual route,Varies by traffic,"Rs. 2,200 (120 KM)","Rs. 2,800 (120 KM)","Rs. 3,000 (120 KM)","Rs. 3,600 (120 KM)",Extra KM: Hatch/Sedan: Rs. 10/km | SUV: Rs. 14/km | Innova: Rs. 16/km,Standard Day Package (120 KM limit),Included for 1-day trip,Included in package,https://www.agrashivtourandtravels.com/baharawati-to-haridwar-taxi-services/
bainpur-agra-to-chandigarh-taxi-services,Bainpur Agra,Chandigarh,Agra (Localities) -> Chandigarh,Outstation Taxi,day_package_120km,450 km,7 to 8 hours,"Rs. 2,200 (120 KM)","Rs. 2,800 (120 KM)","Rs. 3,000 (120 KM)","Rs. 3,600 (120 KM)",Extra KM: Hatch/Sedan: Rs. 10/km | SUV: Rs. 14/km | Innova: Rs. 16/km,Standard Day Package (120 KM limit),Included for 1-day trip,Included in package,https://www.agrashivtourandtravels.com/bainpur-agra-to-chandigarh-taxi-services/
bainpur-to-haridwar-taxi-services,Bainpur,Haridwar,Agra (Localities) -> Haridwar,Outstation Taxi,day_package_120km,Per actual route,Varies by traffic,"Rs. 2,200 (120 KM)","Rs. 2,800 (120 KM)","Rs. 3,000 (120 KM)","Rs. 3,600 (120 KM)",Extra KM: Hatch/Sedan: Rs. 10/km | SUV: Rs. 14/km | Innova: Rs. 16/km,Standard Day Package (120 KM limit),Included for 1-day trip,Included in package,https://www.agrashivtourandtravels.com/bainpur-to-haridwar-taxi-services/
bakrola-delhi-to-mathura-taxi,Bakrola Delhi,Mathura,Delhi -> Mathura,Outstation Taxi,one_way_and_round_trip,Per actual route,Varies by traffic,"Rs. 2,500","Rs. 2,900","Rs. 4,200","Rs. 4,800",Hatchback: Rs. 9/km | Sedan: Rs. 10/km | SUV: Rs. 14/km | Innova: Rs. 16/km,"Hatchback: Rs. 5,000 | Sedan: Rs. 6,000 | SUV: Rs. 8,000 | Innova: Rs. 9,400",Included in fixed fare,Included in quoted fare,https://www.agrashivtourandtravels.com/bakrola-delhi-to-mathura-taxi/
balbir-nagar-delhi-to-mathura-taxi,Balbir Nagar Delhi,Mathura,Delhi -> Mathura,Outstation Taxi,one_way_and_round_trip,Per actual route,Varies by traffic,"Rs. 2,500","Rs. 2,900","Rs. 4,200","Rs. 4,800",Hatchback: Rs. 9/km | Sedan: Rs. 10/km | SUV: Rs. 14/km | Innova: Rs. 16/km,"Hatchback: Rs. 5,000 | Sedan: Rs. 6,000 | SUV: Rs. 8,000 | Innova: Rs. 9,400",Included in fixed fare,Included in quoted fare,https://www.agrashivtourandtravels.com/balbir-nagar-delhi-to-mathura-taxi/
balu-ganj-agra-to-chandigarh-taxi-services,Balu Ganj Agra,Chandigarh,Agra (Localities) -> Chandigarh,Outstation Taxi,day_package_120km,450 km,7 to 8 hours,"Rs. 2,200 (120 KM)","Rs. 2,800 (120 KM)","Rs. 3,000 (120 KM)","Rs. 3,600 (120 KM)",Extra KM: Hatch/Sedan: Rs. 10/km | SUV: Rs. 14/km | Innova: Rs. 16/km,Standard Day Package (120 KM limit),Included for 1-day trip,Included in package,https://www.agrashivtourandtravels.com/balu-ganj-agra-to-chandigarh-taxi-services/
balu-ganj-to-haridwar-taxi-services,Balu Ganj,Haridwar,Agra (Localities) -> Haridwar,Outstation Taxi,day_package_120km,Per actual route,Varies by traffic,"Rs. 2,200 (120 KM)","Rs. 2,800 (120 KM)","Rs. 3,000 (120 KM)","Rs. 3,600 (120 KM)",Extra KM: Hatch/Sedan: Rs. 10/km | SUV: Rs. 14/km | Innova: Rs. 16/km,Standard Day Package (120 KM limit),Included for 1-day trip,Included in package,https://www.agrashivtourandtravels.com/balu-ganj-to-haridwar-taxi-services/
baman-agra-to-chandigarh-taxi-services,Baman Agra,Chandigarh,Agra (Localities) -> Chandigarh,Outstation Taxi,day_package_120km,450 km,7 to 8 hours,"Rs. 2,200 (120 KM)","Rs. 2,800 (120 KM)","Rs. 3,000 (120 KM)","Rs. 3,600 (120 KM)",Extra KM: Hatch/Sedan: Rs. 10/km | SUV: Rs. 14/km | Innova: Rs. 16/km,Standard Day Package (120 KM limit),Included for 1-day trip,Included in package,https://www.agrashivtourandtravels.com/baman-agra-to-chandigarh-taxi-services/
baman-to-haridwar-taxi-services,Baman,Haridwar,Agra (Localities) -> Haridwar,Outstation Taxi,day_package_120km,Per actual route,Varies by traffic,"Rs. 2,200 (120 KM)","Rs. 2,800 (120 KM)","Rs. 3,000 (120 KM)","Rs. 3,600 (120 KM)",Extra KM: Hatch/Sedan: Rs. 10/km | SUV: Rs. 14/km | Innova: Rs. 16/km,Standard Day Package (120 KM limit),Included for 1-day trip,Included in package,https://www.agrashivtourandtravels.com/baman-to-haridwar-taxi-services/
bamnai-kalan-agra-to-chandigarh-taxi-services,Bamnai Kalan Agra,Chandigarh,Agra (Localities) -> Chandigarh,Outstation Taxi,day_package_120km,450 km,7 to 8 hours,"Rs. 2,200 (120 KM)","Rs. 2,800 (120 KM)","Rs. 3,000 (120 KM)","Rs. 3,600 (120 KM)",Extra KM: Hatch/Sedan: Rs. 10/km | SUV: Rs. 14/km | Innova: Rs. 16/km,Standard Day Package (120 KM limit),Included for 1-day trip,Included in package,https://www.agrashivtourandtravels.com/bamnai-kalan-agra-to-chandigarh-taxi-services/
bamnai-kalan-to-haridwar-taxi-services,Bamnai Kalan,Haridwar,Agra (Localities) -> Haridwar,Outstation Taxi,day_package_120km,Per actual route,Varies by traffic,"Rs. 2,200 (120 KM)","Rs. 2,800 (120 KM)","Rs. 3,000 (120 KM)","Rs. 3,600 (120 KM)",Extra KM: Hatch/Sedan: Rs. 10/km | SUV: Rs. 14/km | Innova: Rs. 16/km,Standard Day Package (120 KM limit),Included for 1-day trip,Included in package,https://www.agrashivtourandtravels.com/bamnai-kalan-to-haridwar-taxi-services/
bamrauli-agra-to-chandigarh-taxi-services,Bamrauli Agra,Chandigarh,Agra (Localities) -> Chandigarh,Outstation Taxi,day_package_120km,450 km,7 to 8 hours,"Rs. 2,200 (120 KM)","Rs. 2,800 (120 KM)","Rs. 3,000 (120 KM)","Rs. 3,600 (120 KM)",Extra KM: Hatch/Sedan: Rs. 10/km | SUV: Rs. 14/km | Innova: Rs. 16/km,Standard Day Package (120 KM limit),Included for 1-day trip,Included in package,https://www.agrashivtourandtravels.com/bamrauli-agra-to-chandigarh-taxi-services/
bamrauli-ahir-agra-to-chandigarh-taxi-services,Bamrauli Ahir Agra,Chandigarh,Agra (Localities) -> Chandigarh,Outstation Taxi,day_package_120km,450 km,7 to 8 hours,"Rs. 2,200 (120 KM)","Rs. 2,800 (120 KM)","Rs. 3,000 (120 KM)","Rs. 3,600 (120 KM)",Extra KM: Hatch/Sedan: Rs. 10/km | SUV: Rs. 14/km | Innova: Rs. 16/km,Standard Day Package (120 KM limit),Included for 1-day trip,Included in package,https://www.agrashivtourandtravels.com/bamrauli-ahir-agra-to-chandigarh-taxi-services/
bamrauli-ahir-to-haridwar-taxi-services,Bamrauli Ahir,Haridwar,Agra (Localities) -> Haridwar,Outstation Taxi,day_package_120km,Per actual route,Varies by traffic,"Rs. 2,200 (120 KM)","Rs. 2,800 (120 KM)","Rs. 3,000 (120 KM)","Rs. 3,600 (120 KM)",Extra KM: Hatch/Sedan: Rs. 10/km | SUV: Rs. 14/km | Innova: Rs. 16/km,Standard Day Package (120 KM limit),Included for 1-day trip,Included in package,https://www.agrashivtourandtravels.com/bamrauli-ahir-to-haridwar-taxi-services/
bamrauli-katara-agra-to-chandigarh-taxi-services,Bamrauli Katara Agra,Chandigarh,Agra (Localities) -> Chandigarh,Outstation Taxi,day_package_120km,450 km,7 to 8 hours,"Rs. 2,200 (120 KM)","Rs. 2,800 (120 KM)","Rs. 3,000 (120 KM)","Rs. 3,600 (120 KM)",Extra KM: Hatch/Sedan: Rs. 10/km | SUV: Rs. 14/km | Innova: Rs. 16/km,Standard Day Package (120 KM limit),Included for 1-day trip,Included in package,https://www.agrashivtourandtravels.com/bamrauli-katara-agra-to-chandigarh-taxi-services/
bamrauli-katara-to-haridwar-taxi-services,Bamrauli Katara,Haridwar,Agra (Localities) -> Haridwar,Outstation Taxi,day_package_120km,Per actual route,Varies by traffic,"Rs. 2,200 (120 KM)","Rs. 2,800 (120 KM)","Rs. 3,000 (120 KM)","Rs. 3,600 (120 KM)",Extra KM: Hatch/Sedan: Rs. 10/km | SUV: Rs. 14/km | Innova: Rs. 16/km,Standard Day Package (120 KM limit),Included for 1-day trip,Included in package,https://www.agrashivtourandtravels.com/bamrauli-katara-to-haridwar-taxi-services/
bamrauli-to-haridwar-taxi-services,Bamrauli,Haridwar,Agra (Localities) -> Haridwar,Outstation Taxi,day_package_120km,Per actual route,Varies by traffic,"Rs. 2,200 (120 KM)","Rs. 2,800 (120 KM)","Rs. 3,000 (120 KM)","Rs. 3,600 (120 KM)",Extra KM: Hatch/Sedan: Rs. 10/km | SUV: Rs. 14/km | Innova: Rs. 16/km,Standard Day Package (120 KM limit),Included for 1-day trip,Included in package,https://www.agrashivtourandtravels.com/bamrauli-to-haridwar-taxi-services/
bank-street-delhi-to-mathura-taxi,Bank Street Delhi,Mathura,Delhi -> Mathura,Outstation Taxi,one_way_and_round_trip,Per actual route,Varies by traffic,"Rs. 2,500","Rs. 2,900","Rs. 4,200","Rs. 4,800",Hatchback: Rs. 9/km | Sedan: Rs. 10/km | SUV: Rs. 14/km | Innova: Rs. 16/km,"Hatchback: Rs. 5,000 | Sedan: Rs. 6,000 | SUV: Rs. 8,000 | Innova: Rs. 9,400",Included in fixed fare,Included in quoted fare,https://www.agrashivtourandtravels.com/bank-street-delhi-to-mathura-taxi/
bara-tooti-delhi-to-mathura-taxi,Bara Tooti Delhi,Mathura,Delhi -> Mathura,Outstation Taxi,one_way_and_round_trip,Per actual route,Varies by traffic,"Rs. 2,500","Rs. 2,900","Rs. 4,200","Rs. 4,800",Hatchback: Rs. 9/km | Sedan: Rs. 10/km | SUV: Rs. 14/km | Innova: Rs. 16/km,"Hatchback: Rs. 5,000 | Sedan: Rs. 6,000 | SUV: Rs. 8,000 | Innova: Rs. 9,400",Included in fixed fare,Included in quoted fare,https://www.agrashivtourandtravels.com/bara-tooti-delhi-to-mathura-taxi/
barara-agra-to-chandigarh-taxi-services,Barara Agra,Chandigarh,Agra (Localities) -> Chandigarh,Outstation Taxi,day_package_120km,450 km,7 to 8 hours,"Rs. 2,200 (120 KM)","Rs. 2,800 (120 KM)","Rs. 3,000 (120 KM)","Rs. 3,600 (120 KM)",Extra KM: Hatch/Sedan: Rs. 10/km | SUV: Rs. 14/km | Innova: Rs. 16/km,Standard Day Package (120 KM limit),Included for 1-day trip,Included in package,https://www.agrashivtourandtravels.com/barara-agra-to-chandigarh-taxi-services/
barara-to-haridwar-taxi-services,Barara,Haridwar,Agra (Localities) -> Haridwar,Outstation Taxi,day_package_120km,Per actual route,Varies by traffic,"Rs. 2,200 (120 KM)","Rs. 2,800 (120 KM)","Rs. 3,000 (120 KM)","Rs. 3,600 (120 KM)",Extra KM: Hatch/Sedan: Rs. 10/km | SUV: Rs. 14/km | Innova: Rs. 16/km,Standard Day Package (120 KM limit),Included for 1-day trip,Included in package,https://www.agrashivtourandtravels.com/barara-to-haridwar-taxi-services/
barauli-ahir-agra-to-chandigarh-taxi-services,Barauli Ahir Agra,Chandigarh,Agra (Localities) -> Chandigarh,Outstation Taxi,day_package_120km,450 km,7 to 8 hours,"Rs. 2,200 (120 KM)","Rs. 2,800 (120 KM)","Rs. 3,000 (120 KM)","Rs. 3,600 (120 KM)",Extra KM: Hatch/Sedan: Rs. 10/km | SUV: Rs. 14/km | Innova: Rs. 16/km,Standard Day Package (120 KM limit),Included for 1-day trip,Included in package,https://www.agrashivtourandtravels.com/barauli-ahir-agra-to-chandigarh-taxi-services/
barauli-ahir-to-haridwar-taxi-services,Barauli Ahir,Haridwar,Agra (Localities) -> Haridwar,Outstation Taxi,day_package_120km,Per actual route,Varies by traffic,"Rs. 2,200 (120 KM)","Rs. 2,800 (120 KM)","Rs. 3,000 (120 KM)","Rs. 3,600 (120 KM)",Extra KM: Hatch/Sedan: Rs. 10/km | SUV: Rs. 14/km | Innova: Rs. 16/km,Standard Day Package (120 KM limit),Included for 1-day trip,Included in package,https://www.agrashivtourandtravels.com/barauli-ahir-to-haridwar-taxi-services/
barauli-gujar-agra-to-chandigarh-taxi-services,Barauli Gujar Agra,Chandigarh,Agra (Localities) -> Chandigarh,Outstation Taxi,day_package_120km,450 km,7 to 8 hours,"Rs. 2,200 (120 KM)","Rs. 2,800 (120 KM)","Rs. 3,000 (120 KM)","Rs. 3,600 (120 KM)",Extra KM: Hatch/Sedan: Rs. 10/km | SUV: Rs. 14/km | Innova: Rs. 16/km,Standard Day Package (120 KM limit),Included for 1-day trip,Included in package,https://www.agrashivtourandtravels.com/barauli-gujar-agra-to-chandigarh-taxi-services/
barauli-gujar-to-haridwar-taxi-services,Barauli Gujar,Haridwar,Agra (Localities) -> Haridwar,Outstation Taxi,day_package_120km,Per actual route,Varies by traffic,"Rs. 2,200 (120 KM)","Rs. 2,800 (120 KM)","Rs. 3,000 (120 KM)","Rs. 3,600 (120 KM)",Extra KM: Hatch/Sedan: Rs. 10/km | SUV: Rs. 14/km | Innova: Rs. 16/km,Standard Day Package (120 KM limit),Included for 1-day trip,Included in package,https://www.agrashivtourandtravels.com/barauli-gujar-to-haridwar-taxi-services/
barenda-bah-agra-to-chandigarh-taxi-services,Barenda Bah Agra,Chandigarh,Agra (Localities) -> Chandigarh,Outstation Taxi,day_package_120km,450 km,7 to 8 hours,"Rs. 2,200 (120 KM)","Rs. 2,800 (120 KM)","Rs. 3,000 (120 KM)","Rs. 3,600 (120 KM)",Extra KM: Hatch/Sedan: Rs. 10/km | SUV: Rs. 14/km | Innova: Rs. 16/km,Standard Day Package (120 KM limit),Included for 1-day trip,Included in package,https://www.agrashivtourandtravels.com/barenda-bah-agra-to-chandigarh-taxi-services/
barenda-to-haridwar-taxi-services,Barenda,Haridwar,Agra (Localities) -> Haridwar,Outstation Taxi,day_package_120km,Per actual route,Varies by traffic,"Rs. 2,200 (120 KM)","Rs. 2,800 (120 KM)","Rs. 3,000 (120 KM)","Rs. 3,600 (120 KM)",Extra KM: Hatch/Sedan: Rs. 10/km | SUV: Rs. 14/km | Innova: Rs. 16/km,Standard Day Package (120 KM limit),Included for 1-day trip,Included in package,https://www.agrashivtourandtravels.com/barenda-to-haridwar-taxi-services/
barhan-etmadpur-agra-to-chandigarh-taxi-services,Barhan Etmadpur Agra,Chandigarh,Agra (Localities) -> Chandigarh,Outstation Taxi,day_package_120km,450 km,7 to 8 hours,"Rs. 2,200 (120 KM)","Rs. 2,800 (120 KM)","Rs. 3,000 (120 KM)","Rs. 3,600 (120 KM)",Extra KM: Hatch/Sedan: Rs. 10/km | SUV: Rs. 14/km | Innova: Rs. 16/km,Standard Day Package (120 KM limit),Included for 1-day trip,Included in package,https://www.agrashivtourandtravels.com/barhan-etmadpur-agra-to-chandigarh-taxi-services/
barhan-to-haridwar-taxi-services,Barhan,Haridwar,Agra (Localities) -> Haridwar,Outstation Taxi,day_package_120km,Per actual route,Varies by traffic,"Rs. 2,200 (120 KM)","Rs. 2,800 (120 KM)","Rs. 3,000 (120 KM)","Rs. 3,600 (120 KM)",Extra KM: Hatch/Sedan: Rs. 10/km | SUV: Rs. 14/km | Innova: Rs. 16/km,Standard Day Package (120 KM limit),Included for 1-day trip,Included in package,https://www.agrashivtourandtravels.com/barhan-to-haridwar-taxi-services/
barobara-khurd-agra-to-chandigarh-taxi-services,Barobara Khurd Agra,Chandigarh,Agra (Localities) -> Chandigarh,Outstation Taxi,day_package_120km,450 km,7 to 8 hours,"Rs. 2,200 (120 KM)","Rs. 2,800 (120 KM)","Rs. 3,000 (120 KM)","Rs. 3,600 (120 KM)",Extra KM: Hatch/Sedan: Rs. 10/km | SUV: Rs. 14/km | Innova: Rs. 16/km,Standard Day Package (120 KM limit),Included for 1-day trip,Included in package,https://www.agrashivtourandtravels.com/barobara-khurd-agra-to-chandigarh-taxi-services/
barobara-khurd-to-haridwar-taxi-services,Barobara Khurd,Haridwar,Agra (Localities) -> Haridwar,Outstation Taxi,day_package_120km,Per actual route,Varies by traffic,"Rs. 2,200 (120 KM)","Rs. 2,800 (120 KM)","Rs. 3,000 (120 KM)","Rs. 3,600 (120 KM)",Extra KM: Hatch/Sedan: Rs. 10/km | SUV: Rs. 14/km | Innova: Rs. 16/km,Standard Day Package (120 KM limit),Included for 1-day trip,Included in package,https://www.agrashivtourandtravels.com/barobara-khurd-to-haridwar-taxi-services/
barwar-kheragarh-agra-to-chandigarh-taxi-services,Barwar Kheragarh Agra,Chandigarh,Agra (Localities) -> Chandigarh,Outstation Taxi,day_package_120km,450 km,7 to 8 hours,"Rs. 2,200 (120 KM)","Rs. 2,800 (120 KM)","Rs. 3,000 (120 KM)","Rs. 3,600 (120 KM)",Extra KM: Hatch/Sedan: Rs. 10/km | SUV: Rs. 14/km | Innova: Rs. 16/km,Standard Day Package (120 KM limit),Included for 1-day trip,Included in package,https://www.agrashivtourandtravels.com/barwar-kheragarh-agra-to-chandigarh-taxi-services/
barwar-to-haridwar-taxi-services,Barwar,Haridwar,Agra (Localities) -> Haridwar,Outstation Taxi,day_package_120km,Per actual route,Varies by traffic,"Rs. 2,200 (120 KM)","Rs. 2,800 (120 KM)","Rs. 3,000 (120 KM)","Rs. 3,600 (120 KM)",Extra KM: Hatch/Sedan: Rs. 10/km | SUV: Rs. 14/km | Innova: Rs. 16/km,Standard Day Package (120 KM limit),Included for 1-day trip,Included in package,https://www.agrashivtourandtravels.com/barwar-to-haridwar-taxi-services/
basai-gurgaon-to-agra-taxi,Basai Gurgaon,Agra,Delhi / Gurgaon (NCR) -> Agra,Outstation Taxi,one_way_and_round_trip,Per actual route,Varies by traffic,"Rs. 2,500","Rs. 2,900","Rs. 4,200","Rs. 4,800",Hatchback: Rs. 9/km | Sedan: Rs. 10/km | SUV: Rs. 14/km | Innova: Rs. 16/km,"Hatchback: Rs. 5,000 | Sedan: Rs. 6,000 | SUV: Rs. 8,000 | Innova: Rs. 9,400",Included in fixed fare,Included in quoted fare,https://www.agrashivtourandtravels.com/basai-gurgaon-to-agra-taxi/
basai-jagner-keragarh-agra-to-chandigarh-taxi-services,Basai Jagner Keragarh Agra,Chandigarh,Agra (Localities) -> Chandigarh,Outstation Taxi,day_package_120km,450 km,7 to 8 hours,"Rs. 2,200 (120 KM)","Rs. 2,800 (120 KM)","Rs. 3,000 (120 KM)","Rs. 3,600 (120 KM)",Extra KM: Hatch/Sedan: Rs. 10/km | SUV: Rs. 14/km | Innova: Rs. 16/km,Standard Day Package (120 KM limit),Included for 1-day trip,Included in package,https://www.agrashivtourandtravels.com/basai-jagner-keragarh-agra-to-chandigarh-taxi-services/
basai-jagner-to-haridwar-taxi-services,Basai Jagner,Haridwar,Agra (Localities) -> Haridwar,Outstation Taxi,day_package_120km,Per actual route,Varies by traffic,"Rs. 2,200 (120 KM)","Rs. 2,800 (120 KM)","Rs. 3,000 (120 KM)","Rs. 3,600 (120 KM)",Extra KM: Hatch/Sedan: Rs. 10/km | SUV: Rs. 14/km | Innova: Rs. 16/km,Standard Day Package (120 KM limit),Included for 1-day trip,Included in package,https://www.agrashivtourandtravels.com/basai-jagner-to-haridwar-taxi-services/
basai-road-gurgaon-to-agra-taxi,Basai Road Gurgaon,Agra,Delhi / Gurgaon (NCR) -> Agra,Outstation Taxi,one_way_and_round_trip,Per actual route,Varies by traffic,"Rs. 2,500","Rs. 2,900","Rs. 4,200","Rs. 4,800",Hatchback: Rs. 9/km | Sedan: Rs. 10/km | SUV: Rs. 14/km | Innova: Rs. 16/km,"Hatchback: Rs. 5,000 | Sedan: Rs. 6,000 | SUV: Rs. 8,000 | Innova: Rs. 9,400",Included in fixed fare,Included in quoted fare,https://www.agrashivtourandtravels.com/basai-road-gurgaon-to-agra-taxi/
baseri-chahar-agra-to-chandigarh-taxi-services,Baseri Chahar Agra,Chandigarh,Agra (Localities) -> Chandigarh,Outstation Taxi,day_package_120km,450 km,7 to 8 hours,"Rs. 2,200 (120 KM)","Rs. 2,800 (120 KM)","Rs. 3,000 (120 KM)","Rs. 3,600 (120 KM)",Extra KM: Hatch/Sedan: Rs. 10/km | SUV: Rs. 14/km | Innova: Rs. 16/km,Standard Day Package (120 KM limit),Included for 1-day trip,Included in package,https://www.agrashivtourandtravels.com/baseri-chahar-agra-to-chandigarh-taxi-services/
baseri-chahar-to-haridwar-taxi-services,Baseri Chahar,Haridwar,Agra (Localities) -> Haridwar,Outstation Taxi,day_package_120km,Per actual route,Varies by traffic,"Rs. 2,200 (120 KM)","Rs. 2,800 (120 KM)","Rs. 3,000 (120 KM)","Rs. 3,600 (120 KM)",Extra KM: Hatch/Sedan: Rs. 10/km | SUV: Rs. 14/km | Innova: Rs. 16/km,Standard Day Package (120 KM limit),Included for 1-day trip,Included in package,https://www.agrashivtourandtravels.com/baseri-chahar-to-haridwar-taxi-services/
baseri-kazi-kiraoli-agra-to-chandigarh-taxi-services,Baseri Kazi Kiraoli Agra,Chandigarh,Agra (Localities) -> Chandigarh,Outstation Taxi,day_package_120km,450 km,7 to 8 hours,"Rs. 2,200 (120 KM)","Rs. 2,800 (120 KM)","Rs. 3,000 (120 KM)","Rs. 3,600 (120 KM)",Extra KM: Hatch/Sedan: Rs. 10/km | SUV: Rs. 14/km | Innova: Rs. 16/km,Standard Day Package (120 KM limit),Included for 1-day trip,Included in package,https://www.agrashivtourandtravels.com/baseri-kazi-kiraoli-agra-to-chandigarh-taxi-services/
baseri-kazi-to-haridwar-taxi-services,Baseri Kazi,Haridwar,Agra (Localities) -> Haridwar,Outstation Taxi,day_package_120km,Per actual route,Varies by traffic,"Rs. 2,200 (120 KM)","Rs. 2,800 (120 KM)","Rs. 3,000 (120 KM)","Rs. 3,600 (120 KM)",Extra KM: Hatch/Sedan: Rs. 10/km | SUV: Rs. 14/km | Innova: Rs. 16/km,Standard Day Package (120 KM limit),Included for 1-day trip,Included in package,https://www.agrashivtourandtravels.com/baseri-kazi-to-haridwar-taxi-services/
baslambi-gurgaon-to-agra-taxi,Baslambi Gurgaon,Agra,Delhi / Gurgaon (NCR) -> Agra,Outstation Taxi,one_way_and_round_trip,Per actual route,Varies by traffic,"Rs. 2,500","Rs. 2,900","Rs. 4,200","Rs. 4,800",Hatchback: Rs. 9/km | Sedan: Rs. 10/km | SUV: Rs. 14/km | Innova: Rs. 16/km,"Hatchback: Rs. 5,000 | Sedan: Rs. 6,000 | SUV: Rs. 8,000 | Innova: Rs. 9,400",Included in fixed fare,Included in quoted fare,https://www.agrashivtourandtravels.com/baslambi-gurgaon-to-agra-taxi/
basona-agra-to-chandigarh-taxi-services,Basona Agra,Chandigarh,Agra (Localities) -> Chandigarh,Outstation Taxi,day_package_120km,450 km,7 to 8 hours,"Rs. 2,200 (120 KM)","Rs. 2,800 (120 KM)","Rs. 3,000 (120 KM)","Rs. 3,600 (120 KM)",Extra KM: Hatch/Sedan: Rs. 10/km | SUV: Rs. 14/km | Innova: Rs. 16/km,Standard Day Package (120 KM limit),Included for 1-day trip,Included in package,https://www.agrashivtourandtravels.com/basona-agra-to-chandigarh-taxi-services/
basona-to-haridwar-taxi-services,Basona,Haridwar,Agra (Localities) -> Haridwar,Outstation Taxi,day_package_120km,Per actual route,Varies by traffic,"Rs. 2,200 (120 KM)","Rs. 2,800 (120 KM)","Rs. 3,000 (120 KM)","Rs. 3,600 (120 KM)",Extra KM: Hatch/Sedan: Rs. 10/km | SUV: Rs. 14/km | Innova: Rs. 16/km,Standard Day Package (120 KM limit),Included for 1-day trip,Included in package,https://www.agrashivtourandtravels.com/basona-to-haridwar-taxi-services/
basoni-bah-agra-to-chandigarh-taxi-services,Basoni Bah Agra,Chandigarh,Agra (Localities) -> Chandigarh,Outstation Taxi,day_package_120km,450 km,7 to 8 hours,"Rs. 2,200 (120 KM)","Rs. 2,800 (120 KM)","Rs. 3,000 (120 KM)","Rs. 3,600 (120 KM)",Extra KM: Hatch/Sedan: Rs. 10/km | SUV: Rs. 14/km | Innova: Rs. 16/km,Standard Day Package (120 KM limit),Included for 1-day trip,Included in package,https://www.agrashivtourandtravels.com/basoni-bah-agra-to-chandigarh-taxi-services/
basoni-to-haridwar-taxi-services,Basoni,Haridwar,Agra (Localities) -> Haridwar,Outstation Taxi,day_package_120km,Per actual route,Varies by traffic,"Rs. 2,200 (120 KM)","Rs. 2,800 (120 KM)","Rs. 3,000 (120 KM)","Rs. 3,600 (120 KM)",Extra KM: Hatch/Sedan: Rs. 10/km | SUV: Rs. 14/km | Innova: Rs. 16/km,Standard Day Package (120 KM limit),Included for 1-day trip,Included in package,https://www.agrashivtourandtravels.com/basoni-to-haridwar-taxi-services/
baspadamka-gurgaon-to-agra-taxi,Baspadamka Gurgaon,Agra,Delhi / Gurgaon (NCR) -> Agra,Outstation Taxi,one_way_and_round_trip,Per actual route,Varies by traffic,"Rs. 2,500","Rs. 2,900","Rs. 4,200","Rs. 4,800",Hatchback: Rs. 9/km | Sedan: Rs. 10/km | SUV: Rs. 14/km | Innova: Rs. 16/km,"Hatchback: Rs. 5,000 | Sedan: Rs. 6,000 | SUV: Rs. 8,000 | Innova: Rs. 9,400",Included in fixed fare,Included in quoted fare,https://www.agrashivtourandtravels.com/baspadamka-gurgaon-to-agra-taxi/
bateshwar-agra-to-chandigarh-taxi-services,Bateshwar Agra,Chandigarh,Agra (Localities) -> Chandigarh,Outstation Taxi,day_package_120km,450 km,7 to 8 hours,"Rs. 2,200 (120 KM)","Rs. 2,800 (120 KM)","Rs. 3,000 (120 KM)","Rs. 3,600 (120 KM)",Extra KM: Hatch/Sedan: Rs. 10/km | SUV: Rs. 14/km | Innova: Rs. 16/km,Standard Day Package (120 KM limit),Included for 1-day trip,Included in package,https://www.agrashivtourandtravels.com/bateshwar-agra-to-chandigarh-taxi-services/
bateshwar-to-haridwar-taxi-services,Bateshwar,Haridwar,Agra (Localities) -> Haridwar,Outstation Taxi,day_package_120km,Per actual route,Varies by traffic,"Rs. 2,200 (120 KM)","Rs. 2,800 (120 KM)","Rs. 3,000 (120 KM)","Rs. 3,600 (120 KM)",Extra KM: Hatch/Sedan: Rs. 10/km | SUV: Rs. 14/km | Innova: Rs. 16/km,Standard Day Package (120 KM limit),Included for 1-day trip,Included in package,https://www.agrashivtourandtravels.com/bateshwar-to-haridwar-taxi-services/
bawana-delhi-to-mathura-taxi,Bawana Delhi,Mathura,Delhi -> Mathura,Outstation Taxi,one_way_and_round_trip,Per actual route,Varies by traffic,"Rs. 2,500","Rs. 2,900","Rs. 4,200","Rs. 4,800",Hatchback: Rs. 9/km | Sedan: Rs. 10/km | SUV: Rs. 14/km | Innova: Rs. 16/km,"Hatchback: Rs. 5,000 | Sedan: Rs. 6,000 | SUV: Rs. 8,000 | Innova: Rs. 9,400",Included in fixed fare,Included in quoted fare,https://www.agrashivtourandtravels.com/bawana-delhi-to-mathura-taxi/
bazar-road-delhi-to-mathura-taxi,Bazar Road Delhi,Mathura,Delhi -> Mathura,Outstation Taxi,one_way_and_round_trip,Per actual route,Varies by traffic,"Rs. 2,500","Rs. 2,900","Rs. 4,200","Rs. 4,800",Hatchback: Rs. 9/km | Sedan: Rs. 10/km | SUV: Rs. 14/km | Innova: Rs. 16/km,"Hatchback: Rs. 5,000 | Sedan: Rs. 6,000 | SUV: Rs. 8,000 | Innova: Rs. 9,400",Included in fixed fare,Included in quoted fare,https://www.agrashivtourandtravels.com/bazar-road-delhi-to-mathura-taxi/
behrampur-etmadpur-agra-to-chandigarh-taxi-services,Behrampur Etmadpur Agra,Chandigarh,Agra (Localities) -> Chandigarh,Outstation Taxi,day_package_120km,450 km,7 to 8 hours,"Rs. 2,200 (120 KM)","Rs. 2,800 (120 KM)","Rs. 3,000 (120 KM)","Rs. 3,600 (120 KM)",Extra KM: Hatch/Sedan: Rs. 10/km | SUV: Rs. 14/km | Innova: Rs. 16/km,Standard Day Package (120 KM limit),Included for 1-day trip,Included in package,https://www.agrashivtourandtravels.com/behrampur-etmadpur-agra-to-chandigarh-taxi-services/
behrampur-to-haridwar-taxi-services,Behrampur,Haridwar,Agra (Localities) -> Haridwar,Outstation Taxi,day_package_120km,Per actual route,Varies by traffic,"Rs. 2,200 (120 KM)","Rs. 2,800 (120 KM)","Rs. 3,000 (120 KM)","Rs. 3,600 (120 KM)",Extra KM: Hatch/Sedan: Rs. 10/km | SUV: Rs. 14/km | Innova: Rs. 16/km,Standard Day Package (120 KM limit),Included for 1-day trip,Included in package,https://www.agrashivtourandtravels.com/behrampur-to-haridwar-taxi-services/
belan-ganj-to-haridwar-taxi-services,Belan Ganj,Haridwar,Agra (Localities) -> Haridwar,Outstation Taxi,day_package_120km,Per actual route,Varies by traffic,"Rs. 2,200 (120 KM)","Rs. 2,800 (120 KM)","Rs. 3,000 (120 KM)","Rs. 3,600 (120 KM)",Extra KM: Hatch/Sedan: Rs. 10/km | SUV: Rs. 14/km | Innova: Rs. 16/km,Standard Day Package (120 KM limit),Included for 1-day trip,Included in package,https://www.agrashivtourandtravels.com/belan-ganj-to-haridwar-taxi-services/
beman-agra-to-chandigarh-taxi-services,Beman Agra,Chandigarh,Agra (Localities) -> Chandigarh,Outstation Taxi,day_package_120km,450 km,7 to 8 hours,"Rs. 2,200 (120 KM)","Rs. 2,800 (120 KM)","Rs. 3,000 (120 KM)","Rs. 3,600 (120 KM)",Extra KM: Hatch/Sedan: Rs. 10/km | SUV: Rs. 14/km | Innova: Rs. 16/km,Standard Day Package (120 KM limit),Included for 1-day trip,Included in package,https://www.agrashivtourandtravels.com/beman-agra-to-chandigarh-taxi-services/
beman-to-haridwar-taxi-services,Beman,Haridwar,Agra (Localities) -> Haridwar,Outstation Taxi,day_package_120km,Per actual route,Varies by traffic,"Rs. 2,200 (120 KM)","Rs. 2,800 (120 KM)","Rs. 3,000 (120 KM)","Rs. 3,600 (120 KM)",Extra KM: Hatch/Sedan: Rs. 10/km | SUV: Rs. 14/km | Innova: Rs. 16/km,Standard Day Package (120 KM limit),Included for 1-day trip,Included in package,https://www.agrashivtourandtravels.com/beman-to-haridwar-taxi-services/
berichahar-kheragarh-agra-to-chandigarh-taxi-services,Berichahar Kheragarh Agra,Chandigarh,Agra (Localities) -> Chandigarh,Outstation Taxi,day_package_120km,450 km,7 to 8 hours,"Rs. 2,200 (120 KM)","Rs. 2,800 (120 KM)","Rs. 3,000 (120 KM)","Rs. 3,600 (120 KM)",Extra KM: Hatch/Sedan: Rs. 10/km | SUV: Rs. 14/km | Innova: Rs. 16/km,Standard Day Package (120 KM limit),Included for 1-day trip,Included in package,https://www.agrashivtourandtravels.com/berichahar-kheragarh-agra-to-chandigarh-taxi-services/
berichahar-to-haridwar-taxi-services,Berichahar,Haridwar,Agra (Localities) -> Haridwar,Outstation Taxi,day_package_120km,Per actual route,Varies by traffic,"Rs. 2,200 (120 KM)","Rs. 2,800 (120 KM)","Rs. 3,000 (120 KM)","Rs. 3,600 (120 KM)",Extra KM: Hatch/Sedan: Rs. 10/km | SUV: Rs. 14/km | Innova: Rs. 16/km,Standard Day Package (120 KM limit),Included for 1-day trip,Included in package,https://www.agrashivtourandtravels.com/berichahar-to-haridwar-taxi-services/
best-places-to-visit-in-manali-hire-outstation-taxi,Best Places,Visit In Manali Hire Outstation,"Curated Tour Packages (Agra, Jaipur, Delhi, Bharatpur)",Outstation Taxi,custom_or_hourly,Per actual route,Varies by traffic,N/A,N/A,N/A,N/A,N/A,N/A,N/A,N/A,https://www.agrashivtourandtravels.com/best-places-to-visit-in-manali-hire-outstation-taxi/
bewan-gurgaon-to-agra-taxi,Bewan Gurgaon,Agra,Delhi / Gurgaon (NCR) -> Agra,Outstation Taxi,one_way_and_round_trip,Per actual route,Varies by traffic,"Rs. 2,500","Rs. 2,900","Rs. 4,200","Rs. 4,800",Hatchback: Rs. 9/km | Sedan: Rs. 10/km | SUV: Rs. 14/km | Innova: Rs. 16/km,"Hatchback: Rs. 5,000 | Sedan: Rs. 6,000 | SUV: Rs. 8,000 | Innova: Rs. 9,400",Included in fixed fare,Included in quoted fare,https://www.agrashivtourandtravels.com/bewan-gurgaon-to-agra-taxi/
bhadas-gurgaon-to-agra-taxi,Bhadas Gurgaon,Agra,Delhi / Gurgaon (NCR) -> Agra,Outstation Taxi,one_way_and_round_trip,Per actual route,Varies by traffic,"Rs. 2,500","Rs. 2,900","Rs. 4,200","Rs. 4,800",Hatchback: Rs. 9/km | Sedan: Rs. 10/km | SUV: Rs. 14/km | Innova: Rs. 16/km,"Hatchback: Rs. 5,000 | Sedan: Rs. 6,000 | SUV: Rs. 8,000 | Innova: Rs. 9,400",Included in fixed fare,Included in quoted fare,https://www.agrashivtourandtravels.com/bhadas-gurgaon-to-agra-taxi/
bhadrauli-agra-to-chandigarh-taxi-services,Bhadrauli Agra,Chandigarh,Agra (Localities) -> Chandigarh,Outstation Taxi,day_package_120km,450 km,7 to 8 hours,"Rs. 2,200 (120 KM)","Rs. 2,800 (120 KM)","Rs. 3,000 (120 KM)","Rs. 3,600 (120 KM)",Extra KM: Hatch/Sedan: Rs. 10/km | SUV: Rs. 14/km | Innova: Rs. 16/km,Standard Day Package (120 KM limit),Included for 1-day trip,Included in package,https://www.agrashivtourandtravels.com/bhadrauli-agra-to-chandigarh-taxi-services/
bhadrauli-to-haridwar-taxi-services,Bhadrauli,Haridwar,Agra (Localities) -> Haridwar,Outstation Taxi,day_package_120km,Per actual route,Varies by traffic,"Rs. 2,200 (120 KM)","Rs. 2,800 (120 KM)","Rs. 3,000 (120 KM)","Rs. 3,600 (120 KM)",Extra KM: Hatch/Sedan: Rs. 10/km | SUV: Rs. 14/km | Innova: Rs. 16/km,Standard Day Package (120 KM limit),Included for 1-day trip,Included in package,https://www.agrashivtourandtravels.com/bhadrauli-to-haridwar-taxi-services/
bhagupur-etmadpur-agra-to-chandigarh-taxi-services,Bhagupur Etmadpur Agra,Chandigarh,Agra (Localities) -> Chandigarh,Outstation Taxi,day_package_120km,450 km,7 to 8 hours,"Rs. 2,200 (120 KM)","Rs. 2,800 (120 KM)","Rs. 3,000 (120 KM)","Rs. 3,600 (120 KM)",Extra KM: Hatch/Sedan: Rs. 10/km | SUV: Rs. 14/km | Innova: Rs. 16/km,Standard Day Package (120 KM limit),Included for 1-day trip,Included in package,https://www.agrashivtourandtravels.com/bhagupur-etmadpur-agra-to-chandigarh-taxi-services/
bhagupur-to-haridwar-taxi-services,Bhagupur,Haridwar,Agra (Localities) -> Haridwar,Outstation Taxi,day_package_120km,Per actual route,Varies by traffic,"Rs. 2,200 (120 KM)","Rs. 2,800 (120 KM)","Rs. 3,000 (120 KM)","Rs. 3,600 (120 KM)",Extra KM: Hatch/Sedan: Rs. 10/km | SUV: Rs. 14/km | Innova: Rs. 16/km,Standard Day Package (120 KM limit),Included for 1-day trip,Included in package,https://www.agrashivtourandtravels.com/bhagupur-to-haridwar-taxi-services/
bhaiparma-nand-nagar-delhi-to-mathura-taxi,Bhaiparma Nand Nagar Delhi,Mathura,Delhi -> Mathura,Outstation Taxi,one_way_and_round_trip,Per actual route,Varies by traffic,"Rs. 2,500","Rs. 2,900","Rs. 4,200","Rs. 4,800",Hatchback: Rs. 9/km | Sedan: Rs. 10/km | SUV: Rs. 14/km | Innova: Rs. 16/km,"Hatchback: Rs. 5,000 | Sedan: Rs. 6,000 | SUV: Rs. 8,000 | Innova: Rs. 9,400",Included in fixed fare,Included in quoted fare,https://www.agrashivtourandtravels.com/bhaiparma-nand-nagar-delhi-to-mathura-taxi/
bhajan-pura-delhi-to-mathura-taxi,Bhajan Pura Delhi,Mathura,Delhi -> Mathura,Outstation Taxi,one_way_and_round_trip,Per actual route,Varies by traffic,"Rs. 2,500","Rs. 2,900","Rs. 4,200","Rs. 4,800",Hatchback: Rs. 9/km | Sedan: Rs. 10/km | SUV: Rs. 14/km | Innova: Rs. 16/km,"Hatchback: Rs. 5,000 | Sedan: Rs. 6,000 | SUV: Rs. 8,000 | Innova: Rs. 9,400",Included in fixed fare,Included in quoted fare,https://www.agrashivtourandtravels.com/bhajan-pura-delhi-to-mathura-taxi/
bhajanpuri-delhi-to-mathura-taxi,Bhajanpuri Delhi,Mathura,Delhi -> Mathura,Outstation Taxi,one_way_and_round_trip,Per actual route,Varies by traffic,"Rs. 2,500","Rs. 2,900","Rs. 4,200","Rs. 4,800",Hatchback: Rs. 9/km | Sedan: Rs. 10/km | SUV: Rs. 14/km | Innova: Rs. 16/km,"Hatchback: Rs. 5,000 | Sedan: Rs. 6,000 | SUV: Rs. 8,000 | Innova: Rs. 9,400",Included in fixed fare,Included in quoted fare,https://www.agrashivtourandtravels.com/bhajanpuri-delhi-to-mathura-taxi/
bhakar-agra-to-chandigarh-taxi-services,Bhakar Agra,Chandigarh,Agra (Localities) -> Chandigarh,Outstation Taxi,day_package_120km,450 km,7 to 8 hours,"Rs. 2,200 (120 KM)","Rs. 2,800 (120 KM)","Rs. 3,000 (120 KM)","Rs. 3,600 (120 KM)",Extra KM: Hatch/Sedan: Rs. 10/km | SUV: Rs. 14/km | Innova: Rs. 16/km,Standard Day Package (120 KM limit),Included for 1-day trip,Included in package,https://www.agrashivtourandtravels.com/bhakar-agra-to-chandigarh-taxi-services/
bhakar-to-haridwar-taxi-services,Bhakar,Haridwar,Agra (Localities) -> Haridwar,Outstation Taxi,day_package_120km,Per actual route,Varies by traffic,"Rs. 2,200 (120 KM)","Rs. 2,800 (120 KM)","Rs. 3,000 (120 KM)","Rs. 3,600 (120 KM)",Extra KM: Hatch/Sedan: Rs. 10/km | SUV: Rs. 14/km | Innova: Rs. 16/km,Standard Day Package (120 KM limit),Included for 1-day trip,Included in package,https://www.agrashivtourandtravels.com/bhakar-to-haridwar-taxi-services/
bhalokhara-bah-agra-to-chandigarh-taxi-services,Bhalokhara Bah Agra,Chandigarh,Agra (Localities) -> Chandigarh,Outstation Taxi,day_package_120km,450 km,7 to 8 hours,"Rs. 2,200 (120 KM)","Rs. 2,800 (120 KM)","Rs. 3,000 (120 KM)","Rs. 3,600 (120 KM)",Extra KM: Hatch/Sedan: Rs. 10/km | SUV: Rs. 14/km | Innova: Rs. 16/km,Standard Day Package (120 KM limit),Included for 1-day trip,Included in package,https://www.agrashivtourandtravels.com/bhalokhara-bah-agra-to-chandigarh-taxi-services/
bhalokhara-to-haridwar-taxi-services,Bhalokhara,Haridwar,Agra (Localities) -> Haridwar,Outstation Taxi,day_package_120km,Per actual route,Varies by traffic,"Rs. 2,200 (120 KM)","Rs. 2,800 (120 KM)","Rs. 3,000 (120 KM)","Rs. 3,600 (120 KM)",Extra KM: Hatch/Sedan: Rs. 10/km | SUV: Rs. 14/km | Innova: Rs. 16/km,Standard Day Package (120 KM limit),Included for 1-day trip,Included in package,https://www.agrashivtourandtravels.com/bhalokhara-to-haridwar-taxi-services/
bhangrola-gurgaon-to-agra-taxi,Bhangrola Gurgaon,Agra,Delhi / Gurgaon (NCR) -> Agra,Outstation Taxi,one_way_and_round_trip,Per actual route,Varies by traffic,"Rs. 2,500","Rs. 2,900","Rs. 4,200","Rs. 4,800",Hatchback: Rs. 9/km | Sedan: Rs. 10/km | SUV: Rs. 14/km | Innova: Rs. 16/km,"Hatchback: Rs. 5,000 | Sedan: Rs. 6,000 | SUV: Rs. 8,000 | Innova: Rs. 9,400",Included in fixed fare,Included in quoted fare,https://www.agrashivtourandtravels.com/bhangrola-gurgaon-to-agra-taxi/
bhara-kheragarh-agra-to-chandigarh-taxi-services,Bhara Kheragarh Agra,Chandigarh,Agra (Localities) -> Chandigarh,Outstation Taxi,day_package_120km,450 km,7 to 8 hours,"Rs. 2,200 (120 KM)","Rs. 2,800 (120 KM)","Rs. 3,000 (120 KM)","Rs. 3,600 (120 KM)",Extra KM: Hatch/Sedan: Rs. 10/km | SUV: Rs. 14/km | Innova: Rs. 16/km,Standard Day Package (120 KM limit),Included for 1-day trip,Included in package,https://www.agrashivtourandtravels.com/bhara-kheragarh-agra-to-chandigarh-taxi-services/
bhara-to-haridwar-taxi-services,Bhara,Haridwar,Agra (Localities) -> Haridwar,Outstation Taxi,day_package_120km,Per actual route,Varies by traffic,"Rs. 2,200 (120 KM)","Rs. 2,800 (120 KM)","Rs. 3,000 (120 KM)","Rs. 3,600 (120 KM)",Extra KM: Hatch/Sedan: Rs. 10/km | SUV: Rs. 14/km | Innova: Rs. 16/km,Standard Day Package (120 KM limit),Included for 1-day trip,Included in package,https://www.agrashivtourandtravels.com/bhara-to-haridwar-taxi-services/
bharat-nagar-delhi-to-mathura-taxi,Bharat Nagar Delhi,Mathura,Delhi -> Mathura,Outstation Taxi,one_way_and_round_trip,Per actual route,Varies by traffic,"Rs. 2,500","Rs. 2,900","Rs. 4,200","Rs. 4,800",Hatchback: Rs. 9/km | Sedan: Rs. 10/km | SUV: Rs. 14/km | Innova: Rs. 16/km,"Hatchback: Rs. 5,000 | Sedan: Rs. 6,000 | SUV: Rs. 8,000 | Innova: Rs. 9,400",Included in fixed fare,Included in quoted fare,https://www.agrashivtourandtravels.com/bharat-nagar-delhi-to-mathura-taxi/
bharatpur-a-place-full-of-life-nature,General,General,Other Regional Routes & Informational Hubs,Special Service / Information Page,custom_or_hourly,Per actual route,Varies by traffic,N/A,N/A,N/A,N/A,N/A,N/A,N/A,N/A,https://www.agrashivtourandtravels.com/bharatpur-a-place-full-of-life-nature/
bharkol-kiraoli-agra-to-chandigarh-taxi-services,Bharkol Kiraoli Agra,Chandigarh,Agra (Localities) -> Chandigarh,Outstation Taxi,day_package_120km,450 km,7 to 8 hours,"Rs. 2,200 (120 KM)","Rs. 2,800 (120 KM)","Rs. 3,000 (120 KM)","Rs. 3,600 (120 KM)",Extra KM: Hatch/Sedan: Rs. 10/km | SUV: Rs. 14/km | Innova: Rs. 16/km,Standard Day Package (120 KM limit),Included for 1-day trip,Included in package,https://www.agrashivtourandtravels.com/bharkol-kiraoli-agra-to-chandigarh-taxi-services/
bharkol-to-haridwar-taxi-services,Bharkol,Haridwar,Agra (Localities) -> Haridwar,Outstation Taxi,day_package_120km,Per actual route,Varies by traffic,"Rs. 2,200 (120 KM)","Rs. 2,800 (120 KM)","Rs. 3,000 (120 KM)","Rs. 3,600 (120 KM)",Extra KM: Hatch/Sedan: Rs. 10/km | SUV: Rs. 14/km | Innova: Rs. 16/km,Standard Day Package (120 KM limit),Included for 1-day trip,Included in package,https://www.agrashivtourandtravels.com/bharkol-to-haridwar-taxi-services/
bhilawali-agra-to-chandigarh-taxi-services,Bhilawali Agra,Chandigarh,Agra (Localities) -> Chandigarh,Outstation Taxi,day_package_120km,450 km,7 to 8 hours,"Rs. 2,200 (120 KM)","Rs. 2,800 (120 KM)","Rs. 3,000 (120 KM)","Rs. 3,600 (120 KM)",Extra KM: Hatch/Sedan: Rs. 10/km | SUV: Rs. 14/km | Innova: Rs. 16/km,Standard Day Package (120 KM limit),Included for 1-day trip,Included in package,https://www.agrashivtourandtravels.com/bhilawali-agra-to-chandigarh-taxi-services/
bhilawali-to-haridwar-taxi-services,Bhilawali,Haridwar,Agra (Localities) -> Haridwar,Outstation Taxi,day_package_120km,Per actual route,Varies by traffic,"Rs. 2,200 (120 KM)","Rs. 2,800 (120 KM)","Rs. 3,000 (120 KM)","Rs. 3,600 (120 KM)",Extra KM: Hatch/Sedan: Rs. 10/km | SUV: Rs. 14/km | Innova: Rs. 16/km,Standard Day Package (120 KM limit),Included for 1-day trip,Included in package,https://www.agrashivtourandtravels.com/bhilawali-to-haridwar-taxi-services/
bhirauti-gurgaon-to-agra-taxi,Bhirauti Gurgaon,Agra,Delhi / Gurgaon (NCR) -> Agra,Outstation Taxi,one_way_and_round_trip,Per actual route,Varies by traffic,"Rs. 2,500","Rs. 2,900","Rs. 4,200","Rs. 4,800",Hatchback: Rs. 9/km | Sedan: Rs. 10/km | SUV: Rs. 14/km | Innova: Rs. 16/km,"Hatchback: Rs. 5,000 | Sedan: Rs. 6,000 | SUV: Rs. 8,000 | Innova: Rs. 9,400",Included in fixed fare,Included in quoted fare,https://www.agrashivtourandtravels.com/bhirauti-gurgaon-to-agra-taxi/
bhogipura-agra-to-chandigarh-taxi-services,Bhogipura Agra,Chandigarh,Agra (Localities) -> Chandigarh,Outstation Taxi,day_package_120km,450 km,7 to 8 hours,"Rs. 2,200 (120 KM)","Rs. 2,800 (120 KM)","Rs. 3,000 (120 KM)","Rs. 3,600 (120 KM)",Extra KM: Hatch/Sedan: Rs. 10/km | SUV: Rs. 14/km | Innova: Rs. 16/km,Standard Day Package (120 KM limit),Included for 1-day trip,Included in package,https://www.agrashivtourandtravels.com/bhogipura-agra-to-chandigarh-taxi-services/
bhogipura-to-haridwar-taxi-services,Bhogipura,Haridwar,Agra (Localities) -> Haridwar,Outstation Taxi,day_package_120km,Per actual route,Varies by traffic,"Rs. 2,200 (120 KM)","Rs. 2,800 (120 KM)","Rs. 3,000 (120 KM)","Rs. 3,600 (120 KM)",Extra KM: Hatch/Sedan: Rs. 10/km | SUV: Rs. 14/km | Innova: Rs. 16/km,Standard Day Package (120 KM limit),Included for 1-day trip,Included in package,https://www.agrashivtourandtravels.com/bhogipura-to-haridwar-taxi-services/
bhola-nath-nagar-delhi-to-mathura-taxi,Bhola Nath Nagar Delhi,Mathura,Delhi -> Mathura,Outstation Taxi,one_way_and_round_trip,Per actual route,Varies by traffic,"Rs. 2,500","Rs. 2,900","Rs. 4,200","Rs. 4,800",Hatchback: Rs. 9/km | Sedan: Rs. 10/km | SUV: Rs. 14/km | Innova: Rs. 16/km,"Hatchback: Rs. 5,000 | Sedan: Rs. 6,000 | SUV: Rs. 8,000 | Innova: Rs. 9,400",Included in fixed fare,Included in quoted fare,https://www.agrashivtourandtravels.com/bhola-nath-nagar-delhi-to-mathura-taxi/
bhondsi-gurgaon-to-agra-taxi,Bhondsi Gurgaon,Agra,Delhi / Gurgaon (NCR) -> Agra,Outstation Taxi,one_way_and_round_trip,Per actual route,Varies by traffic,"Rs. 2,500","Rs. 2,900","Rs. 4,200","Rs. 4,800",Hatchback: Rs. 9/km | Sedan: Rs. 10/km | SUV: Rs. 14/km | Innova: Rs. 16/km,"Hatchback: Rs. 5,000 | Sedan: Rs. 6,000 | SUV: Rs. 8,000 | Innova: Rs. 9,400",Included in fixed fare,Included in quoted fare,https://www.agrashivtourandtravels.com/bhondsi-gurgaon-to-agra-taxi/
bhorakalan-gurgaon-to-agra-taxi,Bhorakalan Gurgaon,Agra,Delhi / Gurgaon (NCR) -> Agra,Outstation Taxi,one_way_and_round_trip,Per actual route,Varies by traffic,"Rs. 2,500","Rs. 2,900","Rs. 4,200","Rs. 4,800",Hatchback: Rs. 9/km | Sedan: Rs. 10/km | SUV: Rs. 14/km | Innova: Rs. 16/km,"Hatchback: Rs. 5,000 | Sedan: Rs. 6,000 | SUV: Rs. 8,000 | Innova: Rs. 9,400",Included in fixed fare,Included in quoted fare,https://www.agrashivtourandtravels.com/bhorakalan-gurgaon-to-agra-taxi/
biara-agra-to-chandigarh-taxi-services,Biara Agra,Chandigarh,Agra (Localities) -> Chandigarh,Outstation Taxi,day_package_120km,450 km,7 to 8 hours,"Rs. 2,200 (120 KM)","Rs. 2,800 (120 KM)","Rs. 3,000 (120 KM)","Rs. 3,600 (120 KM)",Extra KM: Hatch/Sedan: Rs. 10/km | SUV: Rs. 14/km | Innova: Rs. 16/km,Standard Day Package (120 KM limit),Included for 1-day trip,Included in package,https://www.agrashivtourandtravels.com/biara-agra-to-chandigarh-taxi-services/
biara-to-haridwar-taxi-services,Biara,Haridwar,Agra (Localities) -> Haridwar,Outstation Taxi,day_package_120km,Per actual route,Varies by traffic,"Rs. 2,200 (120 KM)","Rs. 2,800 (120 KM)","Rs. 3,000 (120 KM)","Rs. 3,600 (120 KM)",Extra KM: Hatch/Sedan: Rs. 10/km | SUV: Rs. 14/km | Innova: Rs. 16/km,Standard Day Package (120 KM limit),Included for 1-day trip,Included in package,https://www.agrashivtourandtravels.com/biara-to-haridwar-taxi-services/
bichhor-gurgaon-to-agra-taxi,Bichhor Gurgaon,Agra,Delhi / Gurgaon (NCR) -> Agra,Outstation Taxi,one_way_and_round_trip,Per actual route,Varies by traffic,"Rs. 2,500","Rs. 2,900","Rs. 4,200","Rs. 4,800",Hatchback: Rs. 9/km | Sedan: Rs. 10/km | SUV: Rs. 14/km | Innova: Rs. 16/km,"Hatchback: Rs. 5,000 | Sedan: Rs. 6,000 | SUV: Rs. 8,000 | Innova: Rs. 9,400",Included in fixed fare,Included in quoted fare,https://www.agrashivtourandtravels.com/bichhor-gurgaon-to-agra-taxi/
bichola-bah-agra-to-chandigarh-taxi-services,Bichola Bah Agra,Chandigarh,Agra (Localities) -> Chandigarh,Outstation Taxi,day_package_120km,450 km,7 to 8 hours,"Rs. 2,200 (120 KM)","Rs. 2,800 (120 KM)","Rs. 3,000 (120 KM)","Rs. 3,600 (120 KM)",Extra KM: Hatch/Sedan: Rs. 10/km | SUV: Rs. 14/km | Innova: Rs. 16/km,Standard Day Package (120 KM limit),Included for 1-day trip,Included in package,https://www.agrashivtourandtravels.com/bichola-bah-agra-to-chandigarh-taxi-services/
bichola-to-haridwar-taxi-services,Bichola,Haridwar,Agra (Localities) -> Haridwar,Outstation Taxi,day_package_120km,Per actual route,Varies by traffic,"Rs. 2,200 (120 KM)","Rs. 2,800 (120 KM)","Rs. 3,000 (120 KM)","Rs. 3,600 (120 KM)",Extra KM: Hatch/Sedan: Rs. 10/km | SUV: Rs. 14/km | Innova: Rs. 16/km,Standard Day Package (120 KM limit),Included for 1-day trip,Included in package,https://www.agrashivtourandtravels.com/bichola-to-haridwar-taxi-services/
bihari-bah-agra-to-chandigarh-taxi-services,Bihari Bah Agra,Chandigarh,Agra (Localities) -> Chandigarh,Outstation Taxi,day_package_120km,450 km,7 to 8 hours,"Rs. 2,200 (120 KM)","Rs. 2,800 (120 KM)","Rs. 3,000 (120 KM)","Rs. 3,600 (120 KM)",Extra KM: Hatch/Sedan: Rs. 10/km | SUV: Rs. 14/km | Innova: Rs. 16/km,Standard Day Package (120 KM limit),Included for 1-day trip,Included in package,https://www.agrashivtourandtravels.com/bihari-bah-agra-to-chandigarh-taxi-services/
bihari-to-haridwar-taxi-services,Bihari,Haridwar,Agra (Localities) -> Haridwar,Outstation Taxi,day_package_120km,Per actual route,Varies by traffic,"Rs. 2,200 (120 KM)","Rs. 2,800 (120 KM)","Rs. 3,000 (120 KM)","Rs. 3,600 (120 KM)",Extra KM: Hatch/Sedan: Rs. 10/km | SUV: Rs. 14/km | Innova: Rs. 16/km,Standard Day Package (120 KM limit),Included for 1-day trip,Included in package,https://www.agrashivtourandtravels.com/bihari-to-haridwar-taxi-services/
bijhamai-bah-agra-to-chandigarh-taxi-services,Bijhamai Bah Agra,Chandigarh,Agra (Localities) -> Chandigarh,Outstation Taxi,day_package_120km,450 km,7 to 8 hours,"Rs. 2,200 (120 KM)","Rs. 2,800 (120 KM)","Rs. 3,000 (120 KM)","Rs. 3,600 (120 KM)",Extra KM: Hatch/Sedan: Rs. 10/km | SUV: Rs. 14/km | Innova: Rs. 16/km,Standard Day Package (120 KM limit),Included for 1-day trip,Included in package,https://www.agrashivtourandtravels.com/bijhamai-bah-agra-to-chandigarh-taxi-services/
bijhamai-to-haridwar-taxi-services,Bijhamai,Haridwar,Agra (Localities) -> Haridwar,Outstation Taxi,day_package_120km,Per actual route,Varies by traffic,"Rs. 2,200 (120 KM)","Rs. 2,800 (120 KM)","Rs. 3,000 (120 KM)","Rs. 3,600 (120 KM)",Extra KM: Hatch/Sedan: Rs. 10/km | SUV: Rs. 14/km | Innova: Rs. 16/km,Standard Day Package (120 KM limit),Included for 1-day trip,Included in package,https://www.agrashivtourandtravels.com/bijhamai-to-haridwar-taxi-services/
bijwasan-delhi-to-mathura-taxi,Bijwasan Delhi,Mathura,Delhi -> Mathura,Outstation Taxi,one_way_and_round_trip,Per actual route,Varies by traffic,"Rs. 2,500","Rs. 2,900","Rs. 4,200","Rs. 4,800",Hatchback: Rs. 9/km | Sedan: Rs. 10/km | SUV: Rs. 14/km | Innova: Rs. 16/km,"Hatchback: Rs. 5,000 | Sedan: Rs. 6,000 | SUV: Rs. 8,000 | Innova: Rs. 9,400",Included in fixed fare,Included in quoted fare,https://www.agrashivtourandtravels.com/bijwasan-delhi-to-mathura-taxi/
bikapur-tap-kharga-kheragarh-agra-to-chandigarh-taxi-services,Bikapur Tap Kharga Kheragarh Agra,Chandigarh,Agra (Localities) -> Chandigarh,Outstation Taxi,day_package_120km,450 km,7 to 8 hours,"Rs. 2,200 (120 KM)","Rs. 2,800 (120 KM)","Rs. 3,000 (120 KM)","Rs. 3,600 (120 KM)",Extra KM: Hatch/Sedan: Rs. 10/km | SUV: Rs. 14/km | Innova: Rs. 16/km,Standard Day Package (120 KM limit),Included for 1-day trip,Included in package,https://www.agrashivtourandtravels.com/bikapur-tap-kharga-kheragarh-agra-to-chandigarh-taxi-services/
bikapur-tap-kharga-to-gurgaon-taxi-services,Bikapur Tap Kharga,Gurgaon,Agra (Localities) -> Gurgaon,Outstation Taxi,day_package_120km,Per actual route,Varies by traffic,"Rs. 2,200 (120 KM)","Rs. 2,800 (120 KM)","Rs. 3,000 (120 KM)","Rs. 3,600 (120 KM)",Extra KM: Hatch/Sedan: Rs. 10/km | SUV: Rs. 14/km | Innova: Rs. 16/km,Standard Day Package (120 KM limit),Included for 1-day trip,Included in package,https://www.agrashivtourandtravels.com/bikapur-tap-kharga-to-gurgaon-taxi-services/
bikapur-tap-kharga-to-haridwar-taxi-services,Bikapur Tap Kharga,Haridwar,Agra (Localities) -> Haridwar,Outstation Taxi,day_package_120km,Per actual route,Varies by traffic,"Rs. 2,200 (120 KM)","Rs. 2,800 (120 KM)","Rs. 3,000 (120 KM)","Rs. 3,600 (120 KM)",Extra KM: Hatch/Sedan: Rs. 10/km | SUV: Rs. 14/km | Innova: Rs. 16/km,Standard Day Package (120 KM limit),Included for 1-day trip,Included in package,https://www.agrashivtourandtravels.com/bikapur-tap-kharga-to-haridwar-taxi-services/
bilaspur-khurd-gurgaon-to-agra-taxi,Bilaspur Khurd Gurgaon,Agra,Delhi / Gurgaon (NCR) -> Agra,Outstation Taxi,one_way_and_round_trip,Per actual route,Varies by traffic,"Rs. 2,500","Rs. 2,900","Rs. 4,200","Rs. 4,800",Hatchback: Rs. 9/km | Sedan: Rs. 10/km | SUV: Rs. 14/km | Innova: Rs. 16/km,"Hatchback: Rs. 5,000 | Sedan: Rs. 6,000 | SUV: Rs. 8,000 | Innova: Rs. 9,400",Included in fixed fare,Included in quoted fare,https://www.agrashivtourandtravels.com/bilaspur-khurd-gurgaon-to-agra-taxi/
billoch-pura-agra-to-chandigarh-taxi-services,Billoch Pura Agra,Chandigarh,Agra (Localities) -> Chandigarh,Outstation Taxi,day_package_120km,450 km,7 to 8 hours,"Rs. 2,200 (120 KM)","Rs. 2,800 (120 KM)","Rs. 3,000 (120 KM)","Rs. 3,600 (120 KM)",Extra KM: Hatch/Sedan: Rs. 10/km | SUV: Rs. 14/km | Innova: Rs. 16/km,Standard Day Package (120 KM limit),Included for 1-day trip,Included in package,https://www.agrashivtourandtravels.com/billoch-pura-agra-to-chandigarh-taxi-services/
billoch-pura-to-gurgaon-taxi-services,Billoch Pura,Gurgaon,Agra (Localities) -> Gurgaon,Outstation Taxi,day_package_120km,Per actual route,Varies by traffic,"Rs. 2,200 (120 KM)","Rs. 2,800 (120 KM)","Rs. 3,000 (120 KM)","Rs. 3,600 (120 KM)",Extra KM: Hatch/Sedan: Rs. 10/km | SUV: Rs. 14/km | Innova: Rs. 16/km,Standard Day Package (120 KM limit),Included for 1-day trip,Included in package,https://www.agrashivtourandtravels.com/billoch-pura-to-gurgaon-taxi-services/
billoch-pura-to-haridwar-taxi-services,Billoch Pura,Haridwar,Agra (Localities) -> Haridwar,Outstation Taxi,day_package_120km,Per actual route,Varies by traffic,"Rs. 2,200 (120 KM)","Rs. 2,800 (120 KM)","Rs. 3,000 (120 KM)","Rs. 3,600 (120 KM)",Extra KM: Hatch/Sedan: Rs. 10/km | SUV: Rs. 14/km | Innova: Rs. 16/km,Standard Day Package (120 KM limit),Included for 1-day trip,Included in package,https://www.agrashivtourandtravels.com/billoch-pura-to-haridwar-taxi-services/
biprawali-bah-agra-to-chandigarh-taxi-services,Biprawali Bah Agra,Chandigarh,Agra (Localities) -> Chandigarh,Outstation Taxi,day_package_120km,450 km,7 to 8 hours,"Rs. 2,200 (120 KM)","Rs. 2,800 (120 KM)","Rs. 3,000 (120 KM)","Rs. 3,600 (120 KM)",Extra KM: Hatch/Sedan: Rs. 10/km | SUV: Rs. 14/km | Innova: Rs. 16/km,Standard Day Package (120 KM limit),Included for 1-day trip,Included in package,https://www.agrashivtourandtravels.com/biprawali-bah-agra-to-chandigarh-taxi-services/
biprawali-to-gurgaon-taxi-services,Biprawali,Gurgaon,Agra (Localities) -> Gurgaon,Outstation Taxi,day_package_120km,Per actual route,Varies by traffic,"Rs. 2,200 (120 KM)","Rs. 2,800 (120 KM)","Rs. 3,000 (120 KM)","Rs. 3,600 (120 KM)",Extra KM: Hatch/Sedan: Rs. 10/km | SUV: Rs. 14/km | Innova: Rs. 16/km,Standard Day Package (120 KM limit),Included for 1-day trip,Included in package,https://www.agrashivtourandtravels.com/biprawali-to-gurgaon-taxi-services/
biprawali-to-haridwar-taxi-services,Biprawali,Haridwar,Agra (Localities) -> Haridwar,Outstation Taxi,day_package_120km,Per actual route,Varies by traffic,"Rs. 2,200 (120 KM)","Rs. 2,800 (120 KM)","Rs. 3,000 (120 KM)","Rs. 3,600 (120 KM)",Extra KM: Hatch/Sedan: Rs. 10/km | SUV: Rs. 14/km | Innova: Rs. 16/km,Standard Day Package (120 KM limit),Included for 1-day trip,Included in package,https://www.agrashivtourandtravels.com/biprawali-to-haridwar-taxi-services/
birai-agra-to-chandigarh-taxi-services,Birai Agra,Chandigarh,Agra (Localities) -> Chandigarh,Outstation Taxi,day_package_120km,450 km,7 to 8 hours,"Rs. 2,200 (120 KM)","Rs. 2,800 (120 KM)","Rs. 3,000 (120 KM)","Rs. 3,600 (120 KM)",Extra KM: Hatch/Sedan: Rs. 10/km | SUV: Rs. 14/km | Innova: Rs. 16/km,Standard Day Package (120 KM limit),Included for 1-day trip,Included in package,https://www.agrashivtourandtravels.com/birai-agra-to-chandigarh-taxi-services/
birai-to-gurgaon-taxi-services,Birai,Gurgaon,Agra (Localities) -> Gurgaon,Outstation Taxi,day_package_120km,Per actual route,Varies by traffic,"Rs. 2,200 (120 KM)","Rs. 2,800 (120 KM)","Rs. 3,000 (120 KM)","Rs. 3,600 (120 KM)",Extra KM: Hatch/Sedan: Rs. 10/km | SUV: Rs. 14/km | Innova: Rs. 16/km,Standard Day Package (120 KM limit),Included for 1-day trip,Included in package,https://www.agrashivtourandtravels.com/birai-to-gurgaon-taxi-services/
birai-to-haridwar-taxi-services,Birai,Haridwar,Agra (Localities) -> Haridwar,Outstation Taxi,day_package_120km,Per actual route,Varies by traffic,"Rs. 2,200 (120 KM)","Rs. 2,800 (120 KM)","Rs. 3,000 (120 KM)","Rs. 3,600 (120 KM)",Extra KM: Hatch/Sedan: Rs. 10/km | SUV: Rs. 14/km | Innova: Rs. 16/km,Standard Day Package (120 KM limit),Included for 1-day trip,Included in package,https://www.agrashivtourandtravels.com/birai-to-haridwar-taxi-services/
birharu-agra-to-chandigarh-taxi-services,Birharu Agra,Chandigarh,Agra (Localities) -> Chandigarh,Outstation Taxi,day_package_120km,450 km,7 to 8 hours,"Rs. 2,200 (120 KM)","Rs. 2,800 (120 KM)","Rs. 3,000 (120 KM)","Rs. 3,600 (120 KM)",Extra KM: Hatch/Sedan: Rs. 10/km | SUV: Rs. 14/km | Innova: Rs. 16/km,Standard Day Package (120 KM limit),Included for 1-day trip,Included in package,https://www.agrashivtourandtravels.com/birharu-agra-to-chandigarh-taxi-services/
birharu-to-gurgaon-taxi-services,Birharu,Gurgaon,Agra (Localities) -> Gurgaon,Outstation Taxi,day_package_120km,Per actual route,Varies by traffic,"Rs. 2,200 (120 KM)","Rs. 2,800 (120 KM)","Rs. 3,000 (120 KM)","Rs. 3,600 (120 KM)",Extra KM: Hatch/Sedan: Rs. 10/km | SUV: Rs. 14/km | Innova: Rs. 16/km,Standard Day Package (120 KM limit),Included for 1-day trip,Included in package,https://www.agrashivtourandtravels.com/birharu-to-gurgaon-taxi-services/
birharu-to-haridwar-taxi-services,Birharu,Haridwar,Agra (Localities) -> Haridwar,Outstation Taxi,day_package_120km,Per actual route,Varies by traffic,"Rs. 2,200 (120 KM)","Rs. 2,800 (120 KM)","Rs. 3,000 (120 KM)","Rs. 3,600 (120 KM)",Extra KM: Hatch/Sedan: Rs. 10/km | SUV: Rs. 14/km | Innova: Rs. 16/km,Standard Day Package (120 KM limit),Included for 1-day trip,Included in package,https://www.agrashivtourandtravels.com/birharu-to-haridwar-taxi-services/
birla-lines-delhi-to-mathura-taxi,Birla Lines Delhi,Mathura,Delhi -> Mathura,Outstation Taxi,one_way_and_round_trip,Per actual route,Varies by traffic,"Rs. 2,500","Rs. 2,900","Rs. 4,200","Rs. 4,800",Hatchback: Rs. 9/km | Sedan: Rs. 10/km | SUV: Rs. 14/km | Innova: Rs. 16/km,"Hatchback: Rs. 5,000 | Sedan: Rs. 6,000 | SUV: Rs. 8,000 | Innova: Rs. 9,400",Included in fixed fare,Included in quoted fare,https://www.agrashivtourandtravels.com/birla-lines-delhi-to-mathura-taxi/
birthala-agra-to-chandigarh-taxi-services,Birthala Agra,Chandigarh,Agra (Localities) -> Chandigarh,Outstation Taxi,day_package_120km,450 km,7 to 8 hours,"Rs. 2,200 (120 KM)","Rs. 2,800 (120 KM)","Rs. 3,000 (120 KM)","Rs. 3,600 (120 KM)",Extra KM: Hatch/Sedan: Rs. 10/km | SUV: Rs. 14/km | Innova: Rs. 16/km,Standard Day Package (120 KM limit),Included for 1-day trip,Included in package,https://www.agrashivtourandtravels.com/birthala-agra-to-chandigarh-taxi-services/
birthala-to-gurgaon-taxi-services,Birthala,Gurgaon,Agra (Localities) -> Gurgaon,Outstation Taxi,day_package_120km,Per actual route,Varies by traffic,"Rs. 2,200 (120 KM)","Rs. 2,800 (120 KM)","Rs. 3,000 (120 KM)","Rs. 3,600 (120 KM)",Extra KM: Hatch/Sedan: Rs. 10/km | SUV: Rs. 14/km | Innova: Rs. 16/km,Standard Day Package (120 KM limit),Included for 1-day trip,Included in package,https://www.agrashivtourandtravels.com/birthala-to-gurgaon-taxi-services/
birthala-to-haridwar-taxi-services,Birthala,Haridwar,Agra (Localities) -> Haridwar,Outstation Taxi,day_package_120km,Per actual route,Varies by traffic,"Rs. 2,200 (120 KM)","Rs. 2,800 (120 KM)","Rs. 3,000 (120 KM)","Rs. 3,600 (120 KM)",Extra KM: Hatch/Sedan: Rs. 10/km | SUV: Rs. 14/km | Innova: Rs. 16/km,Standard Day Package (120 KM limit),Included for 1-day trip,Included in package,https://www.agrashivtourandtravels.com/birthala-to-haridwar-taxi-services/
bisalpur-kheragarh-agra-to-chandigarh-taxi-services,Bisalpur Kheragarh Agra,Chandigarh,Agra (Localities) -> Chandigarh,Outstation Taxi,day_package_120km,450 km,7 to 8 hours,"Rs. 2,200 (120 KM)","Rs. 2,800 (120 KM)","Rs. 3,000 (120 KM)","Rs. 3,600 (120 KM)",Extra KM: Hatch/Sedan: Rs. 10/km | SUV: Rs. 14/km | Innova: Rs. 16/km,Standard Day Package (120 KM limit),Included for 1-day trip,Included in package,https://www.agrashivtourandtravels.com/bisalpur-kheragarh-agra-to-chandigarh-taxi-services/
bisalpur-to-gurgaon-taxi-services,Bisalpur,Gurgaon,Agra (Localities) -> Gurgaon,Outstation Taxi,day_package_120km,Per actual route,Varies by traffic,"Rs. 2,200 (120 KM)","Rs. 2,800 (120 KM)","Rs. 3,000 (120 KM)","Rs. 3,600 (120 KM)",Extra KM: Hatch/Sedan: Rs. 10/km | SUV: Rs. 14/km | Innova: Rs. 16/km,Standard Day Package (120 KM limit),Included for 1-day trip,Included in package,https://www.agrashivtourandtravels.com/bisalpur-to-gurgaon-taxi-services/
bisalpur-to-haridwar-taxi-services,Bisalpur,Haridwar,Agra (Localities) -> Haridwar,Outstation Taxi,day_package_120km,Per actual route,Varies by traffic,"Rs. 2,200 (120 KM)","Rs. 2,800 (120 KM)","Rs. 3,000 (120 KM)","Rs. 3,600 (120 KM)",Extra KM: Hatch/Sedan: Rs. 10/km | SUV: Rs. 14/km | Innova: Rs. 16/km,Standard Day Package (120 KM limit),Included for 1-day trip,Included in package,https://www.agrashivtourandtravels.com/bisalpur-to-haridwar-taxi-services/
bisru-gurgaon-to-agra-taxi,Bisru Gurgaon,Agra,Delhi / Gurgaon (NCR) -> Agra,Outstation Taxi,one_way_and_round_trip,Per actual route,Varies by traffic,"Rs. 2,500","Rs. 2,900","Rs. 4,200","Rs. 4,800",Hatchback: Rs. 9/km | Sedan: Rs. 10/km | SUV: Rs. 14/km | Innova: Rs. 16/km,"Hatchback: Rs. 5,000 | Sedan: Rs. 6,000 | SUV: Rs. 8,000 | Innova: Rs. 9,400",Included in fixed fare,Included in quoted fare,https://www.agrashivtourandtravels.com/bisru-gurgaon-to-agra-taxi/
bitholi-bah-agra-to-chandigarh-taxi-services,Bitholi Bah Agra,Chandigarh,Agra (Localities) -> Chandigarh,Outstation Taxi,day_package_120km,450 km,7 to 8 hours,"Rs. 2,200 (120 KM)","Rs. 2,800 (120 KM)","Rs. 3,000 (120 KM)","Rs. 3,600 (120 KM)",Extra KM: Hatch/Sedan: Rs. 10/km | SUV: Rs. 14/km | Innova: Rs. 16/km,Standard Day Package (120 KM limit),Included for 1-day trip,Included in package,https://www.agrashivtourandtravels.com/bitholi-bah-agra-to-chandigarh-taxi-services/
bitholi-to-gurgaon-taxi-services,Bitholi,Gurgaon,Agra (Localities) -> Gurgaon,Outstation Taxi,day_package_120km,Per actual route,Varies by traffic,"Rs. 2,200 (120 KM)","Rs. 2,800 (120 KM)","Rs. 3,000 (120 KM)","Rs. 3,600 (120 KM)",Extra KM: Hatch/Sedan: Rs. 10/km | SUV: Rs. 14/km | Innova: Rs. 16/km,Standard Day Package (120 KM limit),Included for 1-day trip,Included in package,https://www.agrashivtourandtravels.com/bitholi-to-gurgaon-taxi-services/
bitholi-to-haridwar-taxi-services,Bitholi,Haridwar,Agra (Localities) -> Haridwar,Outstation Taxi,day_package_120km,Per actual route,Varies by traffic,"Rs. 2,200 (120 KM)","Rs. 2,800 (120 KM)","Rs. 3,000 (120 KM)","Rs. 3,600 (120 KM)",Extra KM: Hatch/Sedan: Rs. 10/km | SUV: Rs. 14/km | Innova: Rs. 16/km,Standard Day Package (120 KM limit),Included for 1-day trip,Included in package,https://www.agrashivtourandtravels.com/bitholi-to-haridwar-taxi-services/
bm-khan-to-haridwar-taxi-services,Bm Khan,Haridwar,Agra (Localities) -> Haridwar,Outstation Taxi,day_package_120km,Per actual route,Varies by traffic,"Rs. 2,200 (120 KM)","Rs. 2,800 (120 KM)","Rs. 3,000 (120 KM)","Rs. 3,600 (120 KM)",Extra KM: Hatch/Sedan: Rs. 10/km | SUV: Rs. 14/km | Innova: Rs. 16/km,Standard Day Package (120 KM limit),Included for 1-day trip,Included in package,https://www.agrashivtourandtravels.com/bm-khan-to-haridwar-taxi-services/
bodla-agra-to-chandigarh-taxi-services,Bodla Agra,Chandigarh,Agra (Localities) -> Chandigarh,Outstation Taxi,day_package_120km,450 km,7 to 8 hours,"Rs. 2,200 (120 KM)","Rs. 2,800 (120 KM)","Rs. 3,000 (120 KM)","Rs. 3,600 (120 KM)",Extra KM: Hatch/Sedan: Rs. 10/km | SUV: Rs. 14/km | Innova: Rs. 16/km,Standard Day Package (120 KM limit),Included for 1-day trip,Included in package,https://www.agrashivtourandtravels.com/bodla-agra-to-chandigarh-taxi-services/
bodla-to-gurgaon-taxi-services,Bodla,Gurgaon,Agra (Localities) -> Gurgaon,Outstation Taxi,day_package_120km,Per actual route,Varies by traffic,"Rs. 2,200 (120 KM)","Rs. 2,800 (120 KM)","Rs. 3,000 (120 KM)","Rs. 3,600 (120 KM)",Extra KM: Hatch/Sedan: Rs. 10/km | SUV: Rs. 14/km | Innova: Rs. 16/km,Standard Day Package (120 KM limit),Included for 1-day trip,Included in package,https://www.agrashivtourandtravels.com/bodla-to-gurgaon-taxi-services/
bodla-to-haridwar-taxi-services,Bodla,Haridwar,Agra (Localities) -> Haridwar,Outstation Taxi,day_package_120km,Per actual route,Varies by traffic,"Rs. 2,200 (120 KM)","Rs. 2,800 (120 KM)","Rs. 3,000 (120 KM)","Rs. 3,600 (120 KM)",Extra KM: Hatch/Sedan: Rs. 10/km | SUV: Rs. 14/km | Innova: Rs. 16/km,Standard Day Package (120 KM limit),Included for 1-day trip,Included in package,https://www.agrashivtourandtravels.com/bodla-to-haridwar-taxi-services/
bp-oilmill-to-haridwar-taxi-services,Bp Oilmill,Haridwar,Agra (Localities) -> Haridwar,Outstation Taxi,day_package_120km,Per actual route,Varies by traffic,"Rs. 2,200 (120 KM)","Rs. 2,800 (120 KM)","Rs. 3,000 (120 KM)","Rs. 3,600 (120 KM)",Extra KM: Hatch/Sedan: Rs. 10/km | SUV: Rs. 14/km | Innova: Rs. 16/km,Standard Day Package (120 KM limit),Included for 1-day trip,Included in package,https://www.agrashivtourandtravels.com/bp-oilmill-to-haridwar-taxi-services/
brahampuri-delhi-to-mathura-taxi,Brahampuri Delhi,Mathura,Delhi -> Mathura,Outstation Taxi,one_way_and_round_trip,Per actual route,Varies by traffic,"Rs. 2,500","Rs. 2,900","Rs. 4,200","Rs. 4,800",Hatchback: Rs. 9/km | Sedan: Rs. 10/km | SUV: Rs. 14/km | Innova: Rs. 16/km,"Hatchback: Rs. 5,000 | Sedan: Rs. 6,000 | SUV: Rs. 8,000 | Innova: Rs. 9,400",Included in fixed fare,Included in quoted fare,https://www.agrashivtourandtravels.com/brahampuri-delhi-to-mathura-taxi/
budarpur-gurgaon-to-agra-taxi,Budarpur Gurgaon,Agra,Delhi / Gurgaon (NCR) -> Agra,Outstation Taxi,one_way_and_round_trip,Per actual route,Varies by traffic,"Rs. 2,500","Rs. 2,900","Rs. 4,200","Rs. 4,800",Hatchback: Rs. 9/km | Sedan: Rs. 10/km | SUV: Rs. 14/km | Innova: Rs. 16/km,"Hatchback: Rs. 5,000 | Sedan: Rs. 6,000 | SUV: Rs. 8,000 | Innova: Rs. 9,400",Included in fixed fare,Included in quoted fare,https://www.agrashivtourandtravels.com/budarpur-gurgaon-to-agra-taxi/
budh-nagar-delhi-to-mathura-taxi,Budh Nagar Delhi,Mathura,Delhi -> Mathura,Outstation Taxi,one_way_and_round_trip,Per actual route,Varies by traffic,"Rs. 2,500","Rs. 2,900","Rs. 4,200","Rs. 4,800",Hatchback: Rs. 9/km | Sedan: Rs. 10/km | SUV: Rs. 14/km | Innova: Rs. 16/km,"Hatchback: Rs. 5,000 | Sedan: Rs. 6,000 | SUV: Rs. 8,000 | Innova: Rs. 9,400",Included in fixed fare,Included in quoted fare,https://www.agrashivtourandtravels.com/budh-nagar-delhi-to-mathura-taxi/
budhana-mustkil-agra-to-chandigarh-taxi-services,Budhana Mustkil Agra,Chandigarh,Agra (Localities) -> Chandigarh,Outstation Taxi,day_package_120km,450 km,7 to 8 hours,"Rs. 2,200 (120 KM)","Rs. 2,800 (120 KM)","Rs. 3,000 (120 KM)","Rs. 3,600 (120 KM)",Extra KM: Hatch/Sedan: Rs. 10/km | SUV: Rs. 14/km | Innova: Rs. 16/km,Standard Day Package (120 KM limit),Included for 1-day trip,Included in package,https://www.agrashivtourandtravels.com/budhana-mustkil-agra-to-chandigarh-taxi-services/
budhana-mustkil-to-gurgaon-taxi-services,Budhana Mustkil,Gurgaon,Agra (Localities) -> Gurgaon,Outstation Taxi,day_package_120km,Per actual route,Varies by traffic,"Rs. 2,200 (120 KM)","Rs. 2,800 (120 KM)","Rs. 3,000 (120 KM)","Rs. 3,600 (120 KM)",Extra KM: Hatch/Sedan: Rs. 10/km | SUV: Rs. 14/km | Innova: Rs. 16/km,Standard Day Package (120 KM limit),Included for 1-day trip,Included in package,https://www.agrashivtourandtravels.com/budhana-mustkil-to-gurgaon-taxi-services/
budhana-mustkil-to-haridwar-taxi-services,Budhana Mustkil,Haridwar,Agra (Localities) -> Haridwar,Outstation Taxi,day_package_120km,Per actual route,Varies by traffic,"Rs. 2,200 (120 KM)","Rs. 2,800 (120 KM)","Rs. 3,000 (120 KM)","Rs. 3,600 (120 KM)",Extra KM: Hatch/Sedan: Rs. 10/km | SUV: Rs. 14/km | Innova: Rs. 16/km,Standard Day Package (120 KM limit),Included for 1-day trip,Included in package,https://www.agrashivtourandtravels.com/budhana-mustkil-to-haridwar-taxi-services/
budhera-gurgaon-to-agra-taxi,Budhera Gurgaon,Agra,Delhi / Gurgaon (NCR) -> Agra,Outstation Taxi,one_way_and_round_trip,Per actual route,Varies by traffic,"Rs. 2,500","Rs. 2,900","Rs. 4,200","Rs. 4,800",Hatchback: Rs. 9/km | Sedan: Rs. 10/km | SUV: Rs. 14/km | Innova: Rs. 16/km,"Hatchback: Rs. 5,000 | Sedan: Rs. 6,000 | SUV: Rs. 8,000 | Innova: Rs. 9,400",Included in fixed fare,Included in quoted fare,https://www.agrashivtourandtravels.com/budhera-gurgaon-to-agra-taxi/
bv-bichpuri-to-haridwar-taxi-services,Bv Bichpuri,Haridwar,Agra (Localities) -> Haridwar,Outstation Taxi,day_package_120km,Per actual route,Varies by traffic,"Rs. 2,200 (120 KM)","Rs. 2,800 (120 KM)","Rs. 3,000 (120 KM)","Rs. 3,600 (120 KM)",Extra KM: Hatch/Sedan: Rs. 10/km | SUV: Rs. 14/km | Innova: Rs. 16/km,Standard Day Package (120 KM limit),Included for 1-day trip,Included in package,https://www.agrashivtourandtravels.com/bv-bichpuri-to-haridwar-taxi-services/
c-c-institute-delhi-to-mathura-taxi,C C Institute Delhi,Mathura,Delhi -> Mathura,Outstation Taxi,one_way_and_round_trip,Per actual route,Varies by traffic,"Rs. 2,500","Rs. 2,900","Rs. 4,200","Rs. 4,800",Hatchback: Rs. 9/km | Sedan: Rs. 10/km | SUV: Rs. 14/km | Innova: Rs. 16/km,"Hatchback: Rs. 5,000 | Sedan: Rs. 6,000 | SUV: Rs. 8,000 | Innova: Rs. 9,400",Included in fixed fare,Included in quoted fare,https://www.agrashivtourandtravels.com/c-c-institute-delhi-to-mathura-taxi/
c-o-d-agra-to-chandigarh-taxi-services,C O D Agra,Chandigarh,Agra (Localities) -> Chandigarh,Outstation Taxi,day_package_120km,450 km,7 to 8 hours,"Rs. 2,200 (120 KM)","Rs. 2,800 (120 KM)","Rs. 3,000 (120 KM)","Rs. 3,600 (120 KM)",Extra KM: Hatch/Sedan: Rs. 10/km | SUV: Rs. 14/km | Innova: Rs. 16/km,Standard Day Package (120 KM limit),Included for 1-day trip,Included in package,https://www.agrashivtourandtravels.com/c-o-d-agra-to-chandigarh-taxi-services/
c-r-p-f-camp-delhi-to-mathura-taxi,C R P F Camp Delhi,Mathura,Delhi -> Mathura,Outstation Taxi,one_way_and_round_trip,Per actual route,Varies by traffic,"Rs. 2,500","Rs. 2,900","Rs. 4,200","Rs. 4,800",Hatchback: Rs. 9/km | Sedan: Rs. 10/km | SUV: Rs. 14/km | Innova: Rs. 16/km,"Hatchback: Rs. 5,000 | Sedan: Rs. 6,000 | SUV: Rs. 8,000 | Innova: Rs. 9,400",Included in fixed fare,Included in quoted fare,https://www.agrashivtourandtravels.com/c-r-p-f-camp-delhi-to-mathura-taxi/
c-r-r-i-delhi-to-mathura-taxi,C R R I Delhi,Mathura,Delhi -> Mathura,Outstation Taxi,one_way_and_round_trip,Per actual route,Varies by traffic,"Rs. 2,500","Rs. 2,900","Rs. 4,200","Rs. 4,800",Hatchback: Rs. 9/km | Sedan: Rs. 10/km | SUV: Rs. 14/km | Innova: Rs. 16/km,"Hatchback: Rs. 5,000 | Sedan: Rs. 6,000 | SUV: Rs. 8,000 | Innova: Rs. 9,400",Included in fixed fare,Included in quoted fare,https://www.agrashivtourandtravels.com/c-r-r-i-delhi-to-mathura-taxi/
carterpuri-gurgaon-to-agra-taxi,Carterpuri Gurgaon,Agra,Delhi / Gurgaon (NCR) -> Agra,Outstation Taxi,one_way_and_round_trip,Per actual route,Varies by traffic,"Rs. 2,500","Rs. 2,900","Rs. 4,200","Rs. 4,800",Hatchback: Rs. 9/km | Sedan: Rs. 10/km | SUV: Rs. 14/km | Innova: Rs. 16/km,"Hatchback: Rs. 5,000 | Sedan: Rs. 6,000 | SUV: Rs. 8,000 | Innova: Rs. 9,400",Included in fixed fare,Included in quoted fare,https://www.agrashivtourandtravels.com/carterpuri-gurgaon-to-agra-taxi/
central-kirti-nagar-delhi-to-mathura-taxi,Central Kirti Nagar Delhi,Mathura,Delhi -> Mathura,Outstation Taxi,one_way_and_round_trip,Per actual route,Varies by traffic,"Rs. 2,500","Rs. 2,900","Rs. 4,200","Rs. 4,800",Hatchback: Rs. 9/km | Sedan: Rs. 10/km | SUV: Rs. 14/km | Innova: Rs. 16/km,"Hatchback: Rs. 5,000 | Sedan: Rs. 6,000 | SUV: Rs. 8,000 | Innova: Rs. 9,400",Included in fixed fare,Included in quoted fare,https://www.agrashivtourandtravels.com/central-kirti-nagar-delhi-to-mathura-taxi/
central-ordinance-delhi-to-mathura-taxi,Central Ordinance Delhi,Mathura,Delhi -> Mathura,Outstation Taxi,one_way_and_round_trip,Per actual route,Varies by traffic,"Rs. 2,500","Rs. 2,900","Rs. 4,200","Rs. 4,800",Hatchback: Rs. 9/km | Sedan: Rs. 10/km | SUV: Rs. 14/km | Innova: Rs. 16/km,"Hatchback: Rs. 5,000 | Sedan: Rs. 6,000 | SUV: Rs. 8,000 | Innova: Rs. 9,400",Included in fixed fare,Included in quoted fare,https://www.agrashivtourandtravels.com/central-ordinance-delhi-to-mathura-taxi/
central-tractor-delhi-to-mathura-taxi,Central Tractor Delhi,Mathura,Delhi -> Mathura,Outstation Taxi,one_way_and_round_trip,Per actual route,Varies by traffic,"Rs. 2,500","Rs. 2,900","Rs. 4,200","Rs. 4,800",Hatchback: Rs. 9/km | Sedan: Rs. 10/km | SUV: Rs. 14/km | Innova: Rs. 16/km,"Hatchback: Rs. 5,000 | Sedan: Rs. 6,000 | SUV: Rs. 8,000 | Innova: Rs. 9,400",Included in fixed fare,Included in quoted fare,https://www.agrashivtourandtravels.com/central-tractor-delhi-to-mathura-taxi/
central-vehicle-delhi-to-mathura-taxi,Central Vehicle Delhi,Mathura,Delhi -> Mathura,Outstation Taxi,one_way_and_round_trip,Per actual route,Varies by traffic,"Rs. 2,500","Rs. 2,900","Rs. 4,200","Rs. 4,800",Hatchback: Rs. 9/km | Sedan: Rs. 10/km | SUV: Rs. 14/km | Innova: Rs. 16/km,"Hatchback: Rs. 5,000 | Sedan: Rs. 6,000 | SUV: Rs. 8,000 | Innova: Rs. 9,400",Included in fixed fare,Included in quoted fare,https://www.agrashivtourandtravels.com/central-vehicle-delhi-to-mathura-taxi/
chakkarpur-gurgaon-to-agra-taxi,Chakkarpur Gurgaon,Agra,Delhi / Gurgaon (NCR) -> Agra,Outstation Taxi,one_way_and_round_trip,Per actual route,Varies by traffic,"Rs. 2,500","Rs. 2,900","Rs. 4,200","Rs. 4,800",Hatchback: Rs. 9/km | Sedan: Rs. 10/km | SUV: Rs. 14/km | Innova: Rs. 16/km,"Hatchback: Rs. 5,000 | Sedan: Rs. 6,000 | SUV: Rs. 8,000 | Innova: Rs. 9,400",Included in fixed fare,Included in quoted fare,https://www.agrashivtourandtravels.com/chakkarpur-gurgaon-to-agra-taxi/
chamraua-agra-to-chandigarh-taxi-services,Chamraua Agra,Chandigarh,Agra (Localities) -> Chandigarh,Outstation Taxi,day_package_120km,450 km,7 to 8 hours,"Rs. 2,200 (120 KM)","Rs. 2,800 (120 KM)","Rs. 3,000 (120 KM)","Rs. 3,600 (120 KM)",Extra KM: Hatch/Sedan: Rs. 10/km | SUV: Rs. 14/km | Innova: Rs. 16/km,Standard Day Package (120 KM limit),Included for 1-day trip,Included in package,https://www.agrashivtourandtravels.com/chamraua-agra-to-chandigarh-taxi-services/
chamraua-to-gurgaon-taxi-services,Chamraua,Gurgaon,Agra (Localities) -> Gurgaon,Outstation Taxi,day_package_120km,Per actual route,Varies by traffic,"Rs. 2,200 (120 KM)","Rs. 2,800 (120 KM)","Rs. 3,000 (120 KM)","Rs. 3,600 (120 KM)",Extra KM: Hatch/Sedan: Rs. 10/km | SUV: Rs. 14/km | Innova: Rs. 16/km,Standard Day Package (120 KM limit),Included for 1-day trip,Included in package,https://www.agrashivtourandtravels.com/chamraua-to-gurgaon-taxi-services/
chamraua-to-haridwar-taxi-services,Chamraua,Haridwar,Agra (Localities) -> Haridwar,Outstation Taxi,day_package_120km,Per actual route,Varies by traffic,"Rs. 2,200 (120 KM)","Rs. 2,800 (120 KM)","Rs. 3,000 (120 KM)","Rs. 3,600 (120 KM)",Extra KM: Hatch/Sedan: Rs. 10/km | SUV: Rs. 14/km | Innova: Rs. 16/km,Standard Day Package (120 KM limit),Included for 1-day trip,Included in package,https://www.agrashivtourandtravels.com/chamraua-to-haridwar-taxi-services/
chamraula-etmadpur-agra-to-chandigarh-taxi-services,Chamraula Etmadpur Agra,Chandigarh,Agra (Localities) -> Chandigarh,Outstation Taxi,day_package_120km,450 km,7 to 8 hours,"Rs. 2,200 (120 KM)","Rs. 2,800 (120 KM)","Rs. 3,000 (120 KM)","Rs. 3,600 (120 KM)",Extra KM: Hatch/Sedan: Rs. 10/km | SUV: Rs. 14/km | Innova: Rs. 16/km,Standard Day Package (120 KM limit),Included for 1-day trip,Included in package,https://www.agrashivtourandtravels.com/chamraula-etmadpur-agra-to-chandigarh-taxi-services/
chamraula-to-gurgaon-taxi-services,Chamraula,Gurgaon,Agra (Localities) -> Gurgaon,Outstation Taxi,day_package_120km,Per actual route,Varies by traffic,"Rs. 2,200 (120 KM)","Rs. 2,800 (120 KM)","Rs. 3,000 (120 KM)","Rs. 3,600 (120 KM)",Extra KM: Hatch/Sedan: Rs. 10/km | SUV: Rs. 14/km | Innova: Rs. 16/km,Standard Day Package (120 KM limit),Included for 1-day trip,Included in package,https://www.agrashivtourandtravels.com/chamraula-to-gurgaon-taxi-services/
chamraula-to-haridwar-taxi-services,Chamraula,Haridwar,Agra (Localities) -> Haridwar,Outstation Taxi,day_package_120km,Per actual route,Varies by traffic,"Rs. 2,200 (120 KM)","Rs. 2,800 (120 KM)","Rs. 3,000 (120 KM)","Rs. 3,600 (120 KM)",Extra KM: Hatch/Sedan: Rs. 10/km | SUV: Rs. 14/km | Innova: Rs. 16/km,Standard Day Package (120 KM limit),Included for 1-day trip,Included in package,https://www.agrashivtourandtravels.com/chamraula-to-haridwar-taxi-services/
chand-nagar-delhi-to-mathura-taxi,Chand Nagar Delhi,Mathura,Delhi -> Mathura,Outstation Taxi,one_way_and_round_trip,Per actual route,Varies by traffic,"Rs. 2,500","Rs. 2,900","Rs. 4,200","Rs. 4,800",Hatchback: Rs. 9/km | Sedan: Rs. 10/km | SUV: Rs. 14/km | Innova: Rs. 16/km,"Hatchback: Rs. 5,000 | Sedan: Rs. 6,000 | SUV: Rs. 8,000 | Innova: Rs. 9,400",Included in fixed fare,Included in quoted fare,https://www.agrashivtourandtravels.com/chand-nagar-delhi-to-mathura-taxi/
chandni-chowk-delhi-to-mathura-taxi,Chandni Chowk Delhi,Mathura,Delhi -> Mathura,Outstation Taxi,one_way_and_round_trip,Per actual route,Varies by traffic,"Rs. 2,500","Rs. 2,900","Rs. 4,200","Rs. 4,800",Hatchback: Rs. 9/km | Sedan: Rs. 10/km | SUV: Rs. 14/km | Innova: Rs. 16/km,"Hatchback: Rs. 5,000 | Sedan: Rs. 6,000 | SUV: Rs. 8,000 | Innova: Rs. 9,400",Included in fixed fare,Included in quoted fare,https://www.agrashivtourandtravels.com/chandni-chowk-delhi-to-mathura-taxi/
chankyapuri-delhi-to-mathura-taxi,Chankyapuri Delhi,Mathura,Delhi -> Mathura,Outstation Taxi,one_way_and_round_trip,Per actual route,Varies by traffic,"Rs. 2,500","Rs. 2,900","Rs. 4,200","Rs. 4,800",Hatchback: Rs. 9/km | Sedan: Rs. 10/km | SUV: Rs. 14/km | Innova: Rs. 16/km,"Hatchback: Rs. 5,000 | Sedan: Rs. 6,000 | SUV: Rs. 8,000 | Innova: Rs. 9,400",Included in fixed fare,Included in quoted fare,https://www.agrashivtourandtravels.com/chankyapuri-delhi-to-mathura-taxi/
chaoli-etmadpur-agra-to-chandigarh-taxi-services,Chaoli Etmadpur Agra,Chandigarh,Agra (Localities) -> Chandigarh,Outstation Taxi,day_package_120km,450 km,7 to 8 hours,"Rs. 2,200 (120 KM)","Rs. 2,800 (120 KM)","Rs. 3,000 (120 KM)","Rs. 3,600 (120 KM)",Extra KM: Hatch/Sedan: Rs. 10/km | SUV: Rs. 14/km | Innova: Rs. 16/km,Standard Day Package (120 KM limit),Included for 1-day trip,Included in package,https://www.agrashivtourandtravels.com/chaoli-etmadpur-agra-to-chandigarh-taxi-services/
chaoli-to-gurgaon-taxi-services,Chaoli,Gurgaon,Agra (Localities) -> Gurgaon,Outstation Taxi,day_package_120km,Per actual route,Varies by traffic,"Rs. 2,200 (120 KM)","Rs. 2,800 (120 KM)","Rs. 3,000 (120 KM)","Rs. 3,600 (120 KM)",Extra KM: Hatch/Sedan: Rs. 10/km | SUV: Rs. 14/km | Innova: Rs. 16/km,Standard Day Package (120 KM limit),Included for 1-day trip,Included in package,https://www.agrashivtourandtravels.com/chaoli-to-gurgaon-taxi-services/
chaoli-to-haridwar-taxi-services,Chaoli,Haridwar,Agra (Localities) -> Haridwar,Outstation Taxi,day_package_120km,Per actual route,Varies by traffic,"Rs. 2,200 (120 KM)","Rs. 2,800 (120 KM)","Rs. 3,000 (120 KM)","Rs. 3,600 (120 KM)",Extra KM: Hatch/Sedan: Rs. 10/km | SUV: Rs. 14/km | Innova: Rs. 16/km,Standard Day Package (120 KM limit),Included for 1-day trip,Included in package,https://www.agrashivtourandtravels.com/chaoli-to-haridwar-taxi-services/
chapera-gurgaon-to-agra-taxi,Chapera Gurgaon,Agra,Delhi / Gurgaon (NCR) -> Agra,Outstation Taxi,one_way_and_round_trip,Per actual route,Varies by traffic,"Rs. 2,500","Rs. 2,900","Rs. 4,200","Rs. 4,800",Hatchback: Rs. 9/km | Sedan: Rs. 10/km | SUV: Rs. 14/km | Innova: Rs. 16/km,"Hatchback: Rs. 5,000 | Sedan: Rs. 6,000 | SUV: Rs. 8,000 | Innova: Rs. 9,400",Included in fixed fare,Included in quoted fare,https://www.agrashivtourandtravels.com/chapera-gurgaon-to-agra-taxi/
chauma-shahpur-kiraoli-agra-to-chandigarh-taxi-services,Chauma Shahpur Kiraoli Agra,Chandigarh,Agra (Localities) -> Chandigarh,Outstation Taxi,day_package_120km,450 km,7 to 8 hours,"Rs. 2,200 (120 KM)","Rs. 2,800 (120 KM)","Rs. 3,000 (120 KM)","Rs. 3,600 (120 KM)",Extra KM: Hatch/Sedan: Rs. 10/km | SUV: Rs. 14/km | Innova: Rs. 16/km,Standard Day Package (120 KM limit),Included for 1-day trip,Included in package,https://www.agrashivtourandtravels.com/chauma-shahpur-kiraoli-agra-to-chandigarh-taxi-services/
chauma-shahpur-to-gurgaon-taxi-services,Chauma Shahpur,Gurgaon,Agra (Localities) -> Gurgaon,Outstation Taxi,day_package_120km,Per actual route,Varies by traffic,"Rs. 2,200 (120 KM)","Rs. 2,800 (120 KM)","Rs. 3,000 (120 KM)","Rs. 3,600 (120 KM)",Extra KM: Hatch/Sedan: Rs. 10/km | SUV: Rs. 14/km | Innova: Rs. 16/km,Standard Day Package (120 KM limit),Included for 1-day trip,Included in package,https://www.agrashivtourandtravels.com/chauma-shahpur-to-gurgaon-taxi-services/
chauma-shahpur-to-haridwar-taxi-services,Chauma Shahpur,Haridwar,Agra (Localities) -> Haridwar,Outstation Taxi,day_package_120km,Per actual route,Varies by traffic,"Rs. 2,200 (120 KM)","Rs. 2,800 (120 KM)","Rs. 3,000 (120 KM)","Rs. 3,600 (120 KM)",Extra KM: Hatch/Sedan: Rs. 10/km | SUV: Rs. 14/km | Innova: Rs. 16/km,Standard Day Package (120 KM limit),Included for 1-day trip,Included in package,https://www.agrashivtourandtravels.com/chauma-shahpur-to-haridwar-taxi-services/
chaurangahar-agra-to-chandigarh-taxi-services,Chaurangahar Agra,Chandigarh,Agra (Localities) -> Chandigarh,Outstation Taxi,day_package_120km,450 km,7 to 8 hours,"Rs. 2,200 (120 KM)","Rs. 2,800 (120 KM)","Rs. 3,000 (120 KM)","Rs. 3,600 (120 KM)",Extra KM: Hatch/Sedan: Rs. 10/km | SUV: Rs. 14/km | Innova: Rs. 16/km,Standard Day Package (120 KM limit),Included for 1-day trip,Included in package,https://www.agrashivtourandtravels.com/chaurangahar-agra-to-chandigarh-taxi-services/
chaurangahar-to-gurgaon-taxi-services,Chaurangahar,Gurgaon,Agra (Localities) -> Gurgaon,Outstation Taxi,day_package_120km,Per actual route,Varies by traffic,"Rs. 2,200 (120 KM)","Rs. 2,800 (120 KM)","Rs. 3,000 (120 KM)","Rs. 3,600 (120 KM)",Extra KM: Hatch/Sedan: Rs. 10/km | SUV: Rs. 14/km | Innova: Rs. 16/km,Standard Day Package (120 KM limit),Included for 1-day trip,Included in package,https://www.agrashivtourandtravels.com/chaurangahar-to-gurgaon-taxi-services/
chaurangahar-to-haridwar-taxi-services,Chaurangahar,Haridwar,Agra (Localities) -> Haridwar,Outstation Taxi,day_package_120km,Per actual route,Varies by traffic,"Rs. 2,200 (120 KM)","Rs. 2,800 (120 KM)","Rs. 3,000 (120 KM)","Rs. 3,600 (120 KM)",Extra KM: Hatch/Sedan: Rs. 10/km | SUV: Rs. 14/km | Innova: Rs. 16/km,Standard Day Package (120 KM limit),Included for 1-day trip,Included in package,https://www.agrashivtourandtravels.com/chaurangahar-to-haridwar-taxi-services/
chawri-bazar-delhi-to-mathura-taxi,Chawri Bazar Delhi,Mathura,Delhi -> Mathura,Outstation Taxi,one_way_and_round_trip,Per actual route,Varies by traffic,"Rs. 2,500","Rs. 2,900","Rs. 4,200","Rs. 4,800",Hatchback: Rs. 9/km | Sedan: Rs. 10/km | SUV: Rs. 14/km | Innova: Rs. 16/km,"Hatchback: Rs. 5,000 | Sedan: Rs. 6,000 | SUV: Rs. 8,000 | Innova: Rs. 9,400",Included in fixed fare,Included in quoted fare,https://www.agrashivtourandtravels.com/chawri-bazar-delhi-to-mathura-taxi/
cheelarh-gurgaon-to-agra-taxi,Cheelarh Gurgaon,Agra,Delhi / Gurgaon (NCR) -> Agra,Outstation Taxi,one_way_and_round_trip,Per actual route,Varies by traffic,"Rs. 2,500","Rs. 2,900","Rs. 4,200","Rs. 4,800",Hatchback: Rs. 9/km | Sedan: Rs. 10/km | SUV: Rs. 14/km | Innova: Rs. 16/km,"Hatchback: Rs. 5,000 | Sedan: Rs. 6,000 | SUV: Rs. 8,000 | Innova: Rs. 9,400",Included in fixed fare,Included in quoted fare,https://www.agrashivtourandtravels.com/cheelarh-gurgaon-to-agra-taxi/
cheet-agra-to-chandigarh-taxi-services,Cheet Agra,Chandigarh,Agra (Localities) -> Chandigarh,Outstation Taxi,day_package_120km,450 km,7 to 8 hours,"Rs. 2,200 (120 KM)","Rs. 2,800 (120 KM)","Rs. 3,000 (120 KM)","Rs. 3,600 (120 KM)",Extra KM: Hatch/Sedan: Rs. 10/km | SUV: Rs. 14/km | Innova: Rs. 16/km,Standard Day Package (120 KM limit),Included for 1-day trip,Included in package,https://www.agrashivtourandtravels.com/cheet-agra-to-chandigarh-taxi-services/
cheet-to-gurgaon-taxi-services,Cheet,Gurgaon,Agra (Localities) -> Gurgaon,Outstation Taxi,day_package_120km,Per actual route,Varies by traffic,"Rs. 2,200 (120 KM)","Rs. 2,800 (120 KM)","Rs. 3,000 (120 KM)","Rs. 3,600 (120 KM)",Extra KM: Hatch/Sedan: Rs. 10/km | SUV: Rs. 14/km | Innova: Rs. 16/km,Standard Day Package (120 KM limit),Included for 1-day trip,Included in package,https://www.agrashivtourandtravels.com/cheet-to-gurgaon-taxi-services/
cheet-to-haridwar-taxi-services,Cheet,Haridwar,Agra (Localities) -> Haridwar,Outstation Taxi,day_package_120km,Per actual route,Varies by traffic,"Rs. 2,200 (120 KM)","Rs. 2,800 (120 KM)","Rs. 3,000 (120 KM)","Rs. 3,600 (120 KM)",Extra KM: Hatch/Sedan: Rs. 10/km | SUV: Rs. 14/km | Innova: Rs. 16/km,Standard Day Package (120 KM limit),Included for 1-day trip,Included in package,https://www.agrashivtourandtravels.com/cheet-to-haridwar-taxi-services/
chhalesar-agra-to-chandigarh-taxi-services,Chhalesar Agra,Chandigarh,Agra (Localities) -> Chandigarh,Outstation Taxi,day_package_120km,450 km,7 to 8 hours,"Rs. 2,200 (120 KM)","Rs. 2,800 (120 KM)","Rs. 3,000 (120 KM)","Rs. 3,600 (120 KM)",Extra KM: Hatch/Sedan: Rs. 10/km | SUV: Rs. 14/km | Innova: Rs. 16/km,Standard Day Package (120 KM limit),Included for 1-day trip,Included in package,https://www.agrashivtourandtravels.com/chhalesar-agra-to-chandigarh-taxi-services/
chhalesar-to-gurgaon-taxi-services,Chhalesar,Gurgaon,Agra (Localities) -> Gurgaon,Outstation Taxi,day_package_120km,Per actual route,Varies by traffic,"Rs. 2,200 (120 KM)","Rs. 2,800 (120 KM)","Rs. 3,000 (120 KM)","Rs. 3,600 (120 KM)",Extra KM: Hatch/Sedan: Rs. 10/km | SUV: Rs. 14/km | Innova: Rs. 16/km,Standard Day Package (120 KM limit),Included for 1-day trip,Included in package,https://www.agrashivtourandtravels.com/chhalesar-to-gurgaon-taxi-services/
chhalesar-to-haridwar-taxi-services,Chhalesar,Haridwar,Agra (Localities) -> Haridwar,Outstation Taxi,day_package_120km,Per actual route,Varies by traffic,"Rs. 2,200 (120 KM)","Rs. 2,800 (120 KM)","Rs. 3,000 (120 KM)","Rs. 3,600 (120 KM)",Extra KM: Hatch/Sedan: Rs. 10/km | SUV: Rs. 14/km | Innova: Rs. 16/km,Standard Day Package (120 KM limit),Included for 1-day trip,Included in package,https://www.agrashivtourandtravels.com/chhalesar-to-haridwar-taxi-services/
chhawla-delhi-to-mathura-taxi,Chhawla Delhi,Mathura,Delhi -> Mathura,Outstation Taxi,one_way_and_round_trip,Per actual route,Varies by traffic,"Rs. 2,500","Rs. 2,900","Rs. 4,200","Rs. 4,800",Hatchback: Rs. 9/km | Sedan: Rs. 10/km | SUV: Rs. 14/km | Innova: Rs. 16/km,"Hatchback: Rs. 5,000 | Sedan: Rs. 6,000 | SUV: Rs. 8,000 | Innova: Rs. 9,400",Included in fixed fare,Included in quoted fare,https://www.agrashivtourandtravels.com/chhawla-delhi-to-mathura-taxi/
chhipitola-to-gurgaon-taxi-services,Chhipitola,Gurgaon,Agra (Localities) -> Gurgaon,Outstation Taxi,day_package_120km,Per actual route,Varies by traffic,"Rs. 2,200 (120 KM)","Rs. 2,800 (120 KM)","Rs. 3,000 (120 KM)","Rs. 3,600 (120 KM)",Extra KM: Hatch/Sedan: Rs. 10/km | SUV: Rs. 14/km | Innova: Rs. 16/km,Standard Day Package (120 KM limit),Included for 1-day trip,Included in package,https://www.agrashivtourandtravels.com/chhipitola-to-gurgaon-taxi-services/
chhipitola-to-haridwar-taxi-services,Chhipitola,Haridwar,Agra (Localities) -> Haridwar,Outstation Taxi,day_package_120km,Per actual route,Varies by traffic,"Rs. 2,200 (120 KM)","Rs. 2,800 (120 KM)","Rs. 3,000 (120 KM)","Rs. 3,600 (120 KM)",Extra KM: Hatch/Sedan: Rs. 10/km | SUV: Rs. 14/km | Innova: Rs. 16/km,Standard Day Package (120 KM limit),Included for 1-day trip,Included in package,https://www.agrashivtourandtravels.com/chhipitola-to-haridwar-taxi-services/
chilla-villege-delhi-to-mathura-taxi,Chilla Villege Delhi,Mathura,Delhi -> Mathura,Outstation Taxi,one_way_and_round_trip,Per actual route,Varies by traffic,"Rs. 2,500","Rs. 2,900","Rs. 4,200","Rs. 4,800",Hatchback: Rs. 9/km | Sedan: Rs. 10/km | SUV: Rs. 14/km | Innova: Rs. 16/km,"Hatchback: Rs. 5,000 | Sedan: Rs. 6,000 | SUV: Rs. 8,000 | Innova: Rs. 9,400",Included in fixed fare,Included in quoted fare,https://www.agrashivtourandtravels.com/chilla-villege-delhi-to-mathura-taxi/
chimman-lal-road-agra-to-chandigarh-taxi-services,Chimman Lal Road Agra,Chandigarh,Agra (Localities) -> Chandigarh,Outstation Taxi,day_package_120km,450 km,7 to 8 hours,"Rs. 2,200 (120 KM)","Rs. 2,800 (120 KM)","Rs. 3,000 (120 KM)","Rs. 3,600 (120 KM)",Extra KM: Hatch/Sedan: Rs. 10/km | SUV: Rs. 14/km | Innova: Rs. 16/km,Standard Day Package (120 KM limit),Included for 1-day trip,Included in package,https://www.agrashivtourandtravels.com/chimman-lal-road-agra-to-chandigarh-taxi-services/
chimman-lal-road-to-gurgaon-taxi-services,Chimman Lal Road,Gurgaon,Agra (Localities) -> Gurgaon,Outstation Taxi,day_package_120km,Per actual route,Varies by traffic,"Rs. 2,200 (120 KM)","Rs. 2,800 (120 KM)","Rs. 3,000 (120 KM)","Rs. 3,600 (120 KM)",Extra KM: Hatch/Sedan: Rs. 10/km | SUV: Rs. 14/km | Innova: Rs. 16/km,Standard Day Package (120 KM limit),Included for 1-day trip,Included in package,https://www.agrashivtourandtravels.com/chimman-lal-road-to-gurgaon-taxi-services/
chimman-lal-road-to-haridwar-taxi-services,Chimman Lal Road,Haridwar,Agra (Localities) -> Haridwar,Outstation Taxi,day_package_120km,Per actual route,Varies by traffic,"Rs. 2,200 (120 KM)","Rs. 2,800 (120 KM)","Rs. 3,000 (120 KM)","Rs. 3,600 (120 KM)",Extra KM: Hatch/Sedan: Rs. 10/km | SUV: Rs. 14/km | Innova: Rs. 16/km,Standard Day Package (120 KM limit),Included for 1-day trip,Included in package,https://www.agrashivtourandtravels.com/chimman-lal-road-to-haridwar-taxi-services/
chitaura-fatehabad-agra-to-chandigarh-taxi-services,Chitaura Fatehabad Agra,Chandigarh,Agra (Localities) -> Chandigarh,Outstation Taxi,day_package_120km,450 km,7 to 8 hours,"Rs. 2,200 (120 KM)","Rs. 2,800 (120 KM)","Rs. 3,000 (120 KM)","Rs. 3,600 (120 KM)",Extra KM: Hatch/Sedan: Rs. 10/km | SUV: Rs. 14/km | Innova: Rs. 16/km,Standard Day Package (120 KM limit),Included for 1-day trip,Included in package,https://www.agrashivtourandtravels.com/chitaura-fatehabad-agra-to-chandigarh-taxi-services/
chitaura-to-gurgaon-taxi-services,Chitaura,Gurgaon,Agra (Localities) -> Gurgaon,Outstation Taxi,day_package_120km,Per actual route,Varies by traffic,"Rs. 2,200 (120 KM)","Rs. 2,800 (120 KM)","Rs. 3,000 (120 KM)","Rs. 3,600 (120 KM)",Extra KM: Hatch/Sedan: Rs. 10/km | SUV: Rs. 14/km | Innova: Rs. 16/km,Standard Day Package (120 KM limit),Included for 1-day trip,Included in package,https://www.agrashivtourandtravels.com/chitaura-to-gurgaon-taxi-services/
chitaura-to-haridwar-taxi-services,Chitaura,Haridwar,Agra (Localities) -> Haridwar,Outstation Taxi,day_package_120km,Per actual route,Varies by traffic,"Rs. 2,200 (120 KM)","Rs. 2,800 (120 KM)","Rs. 3,000 (120 KM)","Rs. 3,600 (120 KM)",Extra KM: Hatch/Sedan: Rs. 10/km | SUV: Rs. 14/km | Innova: Rs. 16/km,Standard Day Package (120 KM limit),Included for 1-day trip,Included in package,https://www.agrashivtourandtravels.com/chitaura-to-haridwar-taxi-services/
chitra-hat-bah-agra-to-chandigarh-taxi-services,Chitra Hat Bah Agra,Chandigarh,Agra (Localities) -> Chandigarh,Outstation Taxi,day_package_120km,450 km,7 to 8 hours,"Rs. 2,200 (120 KM)","Rs. 2,800 (120 KM)","Rs. 3,000 (120 KM)","Rs. 3,600 (120 KM)",Extra KM: Hatch/Sedan: Rs. 10/km | SUV: Rs. 14/km | Innova: Rs. 16/km,Standard Day Package (120 KM limit),Included for 1-day trip,Included in package,https://www.agrashivtourandtravels.com/chitra-hat-bah-agra-to-chandigarh-taxi-services/
chitra-hat-to-gurgaon-taxi-services,Chitra Hat,Gurgaon,Agra (Localities) -> Gurgaon,Outstation Taxi,day_package_120km,Per actual route,Varies by traffic,"Rs. 2,200 (120 KM)","Rs. 2,800 (120 KM)","Rs. 3,000 (120 KM)","Rs. 3,600 (120 KM)",Extra KM: Hatch/Sedan: Rs. 10/km | SUV: Rs. 14/km | Innova: Rs. 16/km,Standard Day Package (120 KM limit),Included for 1-day trip,Included in package,https://www.agrashivtourandtravels.com/chitra-hat-to-gurgaon-taxi-services/
chitra-hat-to-haridwar-taxi-services,Chitra Hat,Haridwar,Agra (Localities) -> Haridwar,Outstation Taxi,day_package_120km,Per actual route,Varies by traffic,"Rs. 2,200 (120 KM)","Rs. 2,800 (120 KM)","Rs. 3,000 (120 KM)","Rs. 3,600 (120 KM)",Extra KM: Hatch/Sedan: Rs. 10/km | SUV: Rs. 14/km | Innova: Rs. 16/km,Standard Day Package (120 KM limit),Included for 1-day trip,Included in package,https://www.agrashivtourandtravels.com/chitra-hat-to-haridwar-taxi-services/
chokda-etmadpur-agra-to-chandigarh-taxi-services,Chokda Etmadpur Agra,Chandigarh,Agra (Localities) -> Chandigarh,Outstation Taxi,day_package_120km,450 km,7 to 8 hours,"Rs. 2,200 (120 KM)","Rs. 2,800 (120 KM)","Rs. 3,000 (120 KM)","Rs. 3,600 (120 KM)",Extra KM: Hatch/Sedan: Rs. 10/km | SUV: Rs. 14/km | Innova: Rs. 16/km,Standard Day Package (120 KM limit),Included for 1-day trip,Included in package,https://www.agrashivtourandtravels.com/chokda-etmadpur-agra-to-chandigarh-taxi-services/
chokda-to-gurgaon-taxi-services,Chokda,Gurgaon,Agra (Localities) -> Gurgaon,Outstation Taxi,day_package_120km,Per actual route,Varies by traffic,"Rs. 2,200 (120 KM)","Rs. 2,800 (120 KM)","Rs. 3,000 (120 KM)","Rs. 3,600 (120 KM)",Extra KM: Hatch/Sedan: Rs. 10/km | SUV: Rs. 14/km | Innova: Rs. 16/km,Standard Day Package (120 KM limit),Included for 1-day trip,Included in package,https://www.agrashivtourandtravels.com/chokda-to-gurgaon-taxi-services/
chokda-to-haridwar-taxi-services,Chokda,Haridwar,Agra (Localities) -> Haridwar,Outstation Taxi,day_package_120km,Per actual route,Varies by traffic,"Rs. 2,200 (120 KM)","Rs. 2,800 (120 KM)","Rs. 3,000 (120 KM)","Rs. 3,600 (120 KM)",Extra KM: Hatch/Sedan: Rs. 10/km | SUV: Rs. 14/km | Innova: Rs. 16/km,Standard Day Package (120 KM limit),Included for 1-day trip,Included in package,https://www.agrashivtourandtravels.com/chokda-to-haridwar-taxi-services/
churiyari-kiraoli-agra-to-chandigarh-taxi-services,Churiyari Kiraoli Agra,Chandigarh,Agra (Localities) -> Chandigarh,Outstation Taxi,day_package_120km,450 km,7 to 8 hours,"Rs. 2,200 (120 KM)","Rs. 2,800 (120 KM)","Rs. 3,000 (120 KM)","Rs. 3,600 (120 KM)",Extra KM: Hatch/Sedan: Rs. 10/km | SUV: Rs. 14/km | Innova: Rs. 16/km,Standard Day Package (120 KM limit),Included for 1-day trip,Included in package,https://www.agrashivtourandtravels.com/churiyari-kiraoli-agra-to-chandigarh-taxi-services/
churiyari-to-gurgaon-taxi-services,Churiyari,Gurgaon,Agra (Localities) -> Gurgaon,Outstation Taxi,day_package_120km,Per actual route,Varies by traffic,"Rs. 2,200 (120 KM)","Rs. 2,800 (120 KM)","Rs. 3,000 (120 KM)","Rs. 3,600 (120 KM)",Extra KM: Hatch/Sedan: Rs. 10/km | SUV: Rs. 14/km | Innova: Rs. 16/km,Standard Day Package (120 KM limit),Included for 1-day trip,Included in package,https://www.agrashivtourandtravels.com/churiyari-to-gurgaon-taxi-services/
churiyari-to-haridwar-taxi-services,Churiyari,Haridwar,Agra (Localities) -> Haridwar,Outstation Taxi,day_package_120km,Per actual route,Varies by traffic,"Rs. 2,200 (120 KM)","Rs. 2,800 (120 KM)","Rs. 3,000 (120 KM)","Rs. 3,600 (120 KM)",Extra KM: Hatch/Sedan: Rs. 10/km | SUV: Rs. 14/km | Innova: Rs. 16/km,Standard Day Package (120 KM limit),Included for 1-day trip,Included in package,https://www.agrashivtourandtravels.com/churiyari-to-haridwar-taxi-services/
civil-court-agra-to-chandigarh-taxi-services,Civil Court Agra,Chandigarh,Agra (Localities) -> Chandigarh,Outstation Taxi,day_package_120km,450 km,7 to 8 hours,"Rs. 2,200 (120 KM)","Rs. 2,800 (120 KM)","Rs. 3,000 (120 KM)","Rs. 3,600 (120 KM)",Extra KM: Hatch/Sedan: Rs. 10/km | SUV: Rs. 14/km | Innova: Rs. 16/km,Standard Day Package (120 KM limit),Included for 1-day trip,Included in package,https://www.agrashivtourandtravels.com/civil-court-agra-to-chandigarh-taxi-services/
civil-court-to-gurgaon-taxi-services,Civil Court,Gurgaon,Agra (Localities) -> Gurgaon,Outstation Taxi,day_package_120km,Per actual route,Varies by traffic,"Rs. 2,200 (120 KM)","Rs. 2,800 (120 KM)","Rs. 3,000 (120 KM)","Rs. 3,600 (120 KM)",Extra KM: Hatch/Sedan: Rs. 10/km | SUV: Rs. 14/km | Innova: Rs. 16/km,Standard Day Package (120 KM limit),Included for 1-day trip,Included in package,https://www.agrashivtourandtravels.com/civil-court-to-gurgaon-taxi-services/
civil-court-to-haridwar-taxi-services,Civil Court,Haridwar,Agra (Localities) -> Haridwar,Outstation Taxi,day_package_120km,Per actual route,Varies by traffic,"Rs. 2,200 (120 KM)","Rs. 2,800 (120 KM)","Rs. 3,000 (120 KM)","Rs. 3,600 (120 KM)",Extra KM: Hatch/Sedan: Rs. 10/km | SUV: Rs. 14/km | Innova: Rs. 16/km,Standard Day Package (120 KM limit),Included for 1-day trip,Included in package,https://www.agrashivtourandtravels.com/civil-court-to-haridwar-taxi-services/
civil-line-agra-to-chandigarh-taxi-services,Civil Line Agra,Chandigarh,Agra (Localities) -> Chandigarh,Outstation Taxi,day_package_120km,450 km,7 to 8 hours,"Rs. 2,200 (120 KM)","Rs. 2,800 (120 KM)","Rs. 3,000 (120 KM)","Rs. 3,600 (120 KM)",Extra KM: Hatch/Sedan: Rs. 10/km | SUV: Rs. 14/km | Innova: Rs. 16/km,Standard Day Package (120 KM limit),Included for 1-day trip,Included in package,https://www.agrashivtourandtravels.com/civil-line-agra-to-chandigarh-taxi-services/
civil-line-to-gurgaon-taxi-services,Civil Line,Gurgaon,Agra (Localities) -> Gurgaon,Outstation Taxi,day_package_120km,Per actual route,Varies by traffic,"Rs. 2,200 (120 KM)","Rs. 2,800 (120 KM)","Rs. 3,000 (120 KM)","Rs. 3,600 (120 KM)",Extra KM: Hatch/Sedan: Rs. 10/km | SUV: Rs. 14/km | Innova: Rs. 16/km,Standard Day Package (120 KM limit),Included for 1-day trip,Included in package,https://www.agrashivtourandtravels.com/civil-line-to-gurgaon-taxi-services/
civil-line-to-haridwar-taxi-services,Civil Line,Haridwar,Agra (Localities) -> Haridwar,Outstation Taxi,day_package_120km,Per actual route,Varies by traffic,"Rs. 2,200 (120 KM)","Rs. 2,800 (120 KM)","Rs. 3,000 (120 KM)","Rs. 3,600 (120 KM)",Extra KM: Hatch/Sedan: Rs. 10/km | SUV: Rs. 14/km | Innova: Rs. 16/km,Standard Day Package (120 KM limit),Included for 1-day trip,Included in package,https://www.agrashivtourandtravels.com/civil-line-to-haridwar-taxi-services/
civil-lines-delhi-to-mathura-taxi,Civil Lines Delhi,Mathura,Delhi -> Mathura,Outstation Taxi,one_way_and_round_trip,Per actual route,Varies by traffic,"Rs. 2,500","Rs. 2,900","Rs. 4,200","Rs. 4,800",Hatchback: Rs. 9/km | Sedan: Rs. 10/km | SUV: Rs. 14/km | Innova: Rs. 16/km,"Hatchback: Rs. 5,000 | Sedan: Rs. 6,000 | SUV: Rs. 8,000 | Innova: Rs. 9,400",Included in fixed fare,Included in quoted fare,https://www.agrashivtourandtravels.com/civil-lines-delhi-to-mathura-taxi/
cod-to-gurgaon-taxi-services,Cod,Gurgaon,Agra (Localities) -> Gurgaon,Outstation Taxi,day_package_120km,Per actual route,Varies by traffic,"Rs. 2,200 (120 KM)","Rs. 2,800 (120 KM)","Rs. 3,000 (120 KM)","Rs. 3,600 (120 KM)",Extra KM: Hatch/Sedan: Rs. 10/km | SUV: Rs. 14/km | Innova: Rs. 16/km,Standard Day Package (120 KM limit),Included for 1-day trip,Included in package,https://www.agrashivtourandtravels.com/cod-to-gurgaon-taxi-services/
cod-to-haridwar-taxi-services,Cod,Haridwar,Agra (Localities) -> Haridwar,Outstation Taxi,day_package_120km,Per actual route,Varies by traffic,"Rs. 2,200 (120 KM)","Rs. 2,800 (120 KM)","Rs. 3,000 (120 KM)","Rs. 3,600 (120 KM)",Extra KM: Hatch/Sedan: Rs. 10/km | SUV: Rs. 14/km | Innova: Rs. 16/km,Standard Day Package (120 KM limit),Included for 1-day trip,Included in package,https://www.agrashivtourandtravels.com/cod-to-haridwar-taxi-services/
collectrate-agra-to-chandigarh-taxi-services,Collectrate Agra,Chandigarh,Agra (Localities) -> Chandigarh,Outstation Taxi,day_package_120km,450 km,7 to 8 hours,"Rs. 2,200 (120 KM)","Rs. 2,800 (120 KM)","Rs. 3,000 (120 KM)","Rs. 3,600 (120 KM)",Extra KM: Hatch/Sedan: Rs. 10/km | SUV: Rs. 14/km | Innova: Rs. 16/km,Standard Day Package (120 KM limit),Included for 1-day trip,Included in package,https://www.agrashivtourandtravels.com/collectrate-agra-to-chandigarh-taxi-services/
collectrate-to-gurgaon-taxi-services,Collectrate,Gurgaon,Agra (Localities) -> Gurgaon,Outstation Taxi,day_package_120km,Per actual route,Varies by traffic,"Rs. 2,200 (120 KM)","Rs. 2,800 (120 KM)","Rs. 3,000 (120 KM)","Rs. 3,600 (120 KM)",Extra KM: Hatch/Sedan: Rs. 10/km | SUV: Rs. 14/km | Innova: Rs. 16/km,Standard Day Package (120 KM limit),Included for 1-day trip,Included in package,https://www.agrashivtourandtravels.com/collectrate-to-gurgaon-taxi-services/
collectrate-to-haridwar-taxi-services,Collectrate,Haridwar,Agra (Localities) -> Haridwar,Outstation Taxi,day_package_120km,Per actual route,Varies by traffic,"Rs. 2,200 (120 KM)","Rs. 2,800 (120 KM)","Rs. 3,000 (120 KM)","Rs. 3,600 (120 KM)",Extra KM: Hatch/Sedan: Rs. 10/km | SUV: Rs. 14/km | Innova: Rs. 16/km,Standard Day Package (120 KM limit),Included for 1-day trip,Included in package,https://www.agrashivtourandtravels.com/collectrate-to-haridwar-taxi-services/
connaught-place-delhi-to-mathura-taxi,Connaught Place Delhi,Mathura,Delhi -> Mathura,Outstation Taxi,one_way_and_round_trip,Per actual route,Varies by traffic,"Rs. 2,500","Rs. 2,900","Rs. 4,200","Rs. 4,800",Hatchback: Rs. 9/km | Sedan: Rs. 10/km | SUV: Rs. 14/km | Innova: Rs. 16/km,"Hatchback: Rs. 5,000 | Sedan: Rs. 6,000 | SUV: Rs. 8,000 | Innova: Rs. 9,400",Included in fixed fare,Included in quoted fare,https://www.agrashivtourandtravels.com/connaught-place-delhi-to-mathura-taxi/
constitution-house-delhi-to-mathura-taxi,Constitution House Delhi,Mathura,Delhi -> Mathura,Outstation Taxi,one_way_and_round_trip,Per actual route,Varies by traffic,"Rs. 2,500","Rs. 2,900","Rs. 4,200","Rs. 4,800",Hatchback: Rs. 9/km | Sedan: Rs. 10/km | SUV: Rs. 14/km | Innova: Rs. 16/km,"Hatchback: Rs. 5,000 | Sedan: Rs. 6,000 | SUV: Rs. 8,000 | Innova: Rs. 9,400",Included in fixed fare,Included in quoted fare,https://www.agrashivtourandtravels.com/constitution-house-delhi-to-mathura-taxi/
contact-ii,General,General,Other Regional Routes & Informational Hubs,Special Service / Information Page,custom_or_hourly,Per actual route,Varies by traffic,N/A,N/A,N/A,N/A,N/A,N/A,N/A,N/A,https://www.agrashivtourandtravels.com/contact-ii/
dabar-agra-to-chandigarh-taxi-services,Dabar Agra,Chandigarh,Agra (Localities) -> Chandigarh,Outstation Taxi,day_package_120km,450 km,7 to 8 hours,"Rs. 2,200 (120 KM)","Rs. 2,800 (120 KM)","Rs. 3,000 (120 KM)","Rs. 3,600 (120 KM)",Extra KM: Hatch/Sedan: Rs. 10/km | SUV: Rs. 14/km | Innova: Rs. 16/km,Standard Day Package (120 KM limit),Included for 1-day trip,Included in package,https://www.agrashivtourandtravels.com/dabar-agra-to-chandigarh-taxi-services/
dabar-to-gurgaon-taxi-services,Dabar,Gurgaon,Agra (Localities) -> Gurgaon,Outstation Taxi,day_package_120km,Per actual route,Varies by traffic,"Rs. 2,200 (120 KM)","Rs. 2,800 (120 KM)","Rs. 3,000 (120 KM)","Rs. 3,600 (120 KM)",Extra KM: Hatch/Sedan: Rs. 10/km | SUV: Rs. 14/km | Innova: Rs. 16/km,Standard Day Package (120 KM limit),Included for 1-day trip,Included in package,https://www.agrashivtourandtravels.com/dabar-to-gurgaon-taxi-services/
dabar-to-haridwar-taxi-services,Dabar,Haridwar,Agra (Localities) -> Haridwar,Outstation Taxi,day_package_120km,Per actual route,Varies by traffic,"Rs. 2,200 (120 KM)","Rs. 2,800 (120 KM)","Rs. 3,000 (120 KM)","Rs. 3,600 (120 KM)",Extra KM: Hatch/Sedan: Rs. 10/km | SUV: Rs. 14/km | Innova: Rs. 16/km,Standard Day Package (120 KM limit),Included for 1-day trip,Included in package,https://www.agrashivtourandtravels.com/dabar-to-haridwar-taxi-services/
dahtora-agra-to-chandigarh-taxi-services,Dahtora Agra,Chandigarh,Agra (Localities) -> Chandigarh,Outstation Taxi,day_package_120km,450 km,7 to 8 hours,"Rs. 2,200 (120 KM)","Rs. 2,800 (120 KM)","Rs. 3,000 (120 KM)","Rs. 3,600 (120 KM)",Extra KM: Hatch/Sedan: Rs. 10/km | SUV: Rs. 14/km | Innova: Rs. 16/km,Standard Day Package (120 KM limit),Included for 1-day trip,Included in package,https://www.agrashivtourandtravels.com/dahtora-agra-to-chandigarh-taxi-services/
dahtora-to-gurgaon-taxi-services,Dahtora,Gurgaon,Agra (Localities) -> Gurgaon,Outstation Taxi,day_package_120km,Per actual route,Varies by traffic,"Rs. 2,200 (120 KM)","Rs. 2,800 (120 KM)","Rs. 3,000 (120 KM)","Rs. 3,600 (120 KM)",Extra KM: Hatch/Sedan: Rs. 10/km | SUV: Rs. 14/km | Innova: Rs. 16/km,Standard Day Package (120 KM limit),Included for 1-day trip,Included in package,https://www.agrashivtourandtravels.com/dahtora-to-gurgaon-taxi-services/
dahtora-to-haridwar-taxi-services,Dahtora,Haridwar,Agra (Localities) -> Haridwar,Outstation Taxi,day_package_120km,Per actual route,Varies by traffic,"Rs. 2,200 (120 KM)","Rs. 2,800 (120 KM)","Rs. 3,000 (120 KM)","Rs. 3,600 (120 KM)",Extra KM: Hatch/Sedan: Rs. 10/km | SUV: Rs. 14/km | Innova: Rs. 16/km,Standard Day Package (120 KM limit),Included for 1-day trip,Included in package,https://www.agrashivtourandtravels.com/dahtora-to-haridwar-taxi-services/
damdama-gurgaon-to-agra-taxi,Damdama Gurgaon,Agra,Delhi / Gurgaon (NCR) -> Agra,Outstation Taxi,one_way_and_round_trip,Per actual route,Varies by traffic,"Rs. 2,500","Rs. 2,900","Rs. 4,200","Rs. 4,800",Hatchback: Rs. 9/km | Sedan: Rs. 10/km | SUV: Rs. 14/km | Innova: Rs. 16/km,"Hatchback: Rs. 5,000 | Sedan: Rs. 6,000 | SUV: Rs. 8,000 | Innova: Rs. 9,400",Included in fixed fare,Included in quoted fare,https://www.agrashivtourandtravels.com/damdama-gurgaon-to-agra-taxi/
dankasha-agra-to-chandigarh-taxi-services,Dankasha Agra,Chandigarh,Agra (Localities) -> Chandigarh,Outstation Taxi,day_package_120km,450 km,7 to 8 hours,"Rs. 2,200 (120 KM)","Rs. 2,800 (120 KM)","Rs. 3,000 (120 KM)","Rs. 3,600 (120 KM)",Extra KM: Hatch/Sedan: Rs. 10/km | SUV: Rs. 14/km | Innova: Rs. 16/km,Standard Day Package (120 KM limit),Included for 1-day trip,Included in package,https://www.agrashivtourandtravels.com/dankasha-agra-to-chandigarh-taxi-services/
dankasha-to-gurgaon-taxi-services,Dankasha,Gurgaon,Agra (Localities) -> Gurgaon,Outstation Taxi,day_package_120km,Per actual route,Varies by traffic,"Rs. 2,200 (120 KM)","Rs. 2,800 (120 KM)","Rs. 3,000 (120 KM)","Rs. 3,600 (120 KM)",Extra KM: Hatch/Sedan: Rs. 10/km | SUV: Rs. 14/km | Innova: Rs. 16/km,Standard Day Package (120 KM limit),Included for 1-day trip,Included in package,https://www.agrashivtourandtravels.com/dankasha-to-gurgaon-taxi-services/
dankasha-to-haridwar-taxi-services,Dankasha,Haridwar,Agra (Localities) -> Haridwar,Outstation Taxi,day_package_120km,Per actual route,Varies by traffic,"Rs. 2,200 (120 KM)","Rs. 2,800 (120 KM)","Rs. 3,000 (120 KM)","Rs. 3,600 (120 KM)",Extra KM: Hatch/Sedan: Rs. 10/km | SUV: Rs. 14/km | Innova: Rs. 16/km,Standard Day Package (120 KM limit),Included for 1-day trip,Included in package,https://www.agrashivtourandtravels.com/dankasha-to-haridwar-taxi-services/
daoli-agra-to-chandigarh-taxi-services,Daoli Agra,Chandigarh,Agra (Localities) -> Chandigarh,Outstation Taxi,day_package_120km,450 km,7 to 8 hours,"Rs. 2,200 (120 KM)","Rs. 2,800 (120 KM)","Rs. 3,000 (120 KM)","Rs. 3,600 (120 KM)",Extra KM: Hatch/Sedan: Rs. 10/km | SUV: Rs. 14/km | Innova: Rs. 16/km,Standard Day Package (120 KM limit),Included for 1-day trip,Included in package,https://www.agrashivtourandtravels.com/daoli-agra-to-chandigarh-taxi-services/
daoli-to-gurgaon-taxi-services,Daoli,Gurgaon,Agra (Localities) -> Gurgaon,Outstation Taxi,day_package_120km,Per actual route,Varies by traffic,"Rs. 2,200 (120 KM)","Rs. 2,800 (120 KM)","Rs. 3,000 (120 KM)","Rs. 3,600 (120 KM)",Extra KM: Hatch/Sedan: Rs. 10/km | SUV: Rs. 14/km | Innova: Rs. 16/km,Standard Day Package (120 KM limit),Included for 1-day trip,Included in package,https://www.agrashivtourandtravels.com/daoli-to-gurgaon-taxi-services/
daoli-to-haridwar-taxi-services,Daoli,Haridwar,Agra (Localities) -> Haridwar,Outstation Taxi,day_package_120km,Per actual route,Varies by traffic,"Rs. 2,200 (120 KM)","Rs. 2,800 (120 KM)","Rs. 3,000 (120 KM)","Rs. 3,600 (120 KM)",Extra KM: Hatch/Sedan: Rs. 10/km | SUV: Rs. 14/km | Innova: Rs. 16/km,Standard Day Package (120 KM limit),Included for 1-day trip,Included in package,https://www.agrashivtourandtravels.com/daoli-to-haridwar-taxi-services/
dareeba-delhi-to-mathura-taxi,Dareeba Delhi,Mathura,Delhi -> Mathura,Outstation Taxi,one_way_and_round_trip,Per actual route,Varies by traffic,"Rs. 2,500","Rs. 2,900","Rs. 4,200","Rs. 4,800",Hatchback: Rs. 9/km | Sedan: Rs. 10/km | SUV: Rs. 14/km | Innova: Rs. 16/km,"Hatchback: Rs. 5,000 | Sedan: Rs. 6,000 | SUV: Rs. 8,000 | Innova: Rs. 9,400",Included in fixed fare,Included in quoted fare,https://www.agrashivtourandtravels.com/dareeba-delhi-to-mathura-taxi/
darki-agra-to-chandigarh-taxi-services,Darki Agra,Chandigarh,Agra (Localities) -> Chandigarh,Outstation Taxi,day_package_120km,450 km,7 to 8 hours,"Rs. 2,200 (120 KM)","Rs. 2,800 (120 KM)","Rs. 3,000 (120 KM)","Rs. 3,600 (120 KM)",Extra KM: Hatch/Sedan: Rs. 10/km | SUV: Rs. 14/km | Innova: Rs. 16/km,Standard Day Package (120 KM limit),Included for 1-day trip,Included in package,https://www.agrashivtourandtravels.com/darki-agra-to-chandigarh-taxi-services/
darki-to-gurgaon-taxi-services,Darki,Gurgaon,Agra (Localities) -> Gurgaon,Outstation Taxi,day_package_120km,Per actual route,Varies by traffic,"Rs. 2,200 (120 KM)","Rs. 2,800 (120 KM)","Rs. 3,000 (120 KM)","Rs. 3,600 (120 KM)",Extra KM: Hatch/Sedan: Rs. 10/km | SUV: Rs. 14/km | Innova: Rs. 16/km,Standard Day Package (120 KM limit),Included for 1-day trip,Included in package,https://www.agrashivtourandtravels.com/darki-to-gurgaon-taxi-services/
darki-to-haridwar-taxi-services,Darki,Haridwar,Agra (Localities) -> Haridwar,Outstation Taxi,day_package_120km,Per actual route,Varies by traffic,"Rs. 2,200 (120 KM)","Rs. 2,800 (120 KM)","Rs. 3,000 (120 KM)","Rs. 3,600 (120 KM)",Extra KM: Hatch/Sedan: Rs. 10/km | SUV: Rs. 14/km | Innova: Rs. 16/km,Standard Day Package (120 KM limit),Included for 1-day trip,Included in package,https://www.agrashivtourandtravels.com/darki-to-haridwar-taxi-services/
darya-ganj-delhi-to-mathura-taxi,Darya Ganj Delhi,Mathura,Delhi -> Mathura,Outstation Taxi,one_way_and_round_trip,Per actual route,Varies by traffic,"Rs. 2,500","Rs. 2,900","Rs. 4,200","Rs. 4,800",Hatchback: Rs. 9/km | Sedan: Rs. 10/km | SUV: Rs. 14/km | Innova: Rs. 16/km,"Hatchback: Rs. 5,000 | Sedan: Rs. 6,000 | SUV: Rs. 8,000 | Innova: Rs. 9,400",Included in fixed fare,Included in quoted fare,https://www.agrashivtourandtravels.com/darya-ganj-delhi-to-mathura-taxi/
dauki-bah-agra-to-chandigarh-taxi-services,Dauki Bah Agra,Chandigarh,Agra (Localities) -> Chandigarh,Outstation Taxi,day_package_120km,450 km,7 to 8 hours,"Rs. 2,200 (120 KM)","Rs. 2,800 (120 KM)","Rs. 3,000 (120 KM)","Rs. 3,600 (120 KM)",Extra KM: Hatch/Sedan: Rs. 10/km | SUV: Rs. 14/km | Innova: Rs. 16/km,Standard Day Package (120 KM limit),Included for 1-day trip,Included in package,https://www.agrashivtourandtravels.com/dauki-bah-agra-to-chandigarh-taxi-services/
dauki-to-gurgaon-taxi-services,Dauki,Gurgaon,Agra (Localities) -> Gurgaon,Outstation Taxi,day_package_120km,Per actual route,Varies by traffic,"Rs. 2,200 (120 KM)","Rs. 2,800 (120 KM)","Rs. 3,000 (120 KM)","Rs. 3,600 (120 KM)",Extra KM: Hatch/Sedan: Rs. 10/km | SUV: Rs. 14/km | Innova: Rs. 16/km,Standard Day Package (120 KM limit),Included for 1-day trip,Included in package,https://www.agrashivtourandtravels.com/dauki-to-gurgaon-taxi-services/
dauki-to-haridwar-taxi-services,Dauki,Haridwar,Agra (Localities) -> Haridwar,Outstation Taxi,day_package_120km,Per actual route,Varies by traffic,"Rs. 2,200 (120 KM)","Rs. 2,800 (120 KM)","Rs. 3,000 (120 KM)","Rs. 3,600 (120 KM)",Extra KM: Hatch/Sedan: Rs. 10/km | SUV: Rs. 14/km | Innova: Rs. 16/km,Standard Day Package (120 KM limit),Included for 1-day trip,Included in package,https://www.agrashivtourandtravels.com/dauki-to-haridwar-taxi-services/
daulah-gurgaon-to-agra-taxi,Daulah Gurgaon,Agra,Delhi / Gurgaon (NCR) -> Agra,Outstation Taxi,one_way_and_round_trip,Per actual route,Varies by traffic,"Rs. 2,500","Rs. 2,900","Rs. 4,200","Rs. 4,800",Hatchback: Rs. 9/km | Sedan: Rs. 10/km | SUV: Rs. 14/km | Innova: Rs. 16/km,"Hatchback: Rs. 5,000 | Sedan: Rs. 6,000 | SUV: Rs. 8,000 | Innova: Rs. 9,400",Included in fixed fare,Included in quoted fare,https://www.agrashivtourandtravels.com/daulah-gurgaon-to-agra-taxi/
daultabad-agra-to-chandigarh-taxi-services,Daultabad Agra,Chandigarh,Agra (Localities) -> Chandigarh,Outstation Taxi,day_package_120km,450 km,7 to 8 hours,"Rs. 2,200 (120 KM)","Rs. 2,800 (120 KM)","Rs. 3,000 (120 KM)","Rs. 3,600 (120 KM)",Extra KM: Hatch/Sedan: Rs. 10/km | SUV: Rs. 14/km | Innova: Rs. 16/km,Standard Day Package (120 KM limit),Included for 1-day trip,Included in package,https://www.agrashivtourandtravels.com/daultabad-agra-to-chandigarh-taxi-services/
daultabad-gurgaon-to-agra-taxi,Daultabad Gurgaon,Agra,Delhi / Gurgaon (NCR) -> Agra,Outstation Taxi,one_way_and_round_trip,Per actual route,Varies by traffic,"Rs. 2,500","Rs. 2,900","Rs. 4,200","Rs. 4,800",Hatchback: Rs. 9/km | Sedan: Rs. 10/km | SUV: Rs. 14/km | Innova: Rs. 16/km,"Hatchback: Rs. 5,000 | Sedan: Rs. 6,000 | SUV: Rs. 8,000 | Innova: Rs. 9,400",Included in fixed fare,Included in quoted fare,https://www.agrashivtourandtravels.com/daultabad-gurgaon-to-agra-taxi/
daultabad-to-gurgaon-taxi-services,Daultabad,Gurgaon,Agra (Localities) -> Gurgaon,Outstation Taxi,day_package_120km,Per actual route,Varies by traffic,"Rs. 2,200 (120 KM)","Rs. 2,800 (120 KM)","Rs. 3,000 (120 KM)","Rs. 3,600 (120 KM)",Extra KM: Hatch/Sedan: Rs. 10/km | SUV: Rs. 14/km | Innova: Rs. 16/km,Standard Day Package (120 KM limit),Included for 1-day trip,Included in package,https://www.agrashivtourandtravels.com/daultabad-to-gurgaon-taxi-services/
daultabad-to-haridwar-taxi-services,Daultabad,Haridwar,Agra (Localities) -> Haridwar,Outstation Taxi,day_package_120km,Per actual route,Varies by traffic,"Rs. 2,200 (120 KM)","Rs. 2,800 (120 KM)","Rs. 3,000 (120 KM)","Rs. 3,600 (120 KM)",Extra KM: Hatch/Sedan: Rs. 10/km | SUV: Rs. 14/km | Innova: Rs. 16/km,Standard Day Package (120 KM limit),Included for 1-day trip,Included in package,https://www.agrashivtourandtravels.com/daultabad-to-haridwar-taxi-services/
dayal-bagh-agra-to-chandigarh-taxi-services,Dayal Bagh Agra,Chandigarh,Agra (Localities) -> Chandigarh,Outstation Taxi,day_package_120km,450 km,7 to 8 hours,"Rs. 2,200 (120 KM)","Rs. 2,800 (120 KM)","Rs. 3,000 (120 KM)","Rs. 3,600 (120 KM)",Extra KM: Hatch/Sedan: Rs. 10/km | SUV: Rs. 14/km | Innova: Rs. 16/km,Standard Day Package (120 KM limit),Included for 1-day trip,Included in package,https://www.agrashivtourandtravels.com/dayal-bagh-agra-to-chandigarh-taxi-services/
dayal-bagh-to-gurgaon-taxi-services,Dayal Bagh,Gurgaon,Agra (Localities) -> Gurgaon,Outstation Taxi,day_package_120km,Per actual route,Varies by traffic,"Rs. 2,200 (120 KM)","Rs. 2,800 (120 KM)","Rs. 3,000 (120 KM)","Rs. 3,600 (120 KM)",Extra KM: Hatch/Sedan: Rs. 10/km | SUV: Rs. 14/km | Innova: Rs. 16/km,Standard Day Package (120 KM limit),Included for 1-day trip,Included in package,https://www.agrashivtourandtravels.com/dayal-bagh-to-gurgaon-taxi-services/
dayal-bagh-to-haridwar-taxi-services,Dayal Bagh,Haridwar,Agra (Localities) -> Haridwar,Outstation Taxi,day_package_120km,Per actual route,Varies by traffic,"Rs. 2,200 (120 KM)","Rs. 2,800 (120 KM)","Rs. 3,000 (120 KM)","Rs. 3,600 (120 KM)",Extra KM: Hatch/Sedan: Rs. 10/km | SUV: Rs. 14/km | Innova: Rs. 16/km,Standard Day Package (120 KM limit),Included for 1-day trip,Included in package,https://www.agrashivtourandtravels.com/dayal-bagh-to-haridwar-taxi-services/
dehgawan-agra-to-chandigarh-taxi-services,Dehgawan Agra,Chandigarh,Agra (Localities) -> Chandigarh,Outstation Taxi,day_package_120km,450 km,7 to 8 hours,"Rs. 2,200 (120 KM)","Rs. 2,800 (120 KM)","Rs. 3,000 (120 KM)","Rs. 3,600 (120 KM)",Extra KM: Hatch/Sedan: Rs. 10/km | SUV: Rs. 14/km | Innova: Rs. 16/km,Standard Day Package (120 KM limit),Included for 1-day trip,Included in package,https://www.agrashivtourandtravels.com/dehgawan-agra-to-chandigarh-taxi-services/
dehgawan-to-gurgaon-taxi-services,Dehgawan,Gurgaon,Agra (Localities) -> Gurgaon,Outstation Taxi,day_package_120km,Per actual route,Varies by traffic,"Rs. 2,200 (120 KM)","Rs. 2,800 (120 KM)","Rs. 3,000 (120 KM)","Rs. 3,600 (120 KM)",Extra KM: Hatch/Sedan: Rs. 10/km | SUV: Rs. 14/km | Innova: Rs. 16/km,Standard Day Package (120 KM limit),Included for 1-day trip,Included in package,https://www.agrashivtourandtravels.com/dehgawan-to-gurgaon-taxi-services/
dehgawan-to-haridwar-taxi-services,Dehgawan,Haridwar,Agra (Localities) -> Haridwar,Outstation Taxi,day_package_120km,Per actual route,Varies by traffic,"Rs. 2,200 (120 KM)","Rs. 2,800 (120 KM)","Rs. 3,000 (120 KM)","Rs. 3,600 (120 KM)",Extra KM: Hatch/Sedan: Rs. 10/km | SUV: Rs. 14/km | Innova: Rs. 16/km,Standard Day Package (120 KM limit),Included for 1-day trip,Included in package,https://www.agrashivtourandtravels.com/dehgawan-to-haridwar-taxi-services/
delhi-cloth-mills-delhi-to-mathura-taxi,Delhi Cloth Mills Delhi,Mathura,Delhi -> Mathura,Outstation Taxi,one_way_and_round_trip,Per actual route,Varies by traffic,"Rs. 2,500","Rs. 2,900","Rs. 4,200","Rs. 4,800",Hatchback: Rs. 9/km | Sedan: Rs. 10/km | SUV: Rs. 14/km | Innova: Rs. 16/km,"Hatchback: Rs. 5,000 | Sedan: Rs. 6,000 | SUV: Rs. 8,000 | Innova: Rs. 9,400",Included in fixed fare,Included in quoted fare,https://www.agrashivtourandtravels.com/delhi-cloth-mills-delhi-to-mathura-taxi/
delhi-g-p-o-delhi-to-mathura-taxi,Delhi G P O Delhi,Mathura,Delhi -> Mathura,Outstation Taxi,one_way_and_round_trip,Per actual route,Varies by traffic,"Rs. 2,500","Rs. 2,900","Rs. 4,200","Rs. 4,800",Hatchback: Rs. 9/km | Sedan: Rs. 10/km | SUV: Rs. 14/km | Innova: Rs. 16/km,"Hatchback: Rs. 5,000 | Sedan: Rs. 6,000 | SUV: Rs. 8,000 | Innova: Rs. 9,400",Included in fixed fare,Included in quoted fare,https://www.agrashivtourandtravels.com/delhi-g-p-o-delhi-to-mathura-taxi/
delhi-high-court-delhi-to-mathura-taxi,Delhi High Court Delhi,Mathura,Delhi -> Mathura,Outstation Taxi,one_way_and_round_trip,Per actual route,Varies by traffic,"Rs. 2,500","Rs. 2,900","Rs. 4,200","Rs. 4,800",Hatchback: Rs. 9/km | Sedan: Rs. 10/km | SUV: Rs. 14/km | Innova: Rs. 16/km,"Hatchback: Rs. 5,000 | Sedan: Rs. 6,000 | SUV: Rs. 8,000 | Innova: Rs. 9,400",Included in fixed fare,Included in quoted fare,https://www.agrashivtourandtravels.com/delhi-high-court-delhi-to-mathura-taxi/
delhi-location-to-agra-taxi,Delhi Location,Agra,Delhi / Gurgaon (NCR) -> Agra,Outstation Taxi,custom_or_hourly,Per actual route,Varies by traffic,N/A,N/A,N/A,N/A,N/A,N/A,N/A,N/A,https://www.agrashivtourandtravels.com/delhi-location-to-agra-taxi/
delhi-sadar-bazar-delhi-to-mathura-taxi,Delhi Sadar Bazar Delhi,Mathura,Delhi -> Mathura,Outstation Taxi,one_way_and_round_trip,Per actual route,Varies by traffic,"Rs. 2,500","Rs. 2,900","Rs. 4,200","Rs. 4,800",Hatchback: Rs. 9/km | Sedan: Rs. 10/km | SUV: Rs. 14/km | Innova: Rs. 16/km,"Hatchback: Rs. 5,000 | Sedan: Rs. 6,000 | SUV: Rs. 8,000 | Innova: Rs. 9,400",Included in fixed fare,Included in quoted fare,https://www.agrashivtourandtravels.com/delhi-sadar-bazar-delhi-to-mathura-taxi/
delhi-to-chaksu-tempo-traveller,Delhi,Chaksu,Agra -> Pan-India Long Distance (Tempo Traveller),Tempo Traveller Rental,tempo_traveller,Per actual route,Varies by traffic,N/A (Group Mini-Bus),N/A (Group Mini-Bus),From Rs. 17 / KM (7-Seater),From Rs. 25 / KM (12-Seater),7 Seater: Rs. 17/km up to 26 Seater: Rs. 34/km,Min 300 KM / Day billing rule,Rs. 500 / Day,"Tolls, Parking & State Tax Extra",https://www.agrashivtourandtravels.com/delhi-to-chaksu-tempo-traveller/
delhi-to-chakulia-tempo-traveller,Delhi,Chakulia,Agra -> Pan-India Long Distance (Tempo Traveller),Tempo Traveller Rental,tempo_traveller,Per actual route,Varies by traffic,N/A (Group Mini-Bus),N/A (Group Mini-Bus),From Rs. 17 / KM (7-Seater),From Rs. 25 / KM (12-Seater),7 Seater: Rs. 17/km up to 26 Seater: Rs. 34/km,Min 300 KM / Day billing rule,Rs. 500 / Day,"Tolls, Parking & State Tax Extra",https://www.agrashivtourandtravels.com/delhi-to-chakulia-tempo-traveller/
delhi-to-chalala-tempo-traveller,Delhi,Chalala,Agra -> Pan-India Long Distance (Tempo Traveller),Tempo Traveller Rental,tempo_traveller,Per actual route,Varies by traffic,N/A (Group Mini-Bus),N/A (Group Mini-Bus),From Rs. 17 / KM (7-Seater),From Rs. 25 / KM (12-Seater),7 Seater: Rs. 17/km up to 26 Seater: Rs. 34/km,Min 300 KM / Day billing rule,Rs. 500 / Day,"Tolls, Parking & State Tax Extra",https://www.agrashivtourandtravels.com/delhi-to-chalala-tempo-traveller/
delhi-to-chalisgaon-junction-tempo-traveller,Delhi,Chalisgaon Junction,Agra -> Pan-India Long Distance (Tempo Traveller),Tempo Traveller Rental,tempo_traveller,Per actual route,Varies by traffic,N/A (Group Mini-Bus),N/A (Group Mini-Bus),From Rs. 17 / KM (7-Seater),From Rs. 25 / KM (12-Seater),7 Seater: Rs. 17/km up to 26 Seater: Rs. 34/km,Min 300 KM / Day billing rule,Rs. 500 / Day,"Tolls, Parking & State Tax Extra",https://www.agrashivtourandtravels.com/delhi-to-chalisgaon-junction-tempo-traveller/
delhi-to-challakere-tempo-traveller,Delhi,Challakere,Agra -> Pan-India Long Distance (Tempo Traveller),Tempo Traveller Rental,tempo_traveller,Per actual route,Varies by traffic,N/A (Group Mini-Bus),N/A (Group Mini-Bus),From Rs. 17 / KM (7-Seater),From Rs. 25 / KM (12-Seater),7 Seater: Rs. 17/km up to 26 Seater: Rs. 34/km,Min 300 KM / Day billing rule,Rs. 500 / Day,"Tolls, Parking & State Tax Extra",https://www.agrashivtourandtravels.com/delhi-to-challakere-tempo-traveller/
delhi-to-chalthan-tempo-traveller,Delhi,Chalthan,Agra -> Pan-India Long Distance (Tempo Traveller),Tempo Traveller Rental,tempo_traveller,Per actual route,Varies by traffic,N/A (Group Mini-Bus),N/A (Group Mini-Bus),From Rs. 17 / KM (7-Seater),From Rs. 25 / KM (12-Seater),7 Seater: Rs. 17/km up to 26 Seater: Rs. 34/km,Min 300 KM / Day billing rule,Rs. 500 / Day,"Tolls, Parking & State Tax Extra",https://www.agrashivtourandtravels.com/delhi-to-chalthan-tempo-traveller/
delhi-to-chamarajanagar-tempo-traveller,Delhi,Chamarajanagar,Agra -> Pan-India Long Distance (Tempo Traveller),Tempo Traveller Rental,tempo_traveller,Per actual route,Varies by traffic,N/A (Group Mini-Bus),N/A (Group Mini-Bus),From Rs. 17 / KM (7-Seater),From Rs. 25 / KM (12-Seater),7 Seater: Rs. 17/km up to 26 Seater: Rs. 34/km,Min 300 KM / Day billing rule,Rs. 500 / Day,"Tolls, Parking & State Tax Extra",https://www.agrashivtourandtravels.com/delhi-to-chamarajanagar-tempo-traveller/
delhi-to-chamba-tempo-traveller,Delhi,Chamba,Agra -> Pan-India Long Distance (Tempo Traveller),Tempo Traveller Rental,tempo_traveller,Per actual route,Varies by traffic,N/A (Group Mini-Bus),N/A (Group Mini-Bus),From Rs. 17 / KM (7-Seater),From Rs. 25 / KM (12-Seater),7 Seater: Rs. 17/km up to 26 Seater: Rs. 34/km,Min 300 KM / Day billing rule,Rs. 500 / Day,"Tolls, Parking & State Tax Extra",https://www.agrashivtourandtravels.com/delhi-to-chamba-tempo-traveller/
delhi-to-champa-tempo-traveller,Delhi,Champa,Agra -> Pan-India Long Distance (Tempo Traveller),Tempo Traveller Rental,tempo_traveller,Per actual route,Varies by traffic,N/A (Group Mini-Bus),N/A (Group Mini-Bus),From Rs. 17 / KM (7-Seater),From Rs. 25 / KM (12-Seater),7 Seater: Rs. 17/km up to 26 Seater: Rs. 34/km,Min 300 KM / Day billing rule,Rs. 500 / Day,"Tolls, Parking & State Tax Extra",https://www.agrashivtourandtravels.com/delhi-to-champa-tempo-traveller/
delhi-to-champawat-tempo-traveller,Delhi,Champawat,Agra -> Pan-India Long Distance (Tempo Traveller),Tempo Traveller Rental,tempo_traveller,Per actual route,Varies by traffic,N/A (Group Mini-Bus),N/A (Group Mini-Bus),From Rs. 17 / KM (7-Seater),From Rs. 25 / KM (12-Seater),7 Seater: Rs. 17/km up to 26 Seater: Rs. 34/km,Min 300 KM / Day billing rule,Rs. 500 / Day,"Tolls, Parking & State Tax Extra",https://www.agrashivtourandtravels.com/delhi-to-champawat-tempo-traveller/
delhi-to-chandausi-tempo-traveller,Delhi,Chandausi,Agra -> Pan-India Long Distance (Tempo Traveller),Tempo Traveller Rental,tempo_traveller,Per actual route,Varies by traffic,N/A (Group Mini-Bus),N/A (Group Mini-Bus),From Rs. 17 / KM (7-Seater),From Rs. 25 / KM (12-Seater),7 Seater: Rs. 17/km up to 26 Seater: Rs. 34/km,Min 300 KM / Day billing rule,Rs. 500 / Day,"Tolls, Parking & State Tax Extra",https://www.agrashivtourandtravels.com/delhi-to-chandausi-tempo-traveller/
deoretha-agra-to-chandigarh-taxi-services,Deoretha Agra,Chandigarh,Agra (Localities) -> Chandigarh,Outstation Taxi,day_package_120km,450 km,7 to 8 hours,"Rs. 2,200 (120 KM)","Rs. 2,800 (120 KM)","Rs. 3,000 (120 KM)","Rs. 3,600 (120 KM)",Extra KM: Hatch/Sedan: Rs. 10/km | SUV: Rs. 14/km | Innova: Rs. 16/km,Standard Day Package (120 KM limit),Included for 1-day trip,Included in package,https://www.agrashivtourandtravels.com/deoretha-agra-to-chandigarh-taxi-services/
deoretha-to-gurgaon-taxi-services,Deoretha,Gurgaon,Agra (Localities) -> Gurgaon,Outstation Taxi,day_package_120km,Per actual route,Varies by traffic,"Rs. 2,200 (120 KM)","Rs. 2,800 (120 KM)","Rs. 3,000 (120 KM)","Rs. 3,600 (120 KM)",Extra KM: Hatch/Sedan: Rs. 10/km | SUV: Rs. 14/km | Innova: Rs. 16/km,Standard Day Package (120 KM limit),Included for 1-day trip,Included in package,https://www.agrashivtourandtravels.com/deoretha-to-gurgaon-taxi-services/
deoretha-to-haridwar-taxi-services,Deoretha,Haridwar,Agra (Localities) -> Haridwar,Outstation Taxi,day_package_120km,Per actual route,Varies by traffic,"Rs. 2,200 (120 KM)","Rs. 2,800 (120 KM)","Rs. 3,000 (120 KM)","Rs. 3,600 (120 KM)",Extra KM: Hatch/Sedan: Rs. 10/km | SUV: Rs. 14/km | Innova: Rs. 16/km,Standard Day Package (120 KM limit),Included for 1-day trip,Included in package,https://www.agrashivtourandtravels.com/deoretha-to-haridwar-taxi-services/
deori-agra-to-chandigarh-taxi-services,Deori Agra,Chandigarh,Agra (Localities) -> Chandigarh,Outstation Taxi,day_package_120km,450 km,7 to 8 hours,"Rs. 2,200 (120 KM)","Rs. 2,800 (120 KM)","Rs. 3,000 (120 KM)","Rs. 3,600 (120 KM)",Extra KM: Hatch/Sedan: Rs. 10/km | SUV: Rs. 14/km | Innova: Rs. 16/km,Standard Day Package (120 KM limit),Included for 1-day trip,Included in package,https://www.agrashivtourandtravels.com/deori-agra-to-chandigarh-taxi-services/
deori-road-agra-to-chandigarh-taxi-services,Deori Road Agra,Chandigarh,Agra (Localities) -> Chandigarh,Outstation Taxi,day_package_120km,450 km,7 to 8 hours,"Rs. 2,200 (120 KM)","Rs. 2,800 (120 KM)","Rs. 3,000 (120 KM)","Rs. 3,600 (120 KM)",Extra KM: Hatch/Sedan: Rs. 10/km | SUV: Rs. 14/km | Innova: Rs. 16/km,Standard Day Package (120 KM limit),Included for 1-day trip,Included in package,https://www.agrashivtourandtravels.com/deori-road-agra-to-chandigarh-taxi-services/
deori-to-gurgaon-taxi-services,Deori,Gurgaon,Agra (Localities) -> Gurgaon,Outstation Taxi,day_package_120km,Per actual route,Varies by traffic,"Rs. 2,200 (120 KM)","Rs. 2,800 (120 KM)","Rs. 3,000 (120 KM)","Rs. 3,600 (120 KM)",Extra KM: Hatch/Sedan: Rs. 10/km | SUV: Rs. 14/km | Innova: Rs. 16/km,Standard Day Package (120 KM limit),Included for 1-day trip,Included in package,https://www.agrashivtourandtravels.com/deori-to-gurgaon-taxi-services/
deori-to-haridwar-taxi-services,Deori,Haridwar,Agra (Localities) -> Haridwar,Outstation Taxi,day_package_120km,Per actual route,Varies by traffic,"Rs. 2,200 (120 KM)","Rs. 2,800 (120 KM)","Rs. 3,000 (120 KM)","Rs. 3,600 (120 KM)",Extra KM: Hatch/Sedan: Rs. 10/km | SUV: Rs. 14/km | Innova: Rs. 16/km,Standard Day Package (120 KM limit),Included for 1-day trip,Included in package,https://www.agrashivtourandtravels.com/deori-to-haridwar-taxi-services/
desh-bandhu-gupta-road-delhi-to-mathura-taxi,Desh Bandhu Gupta Road Delhi,Mathura,Delhi -> Mathura,Outstation Taxi,one_way_and_round_trip,Per actual route,Varies by traffic,"Rs. 2,500","Rs. 2,900","Rs. 4,200","Rs. 4,800",Hatchback: Rs. 9/km | Sedan: Rs. 10/km | SUV: Rs. 14/km | Innova: Rs. 16/km,"Hatchback: Rs. 5,000 | Sedan: Rs. 6,000 | SUV: Rs. 8,000 | Innova: Rs. 9,400",Included in fixed fare,Included in quoted fare,https://www.agrashivtourandtravels.com/desh-bandhu-gupta-road-delhi-to-mathura-taxi/
dhanaula-kalan-fatahabad-agra-to-chandigarh-taxi-services,Dhanaula Kalan Fatahabad Agra,Chandigarh,Agra (Localities) -> Chandigarh,Outstation Taxi,day_package_120km,450 km,7 to 8 hours,"Rs. 2,200 (120 KM)","Rs. 2,800 (120 KM)","Rs. 3,000 (120 KM)","Rs. 3,600 (120 KM)",Extra KM: Hatch/Sedan: Rs. 10/km | SUV: Rs. 14/km | Innova: Rs. 16/km,Standard Day Package (120 KM limit),Included for 1-day trip,Included in package,https://www.agrashivtourandtravels.com/dhanaula-kalan-fatahabad-agra-to-chandigarh-taxi-services/
dhanaula-kalan-to-gurgaon-taxi-services,Dhanaula Kalan,Gurgaon,Agra (Localities) -> Gurgaon,Outstation Taxi,day_package_120km,Per actual route,Varies by traffic,"Rs. 2,200 (120 KM)","Rs. 2,800 (120 KM)","Rs. 3,000 (120 KM)","Rs. 3,600 (120 KM)",Extra KM: Hatch/Sedan: Rs. 10/km | SUV: Rs. 14/km | Innova: Rs. 16/km,Standard Day Package (120 KM limit),Included for 1-day trip,Included in package,https://www.agrashivtourandtravels.com/dhanaula-kalan-to-gurgaon-taxi-services/
dhanaula-kalan-to-haridwar-taxi-services,Dhanaula Kalan,Haridwar,Agra (Localities) -> Haridwar,Outstation Taxi,day_package_120km,Per actual route,Varies by traffic,"Rs. 2,200 (120 KM)","Rs. 2,800 (120 KM)","Rs. 3,000 (120 KM)","Rs. 3,600 (120 KM)",Extra KM: Hatch/Sedan: Rs. 10/km | SUV: Rs. 14/km | Innova: Rs. 16/km,Standard Day Package (120 KM limit),Included for 1-day trip,Included in package,https://www.agrashivtourandtravels.com/dhanaula-kalan-to-haridwar-taxi-services/
dhandupura-agra-to-chandigarh-taxi-services,Dhandupura Agra,Chandigarh,Agra (Localities) -> Chandigarh,Outstation Taxi,day_package_120km,450 km,7 to 8 hours,"Rs. 2,200 (120 KM)","Rs. 2,800 (120 KM)","Rs. 3,000 (120 KM)","Rs. 3,600 (120 KM)",Extra KM: Hatch/Sedan: Rs. 10/km | SUV: Rs. 14/km | Innova: Rs. 16/km,Standard Day Package (120 KM limit),Included for 1-day trip,Included in package,https://www.agrashivtourandtravels.com/dhandupura-agra-to-chandigarh-taxi-services/
dhandupura-to-gurgaon-taxi-services,Dhandupura,Gurgaon,Agra (Localities) -> Gurgaon,Outstation Taxi,day_package_120km,Per actual route,Varies by traffic,"Rs. 2,200 (120 KM)","Rs. 2,800 (120 KM)","Rs. 3,000 (120 KM)","Rs. 3,600 (120 KM)",Extra KM: Hatch/Sedan: Rs. 10/km | SUV: Rs. 14/km | Innova: Rs. 16/km,Standard Day Package (120 KM limit),Included for 1-day trip,Included in package,https://www.agrashivtourandtravels.com/dhandupura-to-gurgaon-taxi-services/
dhandupura-to-haridwar-taxi-services,Dhandupura,Haridwar,Agra (Localities) -> Haridwar,Outstation Taxi,day_package_120km,Per actual route,Varies by traffic,"Rs. 2,200 (120 KM)","Rs. 2,800 (120 KM)","Rs. 3,000 (120 KM)","Rs. 3,600 (120 KM)",Extra KM: Hatch/Sedan: Rs. 10/km | SUV: Rs. 14/km | Innova: Rs. 16/km,Standard Day Package (120 KM limit),Included for 1-day trip,Included in package,https://www.agrashivtourandtravels.com/dhandupura-to-haridwar-taxi-services/
dhani-chitarsain-gurgaon-to-agra-taxi,Dhani Chitarsain Gurgaon,Agra,Delhi / Gurgaon (NCR) -> Agra,Outstation Taxi,one_way_and_round_trip,Per actual route,Varies by traffic,"Rs. 2,500","Rs. 2,900","Rs. 4,200","Rs. 4,800",Hatchback: Rs. 9/km | Sedan: Rs. 10/km | SUV: Rs. 14/km | Innova: Rs. 16/km,"Hatchback: Rs. 5,000 | Sedan: Rs. 6,000 | SUV: Rs. 8,000 | Innova: Rs. 9,400",Included in fixed fare,Included in quoted fare,https://www.agrashivtourandtravels.com/dhani-chitarsain-gurgaon-to-agra-taxi/
dhanina-agra-to-chandigarh-taxi-services,Dhanina Agra,Chandigarh,Agra (Localities) -> Chandigarh,Outstation Taxi,day_package_120km,450 km,7 to 8 hours,"Rs. 2,200 (120 KM)","Rs. 2,800 (120 KM)","Rs. 3,000 (120 KM)","Rs. 3,600 (120 KM)",Extra KM: Hatch/Sedan: Rs. 10/km | SUV: Rs. 14/km | Innova: Rs. 16/km,Standard Day Package (120 KM limit),Included for 1-day trip,Included in package,https://www.agrashivtourandtravels.com/dhanina-agra-to-chandigarh-taxi-services/
dhanina-to-gurgaon-taxi-services,Dhanina,Gurgaon,Agra (Localities) -> Gurgaon,Outstation Taxi,day_package_120km,Per actual route,Varies by traffic,"Rs. 2,200 (120 KM)","Rs. 2,800 (120 KM)","Rs. 3,000 (120 KM)","Rs. 3,600 (120 KM)",Extra KM: Hatch/Sedan: Rs. 10/km | SUV: Rs. 14/km | Innova: Rs. 16/km,Standard Day Package (120 KM limit),Included for 1-day trip,Included in package,https://www.agrashivtourandtravels.com/dhanina-to-gurgaon-taxi-services/
dhanina-to-haridwar-taxi-services,Dhanina,Haridwar,Agra (Localities) -> Haridwar,Outstation Taxi,day_package_120km,Per actual route,Varies by traffic,"Rs. 2,200 (120 KM)","Rs. 2,800 (120 KM)","Rs. 3,000 (120 KM)","Rs. 3,600 (120 KM)",Extra KM: Hatch/Sedan: Rs. 10/km | SUV: Rs. 14/km | Innova: Rs. 16/km,Standard Day Package (120 KM limit),Included for 1-day trip,Included in package,https://www.agrashivtourandtravels.com/dhanina-to-haridwar-taxi-services/
dhankot-gurgaon-to-agra-taxi,Dhankot Gurgaon,Agra,Delhi / Gurgaon (NCR) -> Agra,Outstation Taxi,one_way_and_round_trip,Per actual route,Varies by traffic,"Rs. 2,500","Rs. 2,900","Rs. 4,200","Rs. 4,800",Hatchback: Rs. 9/km | Sedan: Rs. 10/km | SUV: Rs. 14/km | Innova: Rs. 16/km,"Hatchback: Rs. 5,000 | Sedan: Rs. 6,000 | SUV: Rs. 8,000 | Innova: Rs. 9,400",Included in fixed fare,Included in quoted fare,https://www.agrashivtourandtravels.com/dhankot-gurgaon-to-agra-taxi/
dhanoli-kiraoli-agra-to-chandigarh-taxi-services,Dhanoli Kiraoli Agra,Chandigarh,Agra (Localities) -> Chandigarh,Outstation Taxi,day_package_120km,450 km,7 to 8 hours,"Rs. 2,200 (120 KM)","Rs. 2,800 (120 KM)","Rs. 3,000 (120 KM)","Rs. 3,600 (120 KM)",Extra KM: Hatch/Sedan: Rs. 10/km | SUV: Rs. 14/km | Innova: Rs. 16/km,Standard Day Package (120 KM limit),Included for 1-day trip,Included in package,https://www.agrashivtourandtravels.com/dhanoli-kiraoli-agra-to-chandigarh-taxi-services/
dhanoli-to-gurgaon-taxi-services,Dhanoli,Gurgaon,Agra (Localities) -> Gurgaon,Outstation Taxi,day_package_120km,Per actual route,Varies by traffic,"Rs. 2,200 (120 KM)","Rs. 2,800 (120 KM)","Rs. 3,000 (120 KM)","Rs. 3,600 (120 KM)",Extra KM: Hatch/Sedan: Rs. 10/km | SUV: Rs. 14/km | Innova: Rs. 16/km,Standard Day Package (120 KM limit),Included for 1-day trip,Included in package,https://www.agrashivtourandtravels.com/dhanoli-to-gurgaon-taxi-services/
dhanoli-to-haridwar-taxi-services,Dhanoli,Haridwar,Agra (Localities) -> Haridwar,Outstation Taxi,day_package_120km,Per actual route,Varies by traffic,"Rs. 2,200 (120 KM)","Rs. 2,800 (120 KM)","Rs. 3,000 (120 KM)","Rs. 3,600 (120 KM)",Extra KM: Hatch/Sedan: Rs. 10/km | SUV: Rs. 14/km | Innova: Rs. 16/km,Standard Day Package (120 KM limit),Included for 1-day trip,Included in package,https://www.agrashivtourandtravels.com/dhanoli-to-haridwar-taxi-services/
dharera-etmadpur-agra-to-chandigarh-taxi-services,Dharera Etmadpur Agra,Chandigarh,Agra (Localities) -> Chandigarh,Outstation Taxi,day_package_120km,450 km,7 to 8 hours,"Rs. 2,200 (120 KM)","Rs. 2,800 (120 KM)","Rs. 3,000 (120 KM)","Rs. 3,600 (120 KM)",Extra KM: Hatch/Sedan: Rs. 10/km | SUV: Rs. 14/km | Innova: Rs. 16/km,Standard Day Package (120 KM limit),Included for 1-day trip,Included in package,https://www.agrashivtourandtravels.com/dharera-etmadpur-agra-to-chandigarh-taxi-services/
dharera-to-gurgaon-taxi-services,Dharera,Gurgaon,Agra (Localities) -> Gurgaon,Outstation Taxi,day_package_120km,Per actual route,Varies by traffic,"Rs. 2,200 (120 KM)","Rs. 2,800 (120 KM)","Rs. 3,000 (120 KM)","Rs. 3,600 (120 KM)",Extra KM: Hatch/Sedan: Rs. 10/km | SUV: Rs. 14/km | Innova: Rs. 16/km,Standard Day Package (120 KM limit),Included for 1-day trip,Included in package,https://www.agrashivtourandtravels.com/dharera-to-gurgaon-taxi-services/
dharera-to-haridwar-taxi-services,Dharera,Haridwar,Agra (Localities) -> Haridwar,Outstation Taxi,day_package_120km,Per actual route,Varies by traffic,"Rs. 2,200 (120 KM)","Rs. 2,800 (120 KM)","Rs. 3,000 (120 KM)","Rs. 3,600 (120 KM)",Extra KM: Hatch/Sedan: Rs. 10/km | SUV: Rs. 14/km | Innova: Rs. 16/km,Standard Day Package (120 KM limit),Included for 1-day trip,Included in package,https://www.agrashivtourandtravels.com/dharera-to-haridwar-taxi-services/
dhaurra-etmadpur-agra-to-chandigarh-taxi-services,Dhaurra Etmadpur Agra,Chandigarh,Agra (Localities) -> Chandigarh,Outstation Taxi,day_package_120km,450 km,7 to 8 hours,"Rs. 2,200 (120 KM)","Rs. 2,800 (120 KM)","Rs. 3,000 (120 KM)","Rs. 3,600 (120 KM)",Extra KM: Hatch/Sedan: Rs. 10/km | SUV: Rs. 14/km | Innova: Rs. 16/km,Standard Day Package (120 KM limit),Included for 1-day trip,Included in package,https://www.agrashivtourandtravels.com/dhaurra-etmadpur-agra-to-chandigarh-taxi-services/
dhaurra-to-gurgaon-taxi-services,Dhaurra,Gurgaon,Agra (Localities) -> Gurgaon,Outstation Taxi,day_package_120km,Per actual route,Varies by traffic,"Rs. 2,200 (120 KM)","Rs. 2,800 (120 KM)","Rs. 3,000 (120 KM)","Rs. 3,600 (120 KM)",Extra KM: Hatch/Sedan: Rs. 10/km | SUV: Rs. 14/km | Innova: Rs. 16/km,Standard Day Package (120 KM limit),Included for 1-day trip,Included in package,https://www.agrashivtourandtravels.com/dhaurra-to-gurgaon-taxi-services/
dhaurra-to-haridwar-taxi-services,Dhaurra,Haridwar,Agra (Localities) -> Haridwar,Outstation Taxi,day_package_120km,Per actual route,Varies by traffic,"Rs. 2,200 (120 KM)","Rs. 2,800 (120 KM)","Rs. 3,000 (120 KM)","Rs. 3,600 (120 KM)",Extra KM: Hatch/Sedan: Rs. 10/km | SUV: Rs. 14/km | Innova: Rs. 16/km,Standard Day Package (120 KM limit),Included for 1-day trip,Included in package,https://www.agrashivtourandtravels.com/dhaurra-to-haridwar-taxi-services/
dhim-shree-fatehabad-agra-to-chandigarh-taxi-services,Dhim Shree Fatehabad Agra,Chandigarh,Agra (Localities) -> Chandigarh,Outstation Taxi,day_package_120km,450 km,7 to 8 hours,"Rs. 2,200 (120 KM)","Rs. 2,800 (120 KM)","Rs. 3,000 (120 KM)","Rs. 3,600 (120 KM)",Extra KM: Hatch/Sedan: Rs. 10/km | SUV: Rs. 14/km | Innova: Rs. 16/km,Standard Day Package (120 KM limit),Included for 1-day trip,Included in package,https://www.agrashivtourandtravels.com/dhim-shree-fatehabad-agra-to-chandigarh-taxi-services/
dhim-shree-to-haridwar-taxi-services,Dhim Shree,Haridwar,Agra (Localities) -> Haridwar,Outstation Taxi,day_package_120km,Per actual route,Varies by traffic,"Rs. 2,200 (120 KM)","Rs. 2,800 (120 KM)","Rs. 3,000 (120 KM)","Rs. 3,600 (120 KM)",Extra KM: Hatch/Sedan: Rs. 10/km | SUV: Rs. 14/km | Innova: Rs. 16/km,Standard Day Package (120 KM limit),Included for 1-day trip,Included in package,https://www.agrashivtourandtravels.com/dhim-shree-to-haridwar-taxi-services/
digner-agra-to-chandigarh-taxi-services,Digner Agra,Chandigarh,Agra (Localities) -> Chandigarh,Outstation Taxi,day_package_120km,450 km,7 to 8 hours,"Rs. 2,200 (120 KM)","Rs. 2,800 (120 KM)","Rs. 3,000 (120 KM)","Rs. 3,600 (120 KM)",Extra KM: Hatch/Sedan: Rs. 10/km | SUV: Rs. 14/km | Innova: Rs. 16/km,Standard Day Package (120 KM limit),Included for 1-day trip,Included in package,https://www.agrashivtourandtravels.com/digner-agra-to-chandigarh-taxi-services/
digner-to-haridwar-taxi-services,Digner,Haridwar,Agra (Localities) -> Haridwar,Outstation Taxi,day_package_120km,Per actual route,Varies by traffic,"Rs. 2,200 (120 KM)","Rs. 2,800 (120 KM)","Rs. 3,000 (120 KM)","Rs. 3,600 (120 KM)",Extra KM: Hatch/Sedan: Rs. 10/km | SUV: Rs. 14/km | Innova: Rs. 16/km,Standard Day Package (120 KM limit),Included for 1-day trip,Included in package,https://www.agrashivtourandtravels.com/digner-to-haridwar-taxi-services/
digrauta-agra-to-chandigarh-taxi-services,Digrauta Agra,Chandigarh,Agra (Localities) -> Chandigarh,Outstation Taxi,day_package_120km,450 km,7 to 8 hours,"Rs. 2,200 (120 KM)","Rs. 2,800 (120 KM)","Rs. 3,000 (120 KM)","Rs. 3,600 (120 KM)",Extra KM: Hatch/Sedan: Rs. 10/km | SUV: Rs. 14/km | Innova: Rs. 16/km,Standard Day Package (120 KM limit),Included for 1-day trip,Included in package,https://www.agrashivtourandtravels.com/digrauta-agra-to-chandigarh-taxi-services/
digrauta-to-haridwar-taxi-services,Digrauta,Haridwar,Agra (Localities) -> Haridwar,Outstation Taxi,day_package_120km,Per actual route,Varies by traffic,"Rs. 2,200 (120 KM)","Rs. 2,800 (120 KM)","Rs. 3,000 (120 KM)","Rs. 3,600 (120 KM)",Extra KM: Hatch/Sedan: Rs. 10/km | SUV: Rs. 14/km | Innova: Rs. 16/km,Standard Day Package (120 KM limit),Included for 1-day trip,Included in package,https://www.agrashivtourandtravels.com/digrauta-to-haridwar-taxi-services/
dlf-ph-ii-gurgaon-to-agra-taxi,Dlf Ph Ii Gurgaon,Agra,Delhi / Gurgaon (NCR) -> Agra,Outstation Taxi,one_way_and_round_trip,Per actual route,Varies by traffic,"Rs. 2,500","Rs. 2,900","Rs. 4,200","Rs. 4,800",Hatchback: Rs. 9/km | Sedan: Rs. 10/km | SUV: Rs. 14/km | Innova: Rs. 16/km,"Hatchback: Rs. 5,000 | Sedan: Rs. 6,000 | SUV: Rs. 8,000 | Innova: Rs. 9,400",Included in fixed fare,Included in quoted fare,https://www.agrashivtourandtravels.com/dlf-ph-ii-gurgaon-to-agra-taxi/
dlf-ph-iii-gurgaon-to-agra-taxi,Dlf Ph Iii Gurgaon,Agra,Delhi / Gurgaon (NCR) -> Agra,Outstation Taxi,one_way_and_round_trip,Per actual route,Varies by traffic,"Rs. 2,500","Rs. 2,900","Rs. 4,200","Rs. 4,800",Hatchback: Rs. 9/km | Sedan: Rs. 10/km | SUV: Rs. 14/km | Innova: Rs. 16/km,"Hatchback: Rs. 5,000 | Sedan: Rs. 6,000 | SUV: Rs. 8,000 | Innova: Rs. 9,400",Included in fixed fare,Included in quoted fare,https://www.agrashivtourandtravels.com/dlf-ph-iii-gurgaon-to-agra-taxi/
dlf-qe-gurgaon-to-agra-taxi,Dlf Qe Gurgaon,Agra,Delhi / Gurgaon (NCR) -> Agra,Outstation Taxi,one_way_and_round_trip,Per actual route,Varies by traffic,"Rs. 2,500","Rs. 2,900","Rs. 4,200","Rs. 4,800",Hatchback: Rs. 9/km | Sedan: Rs. 10/km | SUV: Rs. 14/km | Innova: Rs. 16/km,"Hatchback: Rs. 5,000 | Sedan: Rs. 6,000 | SUV: Rs. 8,000 | Innova: Rs. 9,400",Included in fixed fare,Included in quoted fare,https://www.agrashivtourandtravels.com/dlf-qe-gurgaon-to-agra-taxi/
doha-gurgaon-to-agra-taxi,Doha Gurgaon,Agra,Delhi / Gurgaon (NCR) -> Agra,Outstation Taxi,one_way_and_round_trip,Per actual route,Varies by traffic,"Rs. 2,500","Rs. 2,900","Rs. 4,200","Rs. 4,800",Hatchback: Rs. 9/km | Sedan: Rs. 10/km | SUV: Rs. 14/km | Innova: Rs. 16/km,"Hatchback: Rs. 5,000 | Sedan: Rs. 6,000 | SUV: Rs. 8,000 | Innova: Rs. 9,400",Included in fixed fare,Included in quoted fare,https://www.agrashivtourandtravels.com/doha-gurgaon-to-agra-taxi/
doora-kiraoli-agra-to-chandigarh-taxi-services,Doora Kiraoli Agra,Chandigarh,Agra (Localities) -> Chandigarh,Outstation Taxi,day_package_120km,450 km,7 to 8 hours,"Rs. 2,200 (120 KM)","Rs. 2,800 (120 KM)","Rs. 3,000 (120 KM)","Rs. 3,600 (120 KM)",Extra KM: Hatch/Sedan: Rs. 10/km | SUV: Rs. 14/km | Innova: Rs. 16/km,Standard Day Package (120 KM limit),Included for 1-day trip,Included in package,https://www.agrashivtourandtravels.com/doora-kiraoli-agra-to-chandigarh-taxi-services/
doora-to-haridwar-taxi-services,Doora,Haridwar,Agra (Localities) -> Haridwar,Outstation Taxi,day_package_120km,Per actual route,Varies by traffic,"Rs. 2,200 (120 KM)","Rs. 2,800 (120 KM)","Rs. 3,000 (120 KM)","Rs. 3,600 (120 KM)",Extra KM: Hatch/Sedan: Rs. 10/km | SUV: Rs. 14/km | Innova: Rs. 16/km,Standard Day Package (120 KM limit),Included for 1-day trip,Included in package,https://www.agrashivtourandtravels.com/doora-to-haridwar-taxi-services/
dulawat-gurgaon-to-agra-taxi,Dulawat Gurgaon,Agra,Delhi / Gurgaon (NCR) -> Agra,Outstation Taxi,one_way_and_round_trip,Per actual route,Varies by traffic,"Rs. 2,500","Rs. 2,900","Rs. 4,200","Rs. 4,800",Hatchback: Rs. 9/km | Sedan: Rs. 10/km | SUV: Rs. 14/km | Innova: Rs. 16/km,"Hatchback: Rs. 5,000 | Sedan: Rs. 6,000 | SUV: Rs. 8,000 | Innova: Rs. 9,400",Included in fixed fare,Included in quoted fare,https://www.agrashivtourandtravels.com/dulawat-gurgaon-to-agra-taxi/
dulhara-kiraoli-agra-to-chandigarh-taxi-services,Dulhara Kiraoli Agra,Chandigarh,Agra (Localities) -> Chandigarh,Outstation Taxi,day_package_120km,450 km,7 to 8 hours,"Rs. 2,200 (120 KM)","Rs. 2,800 (120 KM)","Rs. 3,000 (120 KM)","Rs. 3,600 (120 KM)",Extra KM: Hatch/Sedan: Rs. 10/km | SUV: Rs. 14/km | Innova: Rs. 16/km,Standard Day Package (120 KM limit),Included for 1-day trip,Included in package,https://www.agrashivtourandtravels.com/dulhara-kiraoli-agra-to-chandigarh-taxi-services/
dulhara-to-haridwar-taxi-services,Dulhara,Haridwar,Agra (Localities) -> Haridwar,Outstation Taxi,day_package_120km,Per actual route,Varies by traffic,"Rs. 2,200 (120 KM)","Rs. 2,800 (120 KM)","Rs. 3,000 (120 KM)","Rs. 3,600 (120 KM)",Extra KM: Hatch/Sedan: Rs. 10/km | SUV: Rs. 14/km | Innova: Rs. 16/km,Standard Day Package (120 KM limit),Included for 1-day trip,Included in package,https://www.agrashivtourandtravels.com/dulhara-to-haridwar-taxi-services/
dundahera-gurgaon-to-agra-taxi,Dundahera Gurgaon,Agra,Delhi / Gurgaon (NCR) -> Agra,Outstation Taxi,one_way_and_round_trip,Per actual route,Varies by traffic,"Rs. 2,500","Rs. 2,900","Rs. 4,200","Rs. 4,800",Hatchback: Rs. 9/km | Sedan: Rs. 10/km | SUV: Rs. 14/km | Innova: Rs. 16/km,"Hatchback: Rs. 5,000 | Sedan: Rs. 6,000 | SUV: Rs. 8,000 | Innova: Rs. 9,400",Included in fixed fare,Included in quoted fare,https://www.agrashivtourandtravels.com/dundahera-gurgaon-to-agra-taxi/
dungerwas-gurgaon-to-agra-taxi,Dungerwas Gurgaon,Agra,Delhi / Gurgaon (NCR) -> Agra,Outstation Taxi,one_way_and_round_trip,Per actual route,Varies by traffic,"Rs. 2,500","Rs. 2,900","Rs. 4,200","Rs. 4,800",Hatchback: Rs. 9/km | Sedan: Rs. 10/km | SUV: Rs. 14/km | Innova: Rs. 16/km,"Hatchback: Rs. 5,000 | Sedan: Rs. 6,000 | SUV: Rs. 8,000 | Innova: Rs. 9,400",Included in fixed fare,Included in quoted fare,https://www.agrashivtourandtravels.com/dungerwas-gurgaon-to-agra-taxi/
etmadpur-etmadpur-agra-to-chandigarh-taxi-services,Etmadpur Etmadpur Agra,Chandigarh,Agra (Localities) -> Chandigarh,Outstation Taxi,day_package_120km,450 km,7 to 8 hours,"Rs. 2,200 (120 KM)","Rs. 2,800 (120 KM)","Rs. 3,000 (120 KM)","Rs. 3,600 (120 KM)",Extra KM: Hatch/Sedan: Rs. 10/km | SUV: Rs. 14/km | Innova: Rs. 16/km,Standard Day Package (120 KM limit),Included for 1-day trip,Included in package,https://www.agrashivtourandtravels.com/etmadpur-etmadpur-agra-to-chandigarh-taxi-services/
etmadpur-to-haridwar-taxi-services,Etmadpur,Haridwar,Agra (Localities) -> Haridwar,Outstation Taxi,day_package_120km,Per actual route,Varies by traffic,"Rs. 2,200 (120 KM)","Rs. 2,800 (120 KM)","Rs. 3,000 (120 KM)","Rs. 3,600 (120 KM)",Extra KM: Hatch/Sedan: Rs. 10/km | SUV: Rs. 14/km | Innova: Rs. 16/km,Standard Day Package (120 KM limit),Included for 1-day trip,Included in package,https://www.agrashivtourandtravels.com/etmadpur-to-haridwar-taxi-services/
everything-you-should-know-about-agra-tourism-get-the-best-car-rent-service-in-agra,Agra / Delhi,Everything You Should Know About Agraism Get The Best Car Rent Service In Agra,"Curated Tour Packages (Agra, Jaipur, Delhi, Bharatpur)",Tour Package,tour_package,Per actual route,Varies by traffic,Contact for quote,"Rs. 2,000 (Agra Tour) / Custom","Rs. 2,700 (Agra Tour) / Custom",Custom Package Quote,Package Fixed Price,Sightseeing Return Included,Included,"Fuel, Parking, Tolls Included",https://www.agrashivtourandtravels.com/everything-you-should-know-about-agra-tourism-get-the-best-car-rent-service-in-agra/
farrukh-nagar-gurgaon-to-agra-taxi,Farrukh Nagar Gurgaon,Agra,Delhi / Gurgaon (NCR) -> Agra,Outstation Taxi,one_way_and_round_trip,Per actual route,Varies by traffic,"Rs. 2,500","Rs. 2,900","Rs. 4,200","Rs. 4,800",Hatchback: Rs. 9/km | Sedan: Rs. 10/km | SUV: Rs. 14/km | Innova: Rs. 16/km,"Hatchback: Rs. 5,000 | Sedan: Rs. 6,000 | SUV: Rs. 8,000 | Innova: Rs. 9,400",Included in fixed fare,Included in quoted fare,https://www.agrashivtourandtravels.com/farrukh-nagar-gurgaon-to-agra-taxi/
fatehabad-agra-fatehabad-agra-to-chandigarh-taxi-services,Fatehabad Agra Fatehabad Agra,Chandigarh,Agra (Localities) -> Chandigarh,Outstation Taxi,day_package_120km,450 km,7 to 8 hours,"Rs. 2,200 (120 KM)","Rs. 2,800 (120 KM)","Rs. 3,000 (120 KM)","Rs. 3,600 (120 KM)",Extra KM: Hatch/Sedan: Rs. 10/km | SUV: Rs. 14/km | Innova: Rs. 16/km,Standard Day Package (120 KM limit),Included for 1-day trip,Included in package,https://www.agrashivtourandtravels.com/fatehabad-agra-fatehabad-agra-to-chandigarh-taxi-services/
fatehabad-bazaar-bah-agra-to-chandigarh-taxi-services,Fatehabad Bazaar Bah Agra,Chandigarh,Agra (Localities) -> Chandigarh,Outstation Taxi,day_package_120km,450 km,7 to 8 hours,"Rs. 2,200 (120 KM)","Rs. 2,800 (120 KM)","Rs. 3,000 (120 KM)","Rs. 3,600 (120 KM)",Extra KM: Hatch/Sedan: Rs. 10/km | SUV: Rs. 14/km | Innova: Rs. 16/km,Standard Day Package (120 KM limit),Included for 1-day trip,Included in package,https://www.agrashivtourandtravels.com/fatehabad-bazaar-bah-agra-to-chandigarh-taxi-services/
fatehabad-bazaar-to-haridwar-taxi-services,Fatehabad Bazaar,Haridwar,Agra (Localities) -> Haridwar,Outstation Taxi,day_package_120km,Per actual route,Varies by traffic,"Rs. 2,200 (120 KM)","Rs. 2,800 (120 KM)","Rs. 3,000 (120 KM)","Rs. 3,600 (120 KM)",Extra KM: Hatch/Sedan: Rs. 10/km | SUV: Rs. 14/km | Innova: Rs. 16/km,Standard Day Package (120 KM limit),Included for 1-day trip,Included in package,https://www.agrashivtourandtravels.com/fatehabad-bazaar-to-haridwar-taxi-services/
fatehabad-to-haridwar-taxi-services,Fatehabad,Haridwar,Agra (Localities) -> Haridwar,Outstation Taxi,day_package_120km,Per actual route,Varies by traffic,"Rs. 2,200 (120 KM)","Rs. 2,800 (120 KM)","Rs. 3,000 (120 KM)","Rs. 3,600 (120 KM)",Extra KM: Hatch/Sedan: Rs. 10/km | SUV: Rs. 14/km | Innova: Rs. 16/km,Standard Day Package (120 KM limit),Included for 1-day trip,Included in package,https://www.agrashivtourandtravels.com/fatehabad-to-haridwar-taxi-services/
fatehapursikari-kiraoli-agra-to-chandigarh-taxi-services,Fatehapursikari Kiraoli Agra,Chandigarh,Agra (Localities) -> Chandigarh,Outstation Taxi,day_package_120km,450 km,7 to 8 hours,"Rs. 2,200 (120 KM)","Rs. 2,800 (120 KM)","Rs. 3,000 (120 KM)","Rs. 3,600 (120 KM)",Extra KM: Hatch/Sedan: Rs. 10/km | SUV: Rs. 14/km | Innova: Rs. 16/km,Standard Day Package (120 KM limit),Included for 1-day trip,Included in package,https://www.agrashivtourandtravels.com/fatehapursikari-kiraoli-agra-to-chandigarh-taxi-services/
fatehapursikari-to-haridwar-taxi-services,Fatehapursikari,Haridwar,Agra (Localities) -> Haridwar,Outstation Taxi,day_package_120km,Per actual route,Varies by traffic,"Rs. 2,200 (120 KM)","Rs. 2,800 (120 KM)","Rs. 3,000 (120 KM)","Rs. 3,600 (120 KM)",Extra KM: Hatch/Sedan: Rs. 10/km | SUV: Rs. 14/km | Innova: Rs. 16/km,Standard Day Package (120 KM limit),Included for 1-day trip,Included in package,https://www.agrashivtourandtravels.com/fatehapursikari-to-haridwar-taxi-services/
fatehpur-sikri-a-wonderful-architecture-by-mughals,General,General,Other Regional Routes & Informational Hubs,Special Service / Information Page,custom_or_hourly,Per actual route,Varies by traffic,N/A,N/A,N/A,N/A,N/A,N/A,N/A,N/A,https://www.agrashivtourandtravels.com/fatehpur-sikri-a-wonderful-architecture-by-mughals/
fazilpur-gurgaon-to-agra-taxi,Fazilpur Gurgaon,Agra,Delhi / Gurgaon (NCR) -> Agra,Outstation Taxi,one_way_and_round_trip,Per actual route,Varies by traffic,"Rs. 2,500","Rs. 2,900","Rs. 4,200","Rs. 4,800",Hatchback: Rs. 9/km | Sedan: Rs. 10/km | SUV: Rs. 14/km | Innova: Rs. 16/km,"Hatchback: Rs. 5,000 | Sedan: Rs. 6,000 | SUV: Rs. 8,000 | Innova: Rs. 9,400",Included in fixed fare,Included in quoted fare,https://www.agrashivtourandtravels.com/fazilpur-gurgaon-to-agra-taxi/
ferozepur-jhirka-gurgaon-to-agra-taxi,Ferozepur Jhirka Gurgaon,Agra,Delhi / Gurgaon (NCR) -> Agra,Outstation Taxi,one_way_and_round_trip,Per actual route,Varies by traffic,"Rs. 2,500","Rs. 2,900","Rs. 4,200","Rs. 4,800",Hatchback: Rs. 9/km | Sedan: Rs. 10/km | SUV: Rs. 14/km | Innova: Rs. 16/km,"Hatchback: Rs. 5,000 | Sedan: Rs. 6,000 | SUV: Rs. 8,000 | Innova: Rs. 9,400",Included in fixed fare,Included in quoted fare,https://www.agrashivtourandtravels.com/ferozepur-jhirka-gurgaon-to-agra-taxi/
ferozepur-namak-gurgaon-to-agra-taxi,Ferozepur Namak Gurgaon,Agra,Delhi / Gurgaon (NCR) -> Agra,Outstation Taxi,one_way_and_round_trip,Per actual route,Varies by traffic,"Rs. 2,500","Rs. 2,900","Rs. 4,200","Rs. 4,800",Hatchback: Rs. 9/km | Sedan: Rs. 10/km | SUV: Rs. 14/km | Innova: Rs. 16/km,"Hatchback: Rs. 5,000 | Sedan: Rs. 6,000 | SUV: Rs. 8,000 | Innova: Rs. 9,400",Included in fixed fare,Included in quoted fare,https://www.agrashivtourandtravels.com/ferozepur-namak-gurgaon-to-agra-taxi/
foundry-nagar-agra-to-chandigarh-taxi-services,Foundry Nagar Agra,Chandigarh,Agra (Localities) -> Chandigarh,Outstation Taxi,day_package_120km,450 km,7 to 8 hours,"Rs. 2,200 (120 KM)","Rs. 2,800 (120 KM)","Rs. 3,000 (120 KM)","Rs. 3,600 (120 KM)",Extra KM: Hatch/Sedan: Rs. 10/km | SUV: Rs. 14/km | Innova: Rs. 16/km,Standard Day Package (120 KM limit),Included for 1-day trip,Included in package,https://www.agrashivtourandtravels.com/foundry-nagar-agra-to-chandigarh-taxi-services/
foundry-nagar-to-haridwar-taxi-services,Foundry Nagar,Haridwar,Agra (Localities) -> Haridwar,Outstation Taxi,day_package_120km,Per actual route,Varies by traffic,"Rs. 2,200 (120 KM)","Rs. 2,800 (120 KM)","Rs. 3,000 (120 KM)","Rs. 3,600 (120 KM)",Extra KM: Hatch/Sedan: Rs. 10/km | SUV: Rs. 14/km | Innova: Rs. 16/km,Standard Day Package (120 KM limit),Included for 1-day trip,Included in package,https://www.agrashivtourandtravels.com/foundry-nagar-to-haridwar-taxi-services/
full-width,General,General,Other Regional Routes & Informational Hubs,Special Service / Information Page,custom_or_hourly,Per actual route,Varies by traffic,N/A,N/A,N/A,N/A,N/A,N/A,N/A,N/A,https://www.agrashivtourandtravels.com/full-width/
g-g-industries-agra-to-chandigarh-taxi-services,G G Industries Agra,Chandigarh,Agra (Localities) -> Chandigarh,Outstation Taxi,day_package_120km,450 km,7 to 8 hours,"Rs. 2,200 (120 KM)","Rs. 2,800 (120 KM)","Rs. 3,000 (120 KM)","Rs. 3,600 (120 KM)",Extra KM: Hatch/Sedan: Rs. 10/km | SUV: Rs. 14/km | Innova: Rs. 16/km,Standard Day Package (120 KM limit),Included for 1-day trip,Included in package,https://www.agrashivtourandtravels.com/g-g-industries-agra-to-chandigarh-taxi-services/
g-l-emporiaumi-agra-to-chandigarh-taxi-services,G L Emporiaumi Agra,Chandigarh,Agra (Localities) -> Chandigarh,Outstation Taxi,day_package_120km,450 km,7 to 8 hours,"Rs. 2,200 (120 KM)","Rs. 2,800 (120 KM)","Rs. 3,000 (120 KM)","Rs. 3,600 (120 KM)",Extra KM: Hatch/Sedan: Rs. 10/km | SUV: Rs. 14/km | Innova: Rs. 16/km,Standard Day Package (120 KM limit),Included for 1-day trip,Included in package,https://www.agrashivtourandtravels.com/g-l-emporiaumi-agra-to-chandigarh-taxi-services/
g-l-emporiaumi-to-haridwar-taxi-services,G L Emporiaumi,Haridwar,Agra (Localities) -> Haridwar,Outstation Taxi,day_package_120km,Per actual route,Varies by traffic,"Rs. 2,200 (120 KM)","Rs. 2,800 (120 KM)","Rs. 3,000 (120 KM)","Rs. 3,600 (120 KM)",Extra KM: Hatch/Sedan: Rs. 10/km | SUV: Rs. 14/km | Innova: Rs. 16/km,Standard Day Package (120 KM limit),Included for 1-day trip,Included in package,https://www.agrashivtourandtravels.com/g-l-emporiaumi-to-haridwar-taxi-services/
g-m-khan-agra-to-chandigarh-taxi-services,G M Khan Agra,Chandigarh,Agra (Localities) -> Chandigarh,Outstation Taxi,day_package_120km,450 km,7 to 8 hours,"Rs. 2,200 (120 KM)","Rs. 2,800 (120 KM)","Rs. 3,000 (120 KM)","Rs. 3,600 (120 KM)",Extra KM: Hatch/Sedan: Rs. 10/km | SUV: Rs. 14/km | Innova: Rs. 16/km,Standard Day Package (120 KM limit),Included for 1-day trip,Included in package,https://www.agrashivtourandtravels.com/g-m-khan-agra-to-chandigarh-taxi-services/
gajaura-bah-agra-to-chandigarh-taxi-services,Gajaura Bah Agra,Chandigarh,Agra (Localities) -> Chandigarh,Outstation Taxi,day_package_120km,450 km,7 to 8 hours,"Rs. 2,200 (120 KM)","Rs. 2,800 (120 KM)","Rs. 3,000 (120 KM)","Rs. 3,600 (120 KM)",Extra KM: Hatch/Sedan: Rs. 10/km | SUV: Rs. 14/km | Innova: Rs. 16/km,Standard Day Package (120 KM limit),Included for 1-day trip,Included in package,https://www.agrashivtourandtravels.com/gajaura-bah-agra-to-chandigarh-taxi-services/
gajaura-to-haridwar-taxi-services,Gajaura,Haridwar,Agra (Localities) -> Haridwar,Outstation Taxi,day_package_120km,Per actual route,Varies by traffic,"Rs. 2,200 (120 KM)","Rs. 2,800 (120 KM)","Rs. 3,000 (120 KM)","Rs. 3,600 (120 KM)",Extra KM: Hatch/Sedan: Rs. 10/km | SUV: Rs. 14/km | Innova: Rs. 16/km,Standard Day Package (120 KM limit),Included for 1-day trip,Included in package,https://www.agrashivtourandtravels.com/gajaura-to-haridwar-taxi-services/
galleria-dlf-iv-gurgaon-to-agra-taxi,Galleria Dlf Iv Gurgaon,Agra,Delhi / Gurgaon (NCR) -> Agra,Outstation Taxi,one_way_and_round_trip,Per actual route,Varies by traffic,"Rs. 2,500","Rs. 2,900","Rs. 4,200","Rs. 4,800",Hatchback: Rs. 9/km | Sedan: Rs. 10/km | SUV: Rs. 14/km | Innova: Rs. 16/km,"Hatchback: Rs. 5,000 | Sedan: Rs. 6,000 | SUV: Rs. 8,000 | Innova: Rs. 9,400",Included in fixed fare,Included in quoted fare,https://www.agrashivtourandtravels.com/galleria-dlf-iv-gurgaon-to-agra-taxi/
gandhi-nagar-agra-to-chandigarh-taxi-services,Gandhi Nagar Agra,Chandigarh,Agra (Localities) -> Chandigarh,Outstation Taxi,day_package_120km,450 km,7 to 8 hours,"Rs. 2,200 (120 KM)","Rs. 2,800 (120 KM)","Rs. 3,000 (120 KM)","Rs. 3,600 (120 KM)",Extra KM: Hatch/Sedan: Rs. 10/km | SUV: Rs. 14/km | Innova: Rs. 16/km,Standard Day Package (120 KM limit),Included for 1-day trip,Included in package,https://www.agrashivtourandtravels.com/gandhi-nagar-agra-to-chandigarh-taxi-services/
gandhi-nagar-to-haridwar-taxi-services,Gandhi Nagar,Haridwar,Agra (Localities) -> Haridwar,Outstation Taxi,day_package_120km,Per actual route,Varies by traffic,"Rs. 2,200 (120 KM)","Rs. 2,800 (120 KM)","Rs. 3,000 (120 KM)","Rs. 3,600 (120 KM)",Extra KM: Hatch/Sedan: Rs. 10/km | SUV: Rs. 14/km | Innova: Rs. 16/km,Standard Day Package (120 KM limit),Included for 1-day trip,Included in package,https://www.agrashivtourandtravels.com/gandhi-nagar-to-haridwar-taxi-services/
garh-mukha-kheragarh-agra-to-chandigarh-taxi-services,Garh Mukha Kheragarh Agra,Chandigarh,Agra (Localities) -> Chandigarh,Outstation Taxi,day_package_120km,450 km,7 to 8 hours,"Rs. 2,200 (120 KM)","Rs. 2,800 (120 KM)","Rs. 3,000 (120 KM)","Rs. 3,600 (120 KM)",Extra KM: Hatch/Sedan: Rs. 10/km | SUV: Rs. 14/km | Innova: Rs. 16/km,Standard Day Package (120 KM limit),Included for 1-day trip,Included in package,https://www.agrashivtourandtravels.com/garh-mukha-kheragarh-agra-to-chandigarh-taxi-services/
garh-mukha-to-haridwar-taxi-services,Garh Mukha,Haridwar,Agra (Localities) -> Haridwar,Outstation Taxi,day_package_120km,Per actual route,Varies by traffic,"Rs. 2,200 (120 KM)","Rs. 2,800 (120 KM)","Rs. 3,000 (120 KM)","Rs. 3,600 (120 KM)",Extra KM: Hatch/Sedan: Rs. 10/km | SUV: Rs. 14/km | Innova: Rs. 16/km,Standard Day Package (120 KM limit),Included for 1-day trip,Included in package,https://www.agrashivtourandtravels.com/garh-mukha-to-haridwar-taxi-services/
garhi-harsaru-gurgaon-to-agra-taxi,Garhi Harsaru Gurgaon,Agra,Delhi / Gurgaon (NCR) -> Agra,Outstation Taxi,one_way_and_round_trip,Per actual route,Varies by traffic,"Rs. 2,500","Rs. 2,900","Rs. 4,200","Rs. 4,800",Hatchback: Rs. 9/km | Sedan: Rs. 10/km | SUV: Rs. 14/km | Innova: Rs. 16/km,"Hatchback: Rs. 5,000 | Sedan: Rs. 6,000 | SUV: Rs. 8,000 | Innova: Rs. 9,400",Included in fixed fare,Included in quoted fare,https://www.agrashivtourandtravels.com/garhi-harsaru-gurgaon-to-agra-taxi/
garhi-lal-kalan-agra-to-chandigarh-taxi-services,Garhi Lal Kalan Agra,Chandigarh,Agra (Localities) -> Chandigarh,Outstation Taxi,day_package_120km,450 km,7 to 8 hours,"Rs. 2,200 (120 KM)","Rs. 2,800 (120 KM)","Rs. 3,000 (120 KM)","Rs. 3,600 (120 KM)",Extra KM: Hatch/Sedan: Rs. 10/km | SUV: Rs. 14/km | Innova: Rs. 16/km,Standard Day Package (120 KM limit),Included for 1-day trip,Included in package,https://www.agrashivtourandtravels.com/garhi-lal-kalan-agra-to-chandigarh-taxi-services/
garhi-lal-kalan-to-haridwar-taxi-services,Garhi Lal Kalan,Haridwar,Agra (Localities) -> Haridwar,Outstation Taxi,day_package_120km,Per actual route,Varies by traffic,"Rs. 2,200 (120 KM)","Rs. 2,800 (120 KM)","Rs. 3,000 (120 KM)","Rs. 3,600 (120 KM)",Extra KM: Hatch/Sedan: Rs. 10/km | SUV: Rs. 14/km | Innova: Rs. 16/km,Standard Day Package (120 KM limit),Included for 1-day trip,Included in package,https://www.agrashivtourandtravels.com/garhi-lal-kalan-to-haridwar-taxi-services/
garhwar-bah-agra-to-chandigarh-taxi-services,Garhwar Bah Agra,Chandigarh,Agra (Localities) -> Chandigarh,Outstation Taxi,day_package_120km,450 km,7 to 8 hours,"Rs. 2,200 (120 KM)","Rs. 2,800 (120 KM)","Rs. 3,000 (120 KM)","Rs. 3,600 (120 KM)",Extra KM: Hatch/Sedan: Rs. 10/km | SUV: Rs. 14/km | Innova: Rs. 16/km,Standard Day Package (120 KM limit),Included for 1-day trip,Included in package,https://www.agrashivtourandtravels.com/garhwar-bah-agra-to-chandigarh-taxi-services/
garhwar-to-haridwar-taxi-services,Garhwar,Haridwar,Agra (Localities) -> Haridwar,Outstation Taxi,day_package_120km,Per actual route,Varies by traffic,"Rs. 2,200 (120 KM)","Rs. 2,800 (120 KM)","Rs. 3,000 (120 KM)","Rs. 3,600 (120 KM)",Extra KM: Hatch/Sedan: Rs. 10/km | SUV: Rs. 14/km | Innova: Rs. 16/km,Standard Day Package (120 KM limit),Included for 1-day trip,Included in package,https://www.agrashivtourandtravels.com/garhwar-to-haridwar-taxi-services/
garsani-agra-to-chandigarh-taxi-services,Garsani Agra,Chandigarh,Agra (Localities) -> Chandigarh,Outstation Taxi,day_package_120km,450 km,7 to 8 hours,"Rs. 2,200 (120 KM)","Rs. 2,800 (120 KM)","Rs. 3,000 (120 KM)","Rs. 3,600 (120 KM)",Extra KM: Hatch/Sedan: Rs. 10/km | SUV: Rs. 14/km | Innova: Rs. 16/km,Standard Day Package (120 KM limit),Included for 1-day trip,Included in package,https://www.agrashivtourandtravels.com/garsani-agra-to-chandigarh-taxi-services/
garsani-to-haridwar-taxi-services,Garsani,Haridwar,Agra (Localities) -> Haridwar,Outstation Taxi,day_package_120km,Per actual route,Varies by traffic,"Rs. 2,200 (120 KM)","Rs. 2,800 (120 KM)","Rs. 3,000 (120 KM)","Rs. 3,600 (120 KM)",Extra KM: Hatch/Sedan: Rs. 10/km | SUV: Rs. 14/km | Innova: Rs. 16/km,Standard Day Package (120 KM limit),Included for 1-day trip,Included in package,https://www.agrashivtourandtravels.com/garsani-to-haridwar-taxi-services/
garshan-agra-to-chandigarh-taxi-services,Garshan Agra,Chandigarh,Agra (Localities) -> Chandigarh,Outstation Taxi,day_package_120km,450 km,7 to 8 hours,"Rs. 2,200 (120 KM)","Rs. 2,800 (120 KM)","Rs. 3,000 (120 KM)","Rs. 3,600 (120 KM)",Extra KM: Hatch/Sedan: Rs. 10/km | SUV: Rs. 14/km | Innova: Rs. 16/km,Standard Day Package (120 KM limit),Included for 1-day trip,Included in package,https://www.agrashivtourandtravels.com/garshan-agra-to-chandigarh-taxi-services/
garshan-to-haridwar-taxi-services,Garshan,Haridwar,Agra (Localities) -> Haridwar,Outstation Taxi,day_package_120km,Per actual route,Varies by traffic,"Rs. 2,200 (120 KM)","Rs. 2,800 (120 KM)","Rs. 3,000 (120 KM)","Rs. 3,600 (120 KM)",Extra KM: Hatch/Sedan: Rs. 10/km | SUV: Rs. 14/km | Innova: Rs. 16/km,Standard Day Package (120 KM limit),Included for 1-day trip,Included in package,https://www.agrashivtourandtravels.com/garshan-to-haridwar-taxi-services/
get-delhi-to-agra-car-hire,Delhi,Agra,Delhi / Gurgaon (NCR) -> Agra,Outstation Taxi,custom_or_hourly,Per actual route,Varies by traffic,N/A,N/A,N/A,N/A,N/A,N/A,N/A,N/A,https://www.agrashivtourandtravels.com/get-delhi-to-agra-car-hire/
gg-industries-to-haridwar-taxi-services,Gg Industries,Haridwar,Agra (Localities) -> Haridwar,Outstation Taxi,day_package_120km,Per actual route,Varies by traffic,"Rs. 2,200 (120 KM)","Rs. 2,800 (120 KM)","Rs. 3,000 (120 KM)","Rs. 3,600 (120 KM)",Extra KM: Hatch/Sedan: Rs. 10/km | SUV: Rs. 14/km | Innova: Rs. 16/km,Standard Day Package (120 KM limit),Included for 1-day trip,Included in package,https://www.agrashivtourandtravels.com/gg-industries-to-haridwar-taxi-services/
ghamroj-gurgaon-to-agra-taxi,Ghamroj Gurgaon,Agra,Delhi / Gurgaon (NCR) -> Agra,Outstation Taxi,one_way_and_round_trip,Per actual route,Varies by traffic,"Rs. 2,500","Rs. 2,900","Rs. 4,200","Rs. 4,800",Hatchback: Rs. 9/km | Sedan: Rs. 10/km | SUV: Rs. 14/km | Innova: Rs. 16/km,"Hatchback: Rs. 5,000 | Sedan: Rs. 6,000 | SUV: Rs. 8,000 | Innova: Rs. 9,400",Included in fixed fare,Included in quoted fare,https://www.agrashivtourandtravels.com/ghamroj-gurgaon-to-agra-taxi/
ghasera-gurgaon-to-agra-taxi,Ghasera Gurgaon,Agra,Delhi / Gurgaon (NCR) -> Agra,Outstation Taxi,one_way_and_round_trip,Per actual route,Varies by traffic,"Rs. 2,500","Rs. 2,900","Rs. 4,200","Rs. 4,800",Hatchback: Rs. 9/km | Sedan: Rs. 10/km | SUV: Rs. 14/km | Innova: Rs. 16/km,"Hatchback: Rs. 5,000 | Sedan: Rs. 6,000 | SUV: Rs. 8,000 | Innova: Rs. 9,400",Included in fixed fare,Included in quoted fare,https://www.agrashivtourandtravels.com/ghasera-gurgaon-to-agra-taxi/
ghungola-gurgaon-to-agra-taxi,Ghungola Gurgaon,Agra,Delhi / Gurgaon (NCR) -> Agra,Outstation Taxi,one_way_and_round_trip,Per actual route,Varies by traffic,"Rs. 2,500","Rs. 2,900","Rs. 4,200","Rs. 4,800",Hatchback: Rs. 9/km | Sedan: Rs. 10/km | SUV: Rs. 14/km | Innova: Rs. 16/km,"Hatchback: Rs. 5,000 | Sedan: Rs. 6,000 | SUV: Rs. 8,000 | Innova: Rs. 9,400",Included in fixed fare,Included in quoted fare,https://www.agrashivtourandtravels.com/ghungola-gurgaon-to-agra-taxi/
gm-khan-to-haridwar-taxi-services,Gm Khan,Haridwar,Agra (Localities) -> Haridwar,Outstation Taxi,day_package_120km,Per actual route,Varies by traffic,"Rs. 2,200 (120 KM)","Rs. 2,800 (120 KM)","Rs. 3,000 (120 KM)","Rs. 3,600 (120 KM)",Extra KM: Hatch/Sedan: Rs. 10/km | SUV: Rs. 14/km | Innova: Rs. 16/km,Standard Day Package (120 KM limit),Included for 1-day trip,Included in package,https://www.agrashivtourandtravels.com/gm-khan-to-haridwar-taxi-services/
gokulpura-agra-to-chandigarh-taxi-services,Gokulpura Agra,Chandigarh,Agra (Localities) -> Chandigarh,Outstation Taxi,day_package_120km,450 km,7 to 8 hours,"Rs. 2,200 (120 KM)","Rs. 2,800 (120 KM)","Rs. 3,000 (120 KM)","Rs. 3,600 (120 KM)",Extra KM: Hatch/Sedan: Rs. 10/km | SUV: Rs. 14/km | Innova: Rs. 16/km,Standard Day Package (120 KM limit),Included for 1-day trip,Included in package,https://www.agrashivtourandtravels.com/gokulpura-agra-to-chandigarh-taxi-services/
gokulpura-to-haridwar-taxi-services,Gokulpura,Haridwar,Agra (Localities) -> Haridwar,Outstation Taxi,day_package_120km,Per actual route,Varies by traffic,"Rs. 2,200 (120 KM)","Rs. 2,800 (120 KM)","Rs. 3,000 (120 KM)","Rs. 3,600 (120 KM)",Extra KM: Hatch/Sedan: Rs. 10/km | SUV: Rs. 14/km | Innova: Rs. 16/km,Standard Day Package (120 KM limit),Included for 1-day trip,Included in package,https://www.agrashivtourandtravels.com/gokulpura-to-haridwar-taxi-services/
golden-triangle-tour-3-nights-4-days,Agra / Delhi,Golden Triangle 3 Nights 4 Days,"Curated Tour Packages (Agra, Jaipur, Delhi, Bharatpur)",Tour Package,tour_package,Per actual route,Varies by traffic,Contact for quote,"Rs. 2,000 (Agra Tour) / Custom","Rs. 2,700 (Agra Tour) / Custom",Custom Package Quote,Package Fixed Price,Sightseeing Return Included,Included,"Fuel, Parking, Tolls Included",https://www.agrashivtourandtravels.com/golden-triangle-tour-3-nights-4-days/
gonseli-agra-to-chandigarh-taxi-services,Gonseli Agra,Chandigarh,Agra (Localities) -> Chandigarh,Outstation Taxi,day_package_120km,450 km,7 to 8 hours,"Rs. 2,200 (120 KM)","Rs. 2,800 (120 KM)","Rs. 3,000 (120 KM)","Rs. 3,600 (120 KM)",Extra KM: Hatch/Sedan: Rs. 10/km | SUV: Rs. 14/km | Innova: Rs. 16/km,Standard Day Package (120 KM limit),Included for 1-day trip,Included in package,https://www.agrashivtourandtravels.com/gonseli-agra-to-chandigarh-taxi-services/
gonseli-to-haridwar-taxi-services,Gonseli,Haridwar,Agra (Localities) -> Haridwar,Outstation Taxi,day_package_120km,Per actual route,Varies by traffic,"Rs. 2,200 (120 KM)","Rs. 2,800 (120 KM)","Rs. 3,000 (120 KM)","Rs. 3,600 (120 KM)",Extra KM: Hatch/Sedan: Rs. 10/km | SUV: Rs. 14/km | Innova: Rs. 16/km,Standard Day Package (120 KM limit),Included for 1-day trip,Included in package,https://www.agrashivtourandtravels.com/gonseli-to-haridwar-taxi-services/
gubroth-agra-to-chandigarh-taxi-services,Gubroth Agra,Chandigarh,Agra (Localities) -> Chandigarh,Outstation Taxi,day_package_120km,450 km,7 to 8 hours,"Rs. 2,200 (120 KM)","Rs. 2,800 (120 KM)","Rs. 3,000 (120 KM)","Rs. 3,600 (120 KM)",Extra KM: Hatch/Sedan: Rs. 10/km | SUV: Rs. 14/km | Innova: Rs. 16/km,Standard Day Package (120 KM limit),Included for 1-day trip,Included in package,https://www.agrashivtourandtravels.com/gubroth-agra-to-chandigarh-taxi-services/
gubroth-to-haridwar-taxi-services,Gubroth,Haridwar,Agra (Localities) -> Haridwar,Outstation Taxi,day_package_120km,Per actual route,Varies by traffic,"Rs. 2,200 (120 KM)","Rs. 2,800 (120 KM)","Rs. 3,000 (120 KM)","Rs. 3,600 (120 KM)",Extra KM: Hatch/Sedan: Rs. 10/km | SUV: Rs. 14/km | Innova: Rs. 16/km,Standard Day Package (120 KM limit),Included for 1-day trip,Included in package,https://www.agrashivtourandtravels.com/gubroth-to-haridwar-taxi-services/
gulalta-gurgaon-to-agra-taxi,Gulalta Gurgaon,Agra,Delhi / Gurgaon (NCR) -> Agra,Outstation Taxi,one_way_and_round_trip,Per actual route,Varies by traffic,"Rs. 2,500","Rs. 2,900","Rs. 4,200","Rs. 4,800",Hatchback: Rs. 9/km | Sedan: Rs. 10/km | SUV: Rs. 14/km | Innova: Rs. 16/km,"Hatchback: Rs. 5,000 | Sedan: Rs. 6,000 | SUV: Rs. 8,000 | Innova: Rs. 9,400",Included in fixed fare,Included in quoted fare,https://www.agrashivtourandtravels.com/gulalta-gurgaon-to-agra-taxi/
gurgaon-to-aamby-valley-taxi,Gurgaon,Aamby Valley,Other Regional Routes & Informational Hubs,Outstation Taxi,one_way_and_round_trip,Per actual route,Varies by traffic,"Rs. 2,500","Rs. 2,900","Rs. 4,200","Rs. 4,800",Hatchback: Rs. 9/km | Sedan: Rs. 10/km | SUV: Rs. 14/km | Innova: Rs. 16/km,"Hatchback: Rs. 5,000 | Sedan: Rs. 6,000 | SUV: Rs. 8,000 | Innova: Rs. 9,400",Included in fixed fare,Included in quoted fare,https://www.agrashivtourandtravels.com/gurgaon-to-aamby-valley-taxi/
gurgaon-to-abhaipur-taxi,Gurgaon,Abhaipur,Other Regional Routes & Informational Hubs,Outstation Taxi,one_way_and_round_trip,Per actual route,Varies by traffic,"Rs. 2,500","Rs. 2,900","Rs. 4,200","Rs. 4,800",Hatchback: Rs. 9/km | Sedan: Rs. 10/km | SUV: Rs. 14/km | Innova: Rs. 16/km,"Hatchback: Rs. 5,000 | Sedan: Rs. 6,000 | SUV: Rs. 8,000 | Innova: Rs. 9,400",Included in fixed fare,Included in quoted fare,https://www.agrashivtourandtravels.com/gurgaon-to-abhaipur-taxi/
gurgaon-to-abohar-taxi,Gurgaon,Abohar,Other Regional Routes & Informational Hubs,Outstation Taxi,one_way_and_round_trip,Per actual route,Varies by traffic,"Rs. 2,500","Rs. 2,900","Rs. 4,200","Rs. 4,800",Hatchback: Rs. 9/km | Sedan: Rs. 10/km | SUV: Rs. 14/km | Innova: Rs. 16/km,"Hatchback: Rs. 5,000 | Sedan: Rs. 6,000 | SUV: Rs. 8,000 | Innova: Rs. 9,400",Included in fixed fare,Included in quoted fare,https://www.agrashivtourandtravels.com/gurgaon-to-abohar-taxi/
gurgaon-to-abu-road-taxi,Gurgaon,Abu Road,Other Regional Routes & Informational Hubs,Outstation Taxi,one_way_and_round_trip,Per actual route,Varies by traffic,"Rs. 2,500","Rs. 2,900","Rs. 4,200","Rs. 4,800",Hatchback: Rs. 9/km | Sedan: Rs. 10/km | SUV: Rs. 14/km | Innova: Rs. 16/km,"Hatchback: Rs. 5,000 | Sedan: Rs. 6,000 | SUV: Rs. 8,000 | Innova: Rs. 9,400",Included in fixed fare,Included in quoted fare,https://www.agrashivtourandtravels.com/gurgaon-to-abu-road-taxi/
gurgaon-to-abutara-halt-taxi,Gurgaon,Abutara Halt,Other Regional Routes & Informational Hubs,Outstation Taxi,one_way_and_round_trip,Per actual route,Varies by traffic,"Rs. 2,500","Rs. 2,900","Rs. 4,200","Rs. 4,800",Hatchback: Rs. 9/km | Sedan: Rs. 10/km | SUV: Rs. 14/km | Innova: Rs. 16/km,"Hatchback: Rs. 5,000 | Sedan: Rs. 6,000 | SUV: Rs. 8,000 | Innova: Rs. 9,400",Included in fixed fare,Included in quoted fare,https://www.agrashivtourandtravels.com/gurgaon-to-abutara-halt-taxi/
gurgaon-to-achalganj-taxi,Gurgaon,Achalganj,Other Regional Routes & Informational Hubs,Outstation Taxi,one_way_and_round_trip,Per actual route,Varies by traffic,"Rs. 2,500","Rs. 2,900","Rs. 4,200","Rs. 4,800",Hatchback: Rs. 9/km | Sedan: Rs. 10/km | SUV: Rs. 14/km | Innova: Rs. 16/km,"Hatchback: Rs. 5,000 | Sedan: Rs. 6,000 | SUV: Rs. 8,000 | Innova: Rs. 9,400",Included in fixed fare,Included in quoted fare,https://www.agrashivtourandtravels.com/gurgaon-to-achalganj-taxi/
gurgaon-to-achalpur-taxi,Gurgaon,Achalpur,Other Regional Routes & Informational Hubs,Outstation Taxi,one_way_and_round_trip,Per actual route,Varies by traffic,"Rs. 2,500","Rs. 2,900","Rs. 4,200","Rs. 4,800",Hatchback: Rs. 9/km | Sedan: Rs. 10/km | SUV: Rs. 14/km | Innova: Rs. 16/km,"Hatchback: Rs. 5,000 | Sedan: Rs. 6,000 | SUV: Rs. 8,000 | Innova: Rs. 9,400",Included in fixed fare,Included in quoted fare,https://www.agrashivtourandtravels.com/gurgaon-to-achalpur-taxi/
gurgaon-to-acharapakkam-taxi,Gurgaon,Acharapakkam,Other Regional Routes & Informational Hubs,Outstation Taxi,one_way_and_round_trip,Per actual route,Varies by traffic,"Rs. 2,500","Rs. 2,900","Rs. 4,200","Rs. 4,800",Hatchback: Rs. 9/km | Sedan: Rs. 10/km | SUV: Rs. 14/km | Innova: Rs. 16/km,"Hatchback: Rs. 5,000 | Sedan: Rs. 6,000 | SUV: Rs. 8,000 | Innova: Rs. 9,400",Included in fixed fare,Included in quoted fare,https://www.agrashivtourandtravels.com/gurgaon-to-acharapakkam-taxi/
gurgaon-to-achhnera-taxi,Gurgaon,Achhnera,Other Regional Routes & Informational Hubs,Outstation Taxi,one_way_and_round_trip,Per actual route,Varies by traffic,"Rs. 2,500","Rs. 2,900","Rs. 4,200","Rs. 4,800",Hatchback: Rs. 9/km | Sedan: Rs. 10/km | SUV: Rs. 14/km | Innova: Rs. 16/km,"Hatchback: Rs. 5,000 | Sedan: Rs. 6,000 | SUV: Rs. 8,000 | Innova: Rs. 9,400",Included in fixed fare,Included in quoted fare,https://www.agrashivtourandtravels.com/gurgaon-to-achhnera-taxi/
gurgaon-to-adampur-taxi,Gurgaon,Adampur,Other Regional Routes & Informational Hubs,Outstation Taxi,one_way_and_round_trip,Per actual route,Varies by traffic,"Rs. 2,500","Rs. 2,900","Rs. 4,200","Rs. 4,800",Hatchback: Rs. 9/km | Sedan: Rs. 10/km | SUV: Rs. 14/km | Innova: Rs. 16/km,"Hatchback: Rs. 5,000 | Sedan: Rs. 6,000 | SUV: Rs. 8,000 | Innova: Rs. 9,400",Included in fixed fare,Included in quoted fare,https://www.agrashivtourandtravels.com/gurgaon-to-adampur-taxi/
gurgaon-to-adarshnagar-taxi,Gurgaon,Adarshnagar,Other Regional Routes & Informational Hubs,Outstation Taxi,one_way_and_round_trip,Per actual route,Varies by traffic,"Rs. 2,500","Rs. 2,900","Rs. 4,200","Rs. 4,800",Hatchback: Rs. 9/km | Sedan: Rs. 10/km | SUV: Rs. 14/km | Innova: Rs. 16/km,"Hatchback: Rs. 5,000 | Sedan: Rs. 6,000 | SUV: Rs. 8,000 | Innova: Rs. 9,400",Included in fixed fare,Included in quoted fare,https://www.agrashivtourandtravels.com/gurgaon-to-adarshnagar-taxi/
gurgaon-to-adesar-taxi,Gurgaon,Adesar,Other Regional Routes & Informational Hubs,Outstation Taxi,one_way_and_round_trip,Per actual route,Varies by traffic,"Rs. 2,500","Rs. 2,900","Rs. 4,200","Rs. 4,800",Hatchback: Rs. 9/km | Sedan: Rs. 10/km | SUV: Rs. 14/km | Innova: Rs. 16/km,"Hatchback: Rs. 5,000 | Sedan: Rs. 6,000 | SUV: Rs. 8,000 | Innova: Rs. 9,400",Included in fixed fare,Included in quoted fare,https://www.agrashivtourandtravels.com/gurgaon-to-adesar-taxi/
gurgaon-to-adilabad-taxi,Gurgaon,Adilabad,Other Regional Routes & Informational Hubs,Outstation Taxi,one_way_and_round_trip,Per actual route,Varies by traffic,"Rs. 2,500","Rs. 2,900","Rs. 4,200","Rs. 4,800",Hatchback: Rs. 9/km | Sedan: Rs. 10/km | SUV: Rs. 14/km | Innova: Rs. 16/km,"Hatchback: Rs. 5,000 | Sedan: Rs. 6,000 | SUV: Rs. 8,000 | Innova: Rs. 9,400",Included in fixed fare,Included in quoted fare,https://www.agrashivtourandtravels.com/gurgaon-to-adilabad-taxi/
gurgaon-to-adimali-taxi,Gurgaon,Adimali,Other Regional Routes & Informational Hubs,Outstation Taxi,one_way_and_round_trip,Per actual route,Varies by traffic,"Rs. 2,500","Rs. 2,900","Rs. 4,200","Rs. 4,800",Hatchback: Rs. 9/km | Sedan: Rs. 10/km | SUV: Rs. 14/km | Innova: Rs. 16/km,"Hatchback: Rs. 5,000 | Sedan: Rs. 6,000 | SUV: Rs. 8,000 | Innova: Rs. 9,400",Included in fixed fare,Included in quoted fare,https://www.agrashivtourandtravels.com/gurgaon-to-adimali-taxi/
gurgaon-to-adipur-taxi,Gurgaon,Adipur,Other Regional Routes & Informational Hubs,Outstation Taxi,one_way_and_round_trip,Per actual route,Varies by traffic,"Rs. 2,500","Rs. 2,900","Rs. 4,200","Rs. 4,800",Hatchback: Rs. 9/km | Sedan: Rs. 10/km | SUV: Rs. 14/km | Innova: Rs. 16/km,"Hatchback: Rs. 5,000 | Sedan: Rs. 6,000 | SUV: Rs. 8,000 | Innova: Rs. 9,400",Included in fixed fare,Included in quoted fare,https://www.agrashivtourandtravels.com/gurgaon-to-adipur-taxi/
gurgaon-to-adityapur-taxi,Gurgaon,Adityapur,Other Regional Routes & Informational Hubs,Outstation Taxi,one_way_and_round_trip,Per actual route,Varies by traffic,"Rs. 2,500","Rs. 2,900","Rs. 4,200","Rs. 4,800",Hatchback: Rs. 9/km | Sedan: Rs. 10/km | SUV: Rs. 14/km | Innova: Rs. 16/km,"Hatchback: Rs. 5,000 | Sedan: Rs. 6,000 | SUV: Rs. 8,000 | Innova: Rs. 9,400",Included in fixed fare,Included in quoted fare,https://www.agrashivtourandtravels.com/gurgaon-to-adityapur-taxi/
gurgaon-to-adoni-taxi,Gurgaon,Adoni,Other Regional Routes & Informational Hubs,Outstation Taxi,one_way_and_round_trip,Per actual route,Varies by traffic,"Rs. 2,500","Rs. 2,900","Rs. 4,200","Rs. 4,800",Hatchback: Rs. 9/km | Sedan: Rs. 10/km | SUV: Rs. 14/km | Innova: Rs. 16/km,"Hatchback: Rs. 5,000 | Sedan: Rs. 6,000 | SUV: Rs. 8,000 | Innova: Rs. 9,400",Included in fixed fare,Included in quoted fare,https://www.agrashivtourandtravels.com/gurgaon-to-adoni-taxi/
gurgaon-to-adra-junction-taxi,Gurgaon,Adra Junction,Other Regional Routes & Informational Hubs,Outstation Taxi,one_way_and_round_trip,Per actual route,Varies by traffic,"Rs. 2,500","Rs. 2,900","Rs. 4,200","Rs. 4,800",Hatchback: Rs. 9/km | Sedan: Rs. 10/km | SUV: Rs. 14/km | Innova: Rs. 16/km,"Hatchback: Rs. 5,000 | Sedan: Rs. 6,000 | SUV: Rs. 8,000 | Innova: Rs. 9,400",Included in fixed fare,Included in quoted fare,https://www.agrashivtourandtravels.com/gurgaon-to-adra-junction-taxi/
gurgaon-to-afzalgarh-taxi,Gurgaon,Afzalgarh,Other Regional Routes & Informational Hubs,Outstation Taxi,one_way_and_round_trip,Per actual route,Varies by traffic,"Rs. 2,500","Rs. 2,900","Rs. 4,200","Rs. 4,800",Hatchback: Rs. 9/km | Sedan: Rs. 10/km | SUV: Rs. 14/km | Innova: Rs. 16/km,"Hatchback: Rs. 5,000 | Sedan: Rs. 6,000 | SUV: Rs. 8,000 | Innova: Rs. 9,400",Included in fixed fare,Included in quoted fare,https://www.agrashivtourandtravels.com/gurgaon-to-afzalgarh-taxi/
gurgaon-to-agartala-taxi,Gurgaon,Agartala,Other Regional Routes & Informational Hubs,Outstation Taxi,one_way_and_round_trip,Per actual route,Varies by traffic,"Rs. 2,500","Rs. 2,900","Rs. 4,200","Rs. 4,800",Hatchback: Rs. 9/km | Sedan: Rs. 10/km | SUV: Rs. 14/km | Innova: Rs. 16/km,"Hatchback: Rs. 5,000 | Sedan: Rs. 6,000 | SUV: Rs. 8,000 | Innova: Rs. 9,400",Included in fixed fare,Included in quoted fare,https://www.agrashivtourandtravels.com/gurgaon-to-agartala-taxi/
gurgaon-to-agasod-taxi,Gurgaon,Agasod,Other Regional Routes & Informational Hubs,Outstation Taxi,one_way_and_round_trip,Per actual route,Varies by traffic,"Rs. 2,500","Rs. 2,900","Rs. 4,200","Rs. 4,800",Hatchback: Rs. 9/km | Sedan: Rs. 10/km | SUV: Rs. 14/km | Innova: Rs. 16/km,"Hatchback: Rs. 5,000 | Sedan: Rs. 6,000 | SUV: Rs. 8,000 | Innova: Rs. 9,400",Included in fixed fare,Included in quoted fare,https://www.agrashivtourandtravels.com/gurgaon-to-agasod-taxi/
gurgaon-to-agori-khas-taxi,Gurgaon,Agori Khas,Other Regional Routes & Informational Hubs,Outstation Taxi,one_way_and_round_trip,Per actual route,Varies by traffic,"Rs. 2,500","Rs. 2,900","Rs. 4,200","Rs. 4,800",Hatchback: Rs. 9/km | Sedan: Rs. 10/km | SUV: Rs. 14/km | Innova: Rs. 16/km,"Hatchback: Rs. 5,000 | Sedan: Rs. 6,000 | SUV: Rs. 8,000 | Innova: Rs. 9,400",Included in fixed fare,Included in quoted fare,https://www.agrashivtourandtravels.com/gurgaon-to-agori-khas-taxi/
gurgaon-to-ahalyapur-taxi,Gurgaon,Ahalyapur,Other Regional Routes & Informational Hubs,Outstation Taxi,one_way_and_round_trip,Per actual route,Varies by traffic,"Rs. 2,500","Rs. 2,900","Rs. 4,200","Rs. 4,800",Hatchback: Rs. 9/km | Sedan: Rs. 10/km | SUV: Rs. 14/km | Innova: Rs. 16/km,"Hatchback: Rs. 5,000 | Sedan: Rs. 6,000 | SUV: Rs. 8,000 | Innova: Rs. 9,400",Included in fixed fare,Included in quoted fare,https://www.agrashivtourandtravels.com/gurgaon-to-ahalyapur-taxi/
gurgaon-to-ahmedabad-taxi,Gurgaon,Ahmedabad,Other Regional Routes & Informational Hubs,Outstation Taxi,one_way_and_round_trip,Per actual route,Varies by traffic,"Rs. 2,500","Rs. 2,900","Rs. 4,200","Rs. 4,800",Hatchback: Rs. 9/km | Sedan: Rs. 10/km | SUV: Rs. 14/km | Innova: Rs. 16/km,"Hatchback: Rs. 5,000 | Sedan: Rs. 6,000 | SUV: Rs. 8,000 | Innova: Rs. 9,400",Included in fixed fare,Included in quoted fare,https://www.agrashivtourandtravels.com/gurgaon-to-ahmedabad-taxi/
gurgaon-to-ahmedgarh-taxi,Gurgaon,Ahmedgarh,Other Regional Routes & Informational Hubs,Outstation Taxi,one_way_and_round_trip,Per actual route,Varies by traffic,"Rs. 2,500","Rs. 2,900","Rs. 4,200","Rs. 4,800",Hatchback: Rs. 9/km | Sedan: Rs. 10/km | SUV: Rs. 14/km | Innova: Rs. 16/km,"Hatchback: Rs. 5,000 | Sedan: Rs. 6,000 | SUV: Rs. 8,000 | Innova: Rs. 9,400",Included in fixed fare,Included in quoted fare,https://www.agrashivtourandtravels.com/gurgaon-to-ahmedgarh-taxi/
gurgaon-to-ahmednagar-taxi,Gurgaon,Ahmednagar,Other Regional Routes & Informational Hubs,Outstation Taxi,one_way_and_round_trip,Per actual route,Varies by traffic,"Rs. 2,500","Rs. 2,900","Rs. 4,200","Rs. 4,800",Hatchback: Rs. 9/km | Sedan: Rs. 10/km | SUV: Rs. 14/km | Innova: Rs. 16/km,"Hatchback: Rs. 5,000 | Sedan: Rs. 6,000 | SUV: Rs. 8,000 | Innova: Rs. 9,400",Included in fixed fare,Included in quoted fare,https://www.agrashivtourandtravels.com/gurgaon-to-ahmednagar-taxi/
gurgaon-to-ahobilam-taxi,Gurgaon,Ahobilam,Other Regional Routes & Informational Hubs,Outstation Taxi,one_way_and_round_trip,Per actual route,Varies by traffic,"Rs. 2,500","Rs. 2,900","Rs. 4,200","Rs. 4,800",Hatchback: Rs. 9/km | Sedan: Rs. 10/km | SUV: Rs. 14/km | Innova: Rs. 16/km,"Hatchback: Rs. 5,000 | Sedan: Rs. 6,000 | SUV: Rs. 8,000 | Innova: Rs. 9,400",Included in fixed fare,Included in quoted fare,https://www.agrashivtourandtravels.com/gurgaon-to-ahobilam-taxi/
gurgaon-to-aihole-taxi,Gurgaon,Aihole,Other Regional Routes & Informational Hubs,Outstation Taxi,one_way_and_round_trip,Per actual route,Varies by traffic,"Rs. 2,500","Rs. 2,900","Rs. 4,200","Rs. 4,800",Hatchback: Rs. 9/km | Sedan: Rs. 10/km | SUV: Rs. 14/km | Innova: Rs. 16/km,"Hatchback: Rs. 5,000 | Sedan: Rs. 6,000 | SUV: Rs. 8,000 | Innova: Rs. 9,400",Included in fixed fare,Included in quoted fare,https://www.agrashivtourandtravels.com/gurgaon-to-aihole-taxi/
gurgaon-to-aishbagh-taxi,Gurgaon,Aishbagh,Other Regional Routes & Informational Hubs,Outstation Taxi,one_way_and_round_trip,Per actual route,Varies by traffic,"Rs. 2,500","Rs. 2,900","Rs. 4,200","Rs. 4,800",Hatchback: Rs. 9/km | Sedan: Rs. 10/km | SUV: Rs. 14/km | Innova: Rs. 16/km,"Hatchback: Rs. 5,000 | Sedan: Rs. 6,000 | SUV: Rs. 8,000 | Innova: Rs. 9,400",Included in fixed fare,Included in quoted fare,https://www.agrashivtourandtravels.com/gurgaon-to-aishbagh-taxi/
gurgaon-to-ait-taxi,Gurgaon,Ait,Other Regional Routes & Informational Hubs,Outstation Taxi,one_way_and_round_trip,Per actual route,Varies by traffic,"Rs. 2,500","Rs. 2,900","Rs. 4,200","Rs. 4,800",Hatchback: Rs. 9/km | Sedan: Rs. 10/km | SUV: Rs. 14/km | Innova: Rs. 16/km,"Hatchback: Rs. 5,000 | Sedan: Rs. 6,000 | SUV: Rs. 8,000 | Innova: Rs. 9,400",Included in fixed fare,Included in quoted fare,https://www.agrashivtourandtravels.com/gurgaon-to-ait-taxi/
gurgaon-to-aithal-taxi,Gurgaon,Aithal,Other Regional Routes & Informational Hubs,Outstation Taxi,one_way_and_round_trip,Per actual route,Varies by traffic,"Rs. 2,500","Rs. 2,900","Rs. 4,200","Rs. 4,800",Hatchback: Rs. 9/km | Sedan: Rs. 10/km | SUV: Rs. 14/km | Innova: Rs. 16/km,"Hatchback: Rs. 5,000 | Sedan: Rs. 6,000 | SUV: Rs. 8,000 | Innova: Rs. 9,400",Included in fixed fare,Included in quoted fare,https://www.agrashivtourandtravels.com/gurgaon-to-aithal-taxi/
gurgaon-to-ajaibpur-taxi,Gurgaon,Ajaibpur,Other Regional Routes & Informational Hubs,Outstation Taxi,one_way_and_round_trip,Per actual route,Varies by traffic,"Rs. 2,500","Rs. 2,900","Rs. 4,200","Rs. 4,800",Hatchback: Rs. 9/km | Sedan: Rs. 10/km | SUV: Rs. 14/km | Innova: Rs. 16/km,"Hatchback: Rs. 5,000 | Sedan: Rs. 6,000 | SUV: Rs. 8,000 | Innova: Rs. 9,400",Included in fixed fare,Included in quoted fare,https://www.agrashivtourandtravels.com/gurgaon-to-ajaibpur-taxi/
gurgaon-to-ajanti-taxi,Gurgaon,Ajanti,Other Regional Routes & Informational Hubs,Outstation Taxi,one_way_and_round_trip,Per actual route,Varies by traffic,"Rs. 2,500","Rs. 2,900","Rs. 4,200","Rs. 4,800",Hatchback: Rs. 9/km | Sedan: Rs. 10/km | SUV: Rs. 14/km | Innova: Rs. 16/km,"Hatchback: Rs. 5,000 | Sedan: Rs. 6,000 | SUV: Rs. 8,000 | Innova: Rs. 9,400",Included in fixed fare,Included in quoted fare,https://www.agrashivtourandtravels.com/gurgaon-to-ajanti-taxi/
gurgaon-to-ajaraka-taxi,Gurgaon,Ajaraka,Other Regional Routes & Informational Hubs,Outstation Taxi,one_way_and_round_trip,Per actual route,Varies by traffic,"Rs. 2,500","Rs. 2,900","Rs. 4,200","Rs. 4,800",Hatchback: Rs. 9/km | Sedan: Rs. 10/km | SUV: Rs. 14/km | Innova: Rs. 16/km,"Hatchback: Rs. 5,000 | Sedan: Rs. 6,000 | SUV: Rs. 8,000 | Innova: Rs. 9,400",Included in fixed fare,Included in quoted fare,https://www.agrashivtourandtravels.com/gurgaon-to-ajaraka-taxi/
gurgaon-to-ajgain-taxi,Gurgaon,Ajgain,Other Regional Routes & Informational Hubs,Outstation Taxi,one_way_and_round_trip,Per actual route,Varies by traffic,"Rs. 2,500","Rs. 2,900","Rs. 4,200","Rs. 4,800",Hatchback: Rs. 9/km | Sedan: Rs. 10/km | SUV: Rs. 14/km | Innova: Rs. 16/km,"Hatchback: Rs. 5,000 | Sedan: Rs. 6,000 | SUV: Rs. 8,000 | Innova: Rs. 9,400",Included in fixed fare,Included in quoted fare,https://www.agrashivtourandtravels.com/gurgaon-to-ajgain-taxi/
gurgaon-to-ajhai-taxi,Gurgaon,Ajhai,Other Regional Routes & Informational Hubs,Outstation Taxi,one_way_and_round_trip,Per actual route,Varies by traffic,"Rs. 2,500","Rs. 2,900","Rs. 4,200","Rs. 4,800",Hatchback: Rs. 9/km | Sedan: Rs. 10/km | SUV: Rs. 14/km | Innova: Rs. 16/km,"Hatchback: Rs. 5,000 | Sedan: Rs. 6,000 | SUV: Rs. 8,000 | Innova: Rs. 9,400",Included in fixed fare,Included in quoted fare,https://www.agrashivtourandtravels.com/gurgaon-to-ajhai-taxi/
gurgaon-to-ajit-taxi,Gurgaon,Ajit,Other Regional Routes & Informational Hubs,Outstation Taxi,one_way_and_round_trip,Per actual route,Varies by traffic,"Rs. 2,500","Rs. 2,900","Rs. 4,200","Rs. 4,800",Hatchback: Rs. 9/km | Sedan: Rs. 10/km | SUV: Rs. 14/km | Innova: Rs. 16/km,"Hatchback: Rs. 5,000 | Sedan: Rs. 6,000 | SUV: Rs. 8,000 | Innova: Rs. 9,400",Included in fixed fare,Included in quoted fare,https://www.agrashivtourandtravels.com/gurgaon-to-ajit-taxi/
gurgaon-to-ajni-taxi,Gurgaon,Ajni,Other Regional Routes & Informational Hubs,Outstation Taxi,one_way_and_round_trip,Per actual route,Varies by traffic,"Rs. 2,500","Rs. 2,900","Rs. 4,200","Rs. 4,800",Hatchback: Rs. 9/km | Sedan: Rs. 10/km | SUV: Rs. 14/km | Innova: Rs. 16/km,"Hatchback: Rs. 5,000 | Sedan: Rs. 6,000 | SUV: Rs. 8,000 | Innova: Rs. 9,400",Included in fixed fare,Included in quoted fare,https://www.agrashivtourandtravels.com/gurgaon-to-ajni-taxi/
gurgaon-to-akaltara-taxi,Gurgaon,Akaltara,Other Regional Routes & Informational Hubs,Outstation Taxi,one_way_and_round_trip,Per actual route,Varies by traffic,"Rs. 2,500","Rs. 2,900","Rs. 4,200","Rs. 4,800",Hatchback: Rs. 9/km | Sedan: Rs. 10/km | SUV: Rs. 14/km | Innova: Rs. 16/km,"Hatchback: Rs. 5,000 | Sedan: Rs. 6,000 | SUV: Rs. 8,000 | Innova: Rs. 9,400",Included in fixed fare,Included in quoted fare,https://www.agrashivtourandtravels.com/gurgaon-to-akaltara-taxi/
gurgaon-to-akanapet-taxi,Gurgaon,Akanapet,Other Regional Routes & Informational Hubs,Outstation Taxi,one_way_and_round_trip,Per actual route,Varies by traffic,"Rs. 2,500","Rs. 2,900","Rs. 4,200","Rs. 4,800",Hatchback: Rs. 9/km | Sedan: Rs. 10/km | SUV: Rs. 14/km | Innova: Rs. 16/km,"Hatchback: Rs. 5,000 | Sedan: Rs. 6,000 | SUV: Rs. 8,000 | Innova: Rs. 9,400",Included in fixed fare,Included in quoted fare,https://www.agrashivtourandtravels.com/gurgaon-to-akanapet-taxi/
gurgaon-to-akbarpur-taxi,Gurgaon,Akbarpur,Other Regional Routes & Informational Hubs,Outstation Taxi,one_way_and_round_trip,Per actual route,Varies by traffic,"Rs. 2,500","Rs. 2,900","Rs. 4,200","Rs. 4,800",Hatchback: Rs. 9/km | Sedan: Rs. 10/km | SUV: Rs. 14/km | Innova: Rs. 16/km,"Hatchback: Rs. 5,000 | Sedan: Rs. 6,000 | SUV: Rs. 8,000 | Innova: Rs. 9,400",Included in fixed fare,Included in quoted fare,https://www.agrashivtourandtravels.com/gurgaon-to-akbarpur-taxi/
gurgaon-to-akividu-taxi,Gurgaon,Akividu,Other Regional Routes & Informational Hubs,Outstation Taxi,one_way_and_round_trip,Per actual route,Varies by traffic,"Rs. 2,500","Rs. 2,900","Rs. 4,200","Rs. 4,800",Hatchback: Rs. 9/km | Sedan: Rs. 10/km | SUV: Rs. 14/km | Innova: Rs. 16/km,"Hatchback: Rs. 5,000 | Sedan: Rs. 6,000 | SUV: Rs. 8,000 | Innova: Rs. 9,400",Included in fixed fare,Included in quoted fare,https://www.agrashivtourandtravels.com/gurgaon-to-akividu-taxi/
gurgaon-to-akodia-taxi,Gurgaon,Akodia,Other Regional Routes & Informational Hubs,Outstation Taxi,one_way_and_round_trip,Per actual route,Varies by traffic,"Rs. 2,500","Rs. 2,900","Rs. 4,200","Rs. 4,800",Hatchback: Rs. 9/km | Sedan: Rs. 10/km | SUV: Rs. 14/km | Innova: Rs. 16/km,"Hatchback: Rs. 5,000 | Sedan: Rs. 6,000 | SUV: Rs. 8,000 | Innova: Rs. 9,400",Included in fixed fare,Included in quoted fare,https://www.agrashivtourandtravels.com/gurgaon-to-akodia-taxi/
gurgaon-to-akolner-taxi,Gurgaon,Akolner,Other Regional Routes & Informational Hubs,Outstation Taxi,one_way_and_round_trip,Per actual route,Varies by traffic,"Rs. 2,500","Rs. 2,900","Rs. 4,200","Rs. 4,800",Hatchback: Rs. 9/km | Sedan: Rs. 10/km | SUV: Rs. 14/km | Innova: Rs. 16/km,"Hatchback: Rs. 5,000 | Sedan: Rs. 6,000 | SUV: Rs. 8,000 | Innova: Rs. 9,400",Included in fixed fare,Included in quoted fare,https://www.agrashivtourandtravels.com/gurgaon-to-akolner-taxi/
gurgaon-to-akora-taxi,Gurgaon,Akora,Other Regional Routes & Informational Hubs,Outstation Taxi,one_way_and_round_trip,Per actual route,Varies by traffic,"Rs. 2,500","Rs. 2,900","Rs. 4,200","Rs. 4,800",Hatchback: Rs. 9/km | Sedan: Rs. 10/km | SUV: Rs. 14/km | Innova: Rs. 16/km,"Hatchback: Rs. 5,000 | Sedan: Rs. 6,000 | SUV: Rs. 8,000 | Innova: Rs. 9,400",Included in fixed fare,Included in quoted fare,https://www.agrashivtourandtravels.com/gurgaon-to-akora-taxi/
gurgaon-to-akot-taxi,Gurgaon,Akot,Other Regional Routes & Informational Hubs,Outstation Taxi,one_way_and_round_trip,Per actual route,Varies by traffic,"Rs. 2,500","Rs. 2,900","Rs. 4,200","Rs. 4,800",Hatchback: Rs. 9/km | Sedan: Rs. 10/km | SUV: Rs. 14/km | Innova: Rs. 16/km,"Hatchback: Rs. 5,000 | Sedan: Rs. 6,000 | SUV: Rs. 8,000 | Innova: Rs. 9,400",Included in fixed fare,Included in quoted fare,https://www.agrashivtourandtravels.com/gurgaon-to-akot-taxi/
gurgaon-to-akurdi-taxi,Gurgaon,Akurdi,Other Regional Routes & Informational Hubs,Outstation Taxi,one_way_and_round_trip,Per actual route,Varies by traffic,"Rs. 2,500","Rs. 2,900","Rs. 4,200","Rs. 4,800",Hatchback: Rs. 9/km | Sedan: Rs. 10/km | SUV: Rs. 14/km | Innova: Rs. 16/km,"Hatchback: Rs. 5,000 | Sedan: Rs. 6,000 | SUV: Rs. 8,000 | Innova: Rs. 9,400",Included in fixed fare,Included in quoted fare,https://www.agrashivtourandtravels.com/gurgaon-to-akurdi-taxi/
gurgaon-to-aler-taxi,Gurgaon,Aler,Other Regional Routes & Informational Hubs,Outstation Taxi,one_way_and_round_trip,Per actual route,Varies by traffic,"Rs. 2,500","Rs. 2,900","Rs. 4,200","Rs. 4,800",Hatchback: Rs. 9/km | Sedan: Rs. 10/km | SUV: Rs. 14/km | Innova: Rs. 16/km,"Hatchback: Rs. 5,000 | Sedan: Rs. 6,000 | SUV: Rs. 8,000 | Innova: Rs. 9,400",Included in fixed fare,Included in quoted fare,https://www.agrashivtourandtravels.com/gurgaon-to-aler-taxi/
gurgaon-to-algawan-taxi,Gurgaon,Algawan,Other Regional Routes & Informational Hubs,Outstation Taxi,one_way_and_round_trip,Per actual route,Varies by traffic,"Rs. 2,500","Rs. 2,900","Rs. 4,200","Rs. 4,800",Hatchback: Rs. 9/km | Sedan: Rs. 10/km | SUV: Rs. 14/km | Innova: Rs. 16/km,"Hatchback: Rs. 5,000 | Sedan: Rs. 6,000 | SUV: Rs. 8,000 | Innova: Rs. 9,400",Included in fixed fare,Included in quoted fare,https://www.agrashivtourandtravels.com/gurgaon-to-algawan-taxi/
gurgaon-to-alia-bada-taxi,Gurgaon,Alia Bada,Other Regional Routes & Informational Hubs,Outstation Taxi,one_way_and_round_trip,Per actual route,Varies by traffic,"Rs. 2,500","Rs. 2,900","Rs. 4,200","Rs. 4,800",Hatchback: Rs. 9/km | Sedan: Rs. 10/km | SUV: Rs. 14/km | Innova: Rs. 16/km,"Hatchback: Rs. 5,000 | Sedan: Rs. 6,000 | SUV: Rs. 8,000 | Innova: Rs. 9,400",Included in fixed fare,Included in quoted fare,https://www.agrashivtourandtravels.com/gurgaon-to-alia-bada-taxi/
gurgaon-to-alibag-taxi,Gurgaon,Alibag,Other Regional Routes & Informational Hubs,Outstation Taxi,one_way_and_round_trip,Per actual route,Varies by traffic,"Rs. 2,500","Rs. 2,900","Rs. 4,200","Rs. 4,800",Hatchback: Rs. 9/km | Sedan: Rs. 10/km | SUV: Rs. 14/km | Innova: Rs. 16/km,"Hatchback: Rs. 5,000 | Sedan: Rs. 6,000 | SUV: Rs. 8,000 | Innova: Rs. 9,400",Included in fixed fare,Included in quoted fare,https://www.agrashivtourandtravels.com/gurgaon-to-alibag-taxi/
gurgaon-to-aligarh-taxi,Gurgaon,Aligarh,Other Regional Routes & Informational Hubs,Outstation Taxi,one_way_and_round_trip,Per actual route,Varies by traffic,"Rs. 2,500","Rs. 2,900","Rs. 4,200","Rs. 4,800",Hatchback: Rs. 9/km | Sedan: Rs. 10/km | SUV: Rs. 14/km | Innova: Rs. 16/km,"Hatchback: Rs. 5,000 | Sedan: Rs. 6,000 | SUV: Rs. 8,000 | Innova: Rs. 9,400",Included in fixed fare,Included in quoted fare,https://www.agrashivtourandtravels.com/gurgaon-to-aligarh-taxi/
gurgaon-to-almatti-taxi,Gurgaon,Almatti,Other Regional Routes & Informational Hubs,Outstation Taxi,one_way_and_round_trip,Per actual route,Varies by traffic,"Rs. 2,500","Rs. 2,900","Rs. 4,200","Rs. 4,800",Hatchback: Rs. 9/km | Sedan: Rs. 10/km | SUV: Rs. 14/km | Innova: Rs. 16/km,"Hatchback: Rs. 5,000 | Sedan: Rs. 6,000 | SUV: Rs. 8,000 | Innova: Rs. 9,400",Included in fixed fare,Included in quoted fare,https://www.agrashivtourandtravels.com/gurgaon-to-almatti-taxi/
gurgaon-to-almora-taxi,Gurgaon,Almora,Other Regional Routes & Informational Hubs,Outstation Taxi,one_way_and_round_trip,Per actual route,Varies by traffic,"Rs. 2,500","Rs. 2,900","Rs. 4,200","Rs. 4,800",Hatchback: Rs. 9/km | Sedan: Rs. 10/km | SUV: Rs. 14/km | Innova: Rs. 16/km,"Hatchback: Rs. 5,000 | Sedan: Rs. 6,000 | SUV: Rs. 8,000 | Innova: Rs. 9,400",Included in fixed fare,Included in quoted fare,https://www.agrashivtourandtravels.com/gurgaon-to-almora-taxi/
gurgaon-to-alnavar-junction-taxi,Gurgaon,Alnavar Junction,Other Regional Routes & Informational Hubs,Outstation Taxi,one_way_and_round_trip,Per actual route,Varies by traffic,"Rs. 2,500","Rs. 2,900","Rs. 4,200","Rs. 4,800",Hatchback: Rs. 9/km | Sedan: Rs. 10/km | SUV: Rs. 14/km | Innova: Rs. 16/km,"Hatchback: Rs. 5,000 | Sedan: Rs. 6,000 | SUV: Rs. 8,000 | Innova: Rs. 9,400",Included in fixed fare,Included in quoted fare,https://www.agrashivtourandtravels.com/gurgaon-to-alnavar-junction-taxi/
gurgaon-to-alsisar-taxi,Gurgaon,Alsisar,Other Regional Routes & Informational Hubs,Outstation Taxi,one_way_and_round_trip,Per actual route,Varies by traffic,"Rs. 2,500","Rs. 2,900","Rs. 4,200","Rs. 4,800",Hatchback: Rs. 9/km | Sedan: Rs. 10/km | SUV: Rs. 14/km | Innova: Rs. 16/km,"Hatchback: Rs. 5,000 | Sedan: Rs. 6,000 | SUV: Rs. 8,000 | Innova: Rs. 9,400",Included in fixed fare,Included in quoted fare,https://www.agrashivtourandtravels.com/gurgaon-to-alsisar-taxi/
gurgaon-to-aluva-taxi,Gurgaon,Aluva,Other Regional Routes & Informational Hubs,Outstation Taxi,one_way_and_round_trip,Per actual route,Varies by traffic,"Rs. 2,500","Rs. 2,900","Rs. 4,200","Rs. 4,800",Hatchback: Rs. 9/km | Sedan: Rs. 10/km | SUV: Rs. 14/km | Innova: Rs. 16/km,"Hatchback: Rs. 5,000 | Sedan: Rs. 6,000 | SUV: Rs. 8,000 | Innova: Rs. 9,400",Included in fixed fare,Included in quoted fare,https://www.agrashivtourandtravels.com/gurgaon-to-aluva-taxi/
gurgaon-to-alwar-taxi,Gurgaon,Alwar,Other Regional Routes & Informational Hubs,Outstation Taxi,one_way_and_round_trip,Per actual route,Varies by traffic,"Rs. 2,500","Rs. 2,900","Rs. 4,200","Rs. 4,800",Hatchback: Rs. 9/km | Sedan: Rs. 10/km | SUV: Rs. 14/km | Innova: Rs. 16/km,"Hatchback: Rs. 5,000 | Sedan: Rs. 6,000 | SUV: Rs. 8,000 | Innova: Rs. 9,400",Included in fixed fare,Included in quoted fare,https://www.agrashivtourandtravels.com/gurgaon-to-alwar-taxi/
gurgaon-to-amalner-taxi,Gurgaon,Amalner,Other Regional Routes & Informational Hubs,Outstation Taxi,one_way_and_round_trip,Per actual route,Varies by traffic,"Rs. 2,500","Rs. 2,900","Rs. 4,200","Rs. 4,800",Hatchback: Rs. 9/km | Sedan: Rs. 10/km | SUV: Rs. 14/km | Innova: Rs. 16/km,"Hatchback: Rs. 5,000 | Sedan: Rs. 6,000 | SUV: Rs. 8,000 | Innova: Rs. 9,400",Included in fixed fare,Included in quoted fare,https://www.agrashivtourandtravels.com/gurgaon-to-amalner-taxi/
gurgaon-to-amalsad-taxi,Gurgaon,Amalsad,Other Regional Routes & Informational Hubs,Outstation Taxi,one_way_and_round_trip,Per actual route,Varies by traffic,"Rs. 2,500","Rs. 2,900","Rs. 4,200","Rs. 4,800",Hatchback: Rs. 9/km | Sedan: Rs. 10/km | SUV: Rs. 14/km | Innova: Rs. 16/km,"Hatchback: Rs. 5,000 | Sedan: Rs. 6,000 | SUV: Rs. 8,000 | Innova: Rs. 9,400",Included in fixed fare,Included in quoted fare,https://www.agrashivtourandtravels.com/gurgaon-to-amalsad-taxi/
gurgaon-to-amaravathi-taxi,Gurgaon,Amaravathi,Other Regional Routes & Informational Hubs,Outstation Taxi,one_way_and_round_trip,Per actual route,Varies by traffic,"Rs. 2,500","Rs. 2,900","Rs. 4,200","Rs. 4,800",Hatchback: Rs. 9/km | Sedan: Rs. 10/km | SUV: Rs. 14/km | Innova: Rs. 16/km,"Hatchback: Rs. 5,000 | Sedan: Rs. 6,000 | SUV: Rs. 8,000 | Innova: Rs. 9,400",Included in fixed fare,Included in quoted fare,https://www.agrashivtourandtravels.com/gurgaon-to-amaravathi-taxi/
gurgaon-to-amarpura-taxi,Gurgaon,Amarpura,Other Regional Routes & Informational Hubs,Outstation Taxi,one_way_and_round_trip,Per actual route,Varies by traffic,"Rs. 2,500","Rs. 2,900","Rs. 4,200","Rs. 4,800",Hatchback: Rs. 9/km | Sedan: Rs. 10/km | SUV: Rs. 14/km | Innova: Rs. 16/km,"Hatchback: Rs. 5,000 | Sedan: Rs. 6,000 | SUV: Rs. 8,000 | Innova: Rs. 9,400",Included in fixed fare,Included in quoted fare,https://www.agrashivtourandtravels.com/gurgaon-to-amarpura-taxi/
gurgaon-to-amausi-taxi,Gurgaon,Amausi,Other Regional Routes & Informational Hubs,Outstation Taxi,one_way_and_round_trip,Per actual route,Varies by traffic,"Rs. 2,500","Rs. 2,900","Rs. 4,200","Rs. 4,800",Hatchback: Rs. 9/km | Sedan: Rs. 10/km | SUV: Rs. 14/km | Innova: Rs. 16/km,"Hatchback: Rs. 5,000 | Sedan: Rs. 6,000 | SUV: Rs. 8,000 | Innova: Rs. 9,400",Included in fixed fare,Included in quoted fare,https://www.agrashivtourandtravels.com/gurgaon-to-amausi-taxi/
gurgaon-to-amb-andaura-taxi,Gurgaon,Amb Andaura,Other Regional Routes & Informational Hubs,Outstation Taxi,one_way_and_round_trip,Per actual route,Varies by traffic,"Rs. 2,500","Rs. 2,900","Rs. 4,200","Rs. 4,800",Hatchback: Rs. 9/km | Sedan: Rs. 10/km | SUV: Rs. 14/km | Innova: Rs. 16/km,"Hatchback: Rs. 5,000 | Sedan: Rs. 6,000 | SUV: Rs. 8,000 | Innova: Rs. 9,400",Included in fixed fare,Included in quoted fare,https://www.agrashivtourandtravels.com/gurgaon-to-amb-andaura-taxi/
gurki-mandi-agra-to-chandigarh-taxi-services,Gurki Mandi Agra,Chandigarh,Agra (Localities) -> Chandigarh,Outstation Taxi,day_package_120km,450 km,7 to 8 hours,"Rs. 2,200 (120 KM)","Rs. 2,800 (120 KM)","Rs. 3,000 (120 KM)","Rs. 3,600 (120 KM)",Extra KM: Hatch/Sedan: Rs. 10/km | SUV: Rs. 14/km | Innova: Rs. 16/km,Standard Day Package (120 KM limit),Included for 1-day trip,Included in package,https://www.agrashivtourandtravels.com/gurki-mandi-agra-to-chandigarh-taxi-services/
gurki-mandi-to-haridwar-taxi-services,Gurki Mandi,Haridwar,Agra (Localities) -> Haridwar,Outstation Taxi,day_package_120km,Per actual route,Varies by traffic,"Rs. 2,200 (120 KM)","Rs. 2,800 (120 KM)","Rs. 3,000 (120 KM)","Rs. 3,600 (120 KM)",Extra KM: Hatch/Sedan: Rs. 10/km | SUV: Rs. 14/km | Innova: Rs. 16/km,Standard Day Package (120 KM limit),Included for 1-day trip,Included in package,https://www.agrashivtourandtravels.com/gurki-mandi-to-haridwar-taxi-services/
gutila-agra-to-chandigarh-taxi-services,Gutila Agra,Chandigarh,Agra (Localities) -> Chandigarh,Outstation Taxi,day_package_120km,450 km,7 to 8 hours,"Rs. 2,200 (120 KM)","Rs. 2,800 (120 KM)","Rs. 3,000 (120 KM)","Rs. 3,600 (120 KM)",Extra KM: Hatch/Sedan: Rs. 10/km | SUV: Rs. 14/km | Innova: Rs. 16/km,Standard Day Package (120 KM limit),Included for 1-day trip,Included in package,https://www.agrashivtourandtravels.com/gutila-agra-to-chandigarh-taxi-services/
gutila-to-haridwar-taxi-services,Gutila,Haridwar,Agra (Localities) -> Haridwar,Outstation Taxi,day_package_120km,Per actual route,Varies by traffic,"Rs. 2,200 (120 KM)","Rs. 2,800 (120 KM)","Rs. 3,000 (120 KM)","Rs. 3,600 (120 KM)",Extra KM: Hatch/Sedan: Rs. 10/km | SUV: Rs. 14/km | Innova: Rs. 16/km,Standard Day Package (120 KM limit),Included for 1-day trip,Included in package,https://www.agrashivtourandtravels.com/gutila-to-haridwar-taxi-services/
gwal-pahari-gurgaon-to-agra-taxi,Gwal Pahari Gurgaon,Agra,Delhi / Gurgaon (NCR) -> Agra,Outstation Taxi,one_way_and_round_trip,Per actual route,Varies by traffic,"Rs. 2,500","Rs. 2,900","Rs. 4,200","Rs. 4,800",Hatchback: Rs. 9/km | Sedan: Rs. 10/km | SUV: Rs. 14/km | Innova: Rs. 16/km,"Hatchback: Rs. 5,000 | Sedan: Rs. 6,000 | SUV: Rs. 8,000 | Innova: Rs. 9,400",Included in fixed fare,Included in quoted fare,https://www.agrashivtourandtravels.com/gwal-pahari-gurgaon-to-agra-taxi/
h-n-khera-agra-to-chandigarh-taxi-services,H N Khera Agra,Chandigarh,Agra (Localities) -> Chandigarh,Outstation Taxi,day_package_120km,450 km,7 to 8 hours,"Rs. 2,200 (120 KM)","Rs. 2,800 (120 KM)","Rs. 3,000 (120 KM)","Rs. 3,600 (120 KM)",Extra KM: Hatch/Sedan: Rs. 10/km | SUV: Rs. 14/km | Innova: Rs. 16/km,Standard Day Package (120 KM limit),Included for 1-day trip,Included in package,https://www.agrashivtourandtravels.com/h-n-khera-agra-to-chandigarh-taxi-services/
haillymandi-gurgaon-to-agra-taxi,Haillymandi Gurgaon,Agra,Delhi / Gurgaon (NCR) -> Agra,Outstation Taxi,one_way_and_round_trip,Per actual route,Varies by traffic,"Rs. 2,500","Rs. 2,900","Rs. 4,200","Rs. 4,800",Hatchback: Rs. 9/km | Sedan: Rs. 10/km | SUV: Rs. 14/km | Innova: Rs. 16/km,"Hatchback: Rs. 5,000 | Sedan: Rs. 6,000 | SUV: Rs. 8,000 | Innova: Rs. 9,400",Included in fixed fare,Included in quoted fare,https://www.agrashivtourandtravels.com/haillymandi-gurgaon-to-agra-taxi/
hansela-agra-to-chandigarh-taxi-services,Hansela Agra,Chandigarh,Agra (Localities) -> Chandigarh,Outstation Taxi,day_package_120km,450 km,7 to 8 hours,"Rs. 2,200 (120 KM)","Rs. 2,800 (120 KM)","Rs. 3,000 (120 KM)","Rs. 3,600 (120 KM)",Extra KM: Hatch/Sedan: Rs. 10/km | SUV: Rs. 14/km | Innova: Rs. 16/km,Standard Day Package (120 KM limit),Included for 1-day trip,Included in package,https://www.agrashivtourandtravels.com/hansela-agra-to-chandigarh-taxi-services/
hansela-to-haridwar-taxi-services,Hansela,Haridwar,Agra (Localities) -> Haridwar,Outstation Taxi,day_package_120km,Per actual route,Varies by traffic,"Rs. 2,200 (120 KM)","Rs. 2,800 (120 KM)","Rs. 3,000 (120 KM)","Rs. 3,600 (120 KM)",Extra KM: Hatch/Sedan: Rs. 10/km | SUV: Rs. 14/km | Innova: Rs. 16/km,Standard Day Package (120 KM limit),Included for 1-day trip,Included in package,https://www.agrashivtourandtravels.com/hansela-to-haridwar-taxi-services/
hasanpur-etmadpur-agra-to-chandigarh-taxi-services,Hasanpur Etmadpur Agra,Chandigarh,Agra (Localities) -> Chandigarh,Outstation Taxi,day_package_120km,450 km,7 to 8 hours,"Rs. 2,200 (120 KM)","Rs. 2,800 (120 KM)","Rs. 3,000 (120 KM)","Rs. 3,600 (120 KM)",Extra KM: Hatch/Sedan: Rs. 10/km | SUV: Rs. 14/km | Innova: Rs. 16/km,Standard Day Package (120 KM limit),Included for 1-day trip,Included in package,https://www.agrashivtourandtravels.com/hasanpur-etmadpur-agra-to-chandigarh-taxi-services/
hasanpur-gurgaon-to-agra-taxi,Hasanpur Gurgaon,Agra,Delhi / Gurgaon (NCR) -> Agra,Outstation Taxi,one_way_and_round_trip,Per actual route,Varies by traffic,"Rs. 2,500","Rs. 2,900","Rs. 4,200","Rs. 4,800",Hatchback: Rs. 9/km | Sedan: Rs. 10/km | SUV: Rs. 14/km | Innova: Rs. 16/km,"Hatchback: Rs. 5,000 | Sedan: Rs. 6,000 | SUV: Rs. 8,000 | Innova: Rs. 9,400",Included in fixed fare,Included in quoted fare,https://www.agrashivtourandtravels.com/hasanpur-gurgaon-to-agra-taxi/
hasanpur-to-haridwar-taxi-services,Hasanpur,Haridwar,Agra (Localities) -> Haridwar,Outstation Taxi,day_package_120km,Per actual route,Varies by traffic,"Rs. 2,200 (120 KM)","Rs. 2,800 (120 KM)","Rs. 3,000 (120 KM)","Rs. 3,600 (120 KM)",Extra KM: Hatch/Sedan: Rs. 10/km | SUV: Rs. 14/km | Innova: Rs. 16/km,Standard Day Package (120 KM limit),Included for 1-day trip,Included in package,https://www.agrashivtourandtravels.com/hasanpur-to-haridwar-taxi-services/
hawa-mahal-the-royal-architecturebook-best-outstation-cab-in-india,General,General,Other Regional Routes & Informational Hubs,Special Service / Information Page,custom_or_hourly,Per actual route,Varies by traffic,N/A,N/A,N/A,N/A,N/A,N/A,N/A,N/A,https://www.agrashivtourandtravels.com/hawa-mahal-the-royal-architecturebook-best-outstation-cab-in-india/
hazipur-khera-etmadpur-agra-to-chandigarh-taxi-services,Hazipur Khera Etmadpur Agra,Chandigarh,Agra (Localities) -> Chandigarh,Outstation Taxi,day_package_120km,450 km,7 to 8 hours,"Rs. 2,200 (120 KM)","Rs. 2,800 (120 KM)","Rs. 3,000 (120 KM)","Rs. 3,600 (120 KM)",Extra KM: Hatch/Sedan: Rs. 10/km | SUV: Rs. 14/km | Innova: Rs. 16/km,Standard Day Package (120 KM limit),Included for 1-day trip,Included in package,https://www.agrashivtourandtravels.com/hazipur-khera-etmadpur-agra-to-chandigarh-taxi-services/
hazipur-khera-to-haridwar-taxi-services,Hazipur Khera,Haridwar,Agra (Localities) -> Haridwar,Outstation Taxi,day_package_120km,Per actual route,Varies by traffic,"Rs. 2,200 (120 KM)","Rs. 2,800 (120 KM)","Rs. 3,000 (120 KM)","Rs. 3,600 (120 KM)",Extra KM: Hatch/Sedan: Rs. 10/km | SUV: Rs. 14/km | Innova: Rs. 16/km,Standard Day Package (120 KM limit),Included for 1-day trip,Included in package,https://www.agrashivtourandtravels.com/hazipur-khera-to-haridwar-taxi-services/
hironda-agra-to-chandigarh-taxi-services,Hironda Agra,Chandigarh,Agra (Localities) -> Chandigarh,Outstation Taxi,day_package_120km,450 km,7 to 8 hours,"Rs. 2,200 (120 KM)","Rs. 2,800 (120 KM)","Rs. 3,000 (120 KM)","Rs. 3,600 (120 KM)",Extra KM: Hatch/Sedan: Rs. 10/km | SUV: Rs. 14/km | Innova: Rs. 16/km,Standard Day Package (120 KM limit),Included for 1-day trip,Included in package,https://www.agrashivtourandtravels.com/hironda-agra-to-chandigarh-taxi-services/
hironda-to-haridwar-taxi-services,Hironda,Haridwar,Agra (Localities) -> Haridwar,Outstation Taxi,day_package_120km,Per actual route,Varies by traffic,"Rs. 2,200 (120 KM)","Rs. 2,800 (120 KM)","Rs. 3,000 (120 KM)","Rs. 3,600 (120 KM)",Extra KM: Hatch/Sedan: Rs. 10/km | SUV: Rs. 14/km | Innova: Rs. 16/km,Standard Day Package (120 KM limit),Included for 1-day trip,Included in package,https://www.agrashivtourandtravels.com/hironda-to-haridwar-taxi-services/
hirwari-gurgaon-to-agra-taxi,Hirwari Gurgaon,Agra,Delhi / Gurgaon (NCR) -> Agra,Outstation Taxi,one_way_and_round_trip,Per actual route,Varies by traffic,"Rs. 2,500","Rs. 2,900","Rs. 4,200","Rs. 4,800",Hatchback: Rs. 9/km | Sedan: Rs. 10/km | SUV: Rs. 14/km | Innova: Rs. 16/km,"Hatchback: Rs. 5,000 | Sedan: Rs. 6,000 | SUV: Rs. 8,000 | Innova: Rs. 9,400",Included in fixed fare,Included in quoted fare,https://www.agrashivtourandtravels.com/hirwari-gurgaon-to-agra-taxi/
hnkhera-to-haridwar-taxi-services,Hnkhera,Haridwar,Agra (Localities) -> Haridwar,Outstation Taxi,day_package_120km,Per actual route,Varies by traffic,"Rs. 2,200 (120 KM)","Rs. 2,800 (120 KM)","Rs. 3,000 (120 KM)","Rs. 3,600 (120 KM)",Extra KM: Hatch/Sedan: Rs. 10/km | SUV: Rs. 14/km | Innova: Rs. 16/km,Standard Day Package (120 KM limit),Included for 1-day trip,Included in package,https://www.agrashivtourandtravels.com/hnkhera-to-haridwar-taxi-services/
holi-pura-to-haridwar-taxi-services,Holi Pura,Haridwar,Agra (Localities) -> Haridwar,Outstation Taxi,day_package_120km,Per actual route,Varies by traffic,"Rs. 2,200 (120 KM)","Rs. 2,800 (120 KM)","Rs. 3,000 (120 KM)","Rs. 3,600 (120 KM)",Extra KM: Hatch/Sedan: Rs. 10/km | SUV: Rs. 14/km | Innova: Rs. 16/km,Standard Day Package (120 KM limit),Included for 1-day trip,Included in package,https://www.agrashivtourandtravels.com/holi-pura-to-haridwar-taxi-services/
holiday-in-to-haridwar-taxi-services,Holiday In,Haridwar,Agra (Localities) -> Haridwar,Outstation Taxi,day_package_120km,Per actual route,Varies by traffic,"Rs. 2,200 (120 KM)","Rs. 2,800 (120 KM)","Rs. 3,000 (120 KM)","Rs. 3,600 (120 KM)",Extra KM: Hatch/Sedan: Rs. 10/km | SUV: Rs. 14/km | Innova: Rs. 16/km,Standard Day Package (120 KM limit),Included for 1-day trip,Included in package,https://www.agrashivtourandtravels.com/holiday-in-to-haridwar-taxi-services/
holipura-bah-agra-to-chandigarh-taxi-services,Holipura Bah Agra,Chandigarh,Agra (Localities) -> Chandigarh,Outstation Taxi,day_package_120km,450 km,7 to 8 hours,"Rs. 2,200 (120 KM)","Rs. 2,800 (120 KM)","Rs. 3,000 (120 KM)","Rs. 3,600 (120 KM)",Extra KM: Hatch/Sedan: Rs. 10/km | SUV: Rs. 14/km | Innova: Rs. 16/km,Standard Day Package (120 KM limit),Included for 1-day trip,Included in package,https://www.agrashivtourandtravels.com/holipura-bah-agra-to-chandigarh-taxi-services/
hospital-road-agra-to-chandigarh-taxi-services,Hospital Road Agra,Chandigarh,Agra (Localities) -> Chandigarh,Outstation Taxi,day_package_120km,450 km,7 to 8 hours,"Rs. 2,200 (120 KM)","Rs. 2,800 (120 KM)","Rs. 3,000 (120 KM)","Rs. 3,600 (120 KM)",Extra KM: Hatch/Sedan: Rs. 10/km | SUV: Rs. 14/km | Innova: Rs. 16/km,Standard Day Package (120 KM limit),Included for 1-day trip,Included in package,https://www.agrashivtourandtravels.com/hospital-road-agra-to-chandigarh-taxi-services/
hospital-road-to-haridwar-taxi-services,Hospital Road,Haridwar,Agra (Localities) -> Haridwar,Outstation Taxi,day_package_120km,Per actual route,Varies by traffic,"Rs. 2,200 (120 KM)","Rs. 2,800 (120 KM)","Rs. 3,000 (120 KM)","Rs. 3,600 (120 KM)",Extra KM: Hatch/Sedan: Rs. 10/km | SUV: Rs. 14/km | Innova: Rs. 16/km,Standard Day Package (120 KM limit),Included for 1-day trip,Included in package,https://www.agrashivtourandtravels.com/hospital-road-to-haridwar-taxi-services/
hotal-clarkshiraj-agra-to-chandigarh-taxi-services,Hotal Clarkshiraj Agra,Chandigarh,Agra (Localities) -> Chandigarh,Outstation Taxi,day_package_120km,450 km,7 to 8 hours,"Rs. 2,200 (120 KM)","Rs. 2,800 (120 KM)","Rs. 3,000 (120 KM)","Rs. 3,600 (120 KM)",Extra KM: Hatch/Sedan: Rs. 10/km | SUV: Rs. 14/km | Innova: Rs. 16/km,Standard Day Package (120 KM limit),Included for 1-day trip,Included in package,https://www.agrashivtourandtravels.com/hotal-clarkshiraj-agra-to-chandigarh-taxi-services/
hotal-clarkshiraj-to-haridwar-taxi-services,Hotal Clarkshiraj,Haridwar,Agra (Localities) -> Haridwar,Outstation Taxi,day_package_120km,Per actual route,Varies by traffic,"Rs. 2,200 (120 KM)","Rs. 2,800 (120 KM)","Rs. 3,000 (120 KM)","Rs. 3,600 (120 KM)",Extra KM: Hatch/Sedan: Rs. 10/km | SUV: Rs. 14/km | Innova: Rs. 16/km,Standard Day Package (120 KM limit),Included for 1-day trip,Included in package,https://www.agrashivtourandtravels.com/hotal-clarkshiraj-to-haridwar-taxi-services/
i-a-f-agra-to-chandigarh-taxi-services,I A F Agra,Chandigarh,Agra (Localities) -> Chandigarh,Outstation Taxi,day_package_120km,450 km,7 to 8 hours,"Rs. 2,200 (120 KM)","Rs. 2,800 (120 KM)","Rs. 3,000 (120 KM)","Rs. 3,600 (120 KM)",Extra KM: Hatch/Sedan: Rs. 10/km | SUV: Rs. 14/km | Innova: Rs. 16/km,Standard Day Package (120 KM limit),Included for 1-day trip,Included in package,https://www.agrashivtourandtravels.com/i-a-f-agra-to-chandigarh-taxi-services/
i-a-f-to-haridwar-taxi-services,I A F,Haridwar,Agra (Localities) -> Haridwar,Outstation Taxi,day_package_120km,Per actual route,Varies by traffic,"Rs. 2,200 (120 KM)","Rs. 2,800 (120 KM)","Rs. 3,000 (120 KM)","Rs. 3,600 (120 KM)",Extra KM: Hatch/Sedan: Rs. 10/km | SUV: Rs. 14/km | Innova: Rs. 16/km,Standard Day Package (120 KM limit),Included for 1-day trip,Included in package,https://www.agrashivtourandtravels.com/i-a-f-to-haridwar-taxi-services/
idgha-colony-agra-to-chandigarh-taxi-services,Idgha Colony Agra,Chandigarh,Agra (Localities) -> Chandigarh,Outstation Taxi,day_package_120km,450 km,7 to 8 hours,"Rs. 2,200 (120 KM)","Rs. 2,800 (120 KM)","Rs. 3,000 (120 KM)","Rs. 3,600 (120 KM)",Extra KM: Hatch/Sedan: Rs. 10/km | SUV: Rs. 14/km | Innova: Rs. 16/km,Standard Day Package (120 KM limit),Included for 1-day trip,Included in package,https://www.agrashivtourandtravels.com/idgha-colony-agra-to-chandigarh-taxi-services/
idgha-colony-to-haridwar-taxi-services,Idgha Colony,Haridwar,Agra (Localities) -> Haridwar,Outstation Taxi,day_package_120km,Per actual route,Varies by traffic,"Rs. 2,200 (120 KM)","Rs. 2,800 (120 KM)","Rs. 3,000 (120 KM)","Rs. 3,600 (120 KM)",Extra KM: Hatch/Sedan: Rs. 10/km | SUV: Rs. 14/km | Innova: Rs. 16/km,Standard Day Package (120 KM limit),Included for 1-day trip,Included in package,https://www.agrashivtourandtravels.com/idgha-colony-to-haridwar-taxi-services/
imt-manesar-gurgaon-to-agra-taxi,Imt Manesar Gurgaon,Agra,Delhi / Gurgaon (NCR) -> Agra,Outstation Taxi,one_way_and_round_trip,Per actual route,Varies by traffic,"Rs. 2,500","Rs. 2,900","Rs. 4,200","Rs. 4,800",Hatchback: Rs. 9/km | Sedan: Rs. 10/km | SUV: Rs. 14/km | Innova: Rs. 16/km,"Hatchback: Rs. 5,000 | Sedan: Rs. 6,000 | SUV: Rs. 8,000 | Innova: Rs. 9,400",Included in fixed fare,Included in quoted fare,https://www.agrashivtourandtravels.com/imt-manesar-gurgaon-to-agra-taxi/
inchhapuri-gurgaon-to-agra-taxi,Inchhapuri Gurgaon,Agra,Delhi / Gurgaon (NCR) -> Agra,Outstation Taxi,one_way_and_round_trip,Per actual route,Varies by traffic,"Rs. 2,500","Rs. 2,900","Rs. 4,200","Rs. 4,800",Hatchback: Rs. 9/km | Sedan: Rs. 10/km | SUV: Rs. 14/km | Innova: Rs. 16/km,"Hatchback: Rs. 5,000 | Sedan: Rs. 6,000 | SUV: Rs. 8,000 | Innova: Rs. 9,400",Included in fixed fare,Included in quoted fare,https://www.agrashivtourandtravels.com/inchhapuri-gurgaon-to-agra-taxi/
indir-mewat-gurgaon-to-agra-taxi,Indir Mewat Gurgaon,Agra,Delhi / Gurgaon (NCR) -> Agra,Outstation Taxi,one_way_and_round_trip,Per actual route,Varies by traffic,"Rs. 2,500","Rs. 2,900","Rs. 4,200","Rs. 4,800",Hatchback: Rs. 9/km | Sedan: Rs. 10/km | SUV: Rs. 14/km | Innova: Rs. 16/km,"Hatchback: Rs. 5,000 | Sedan: Rs. 6,000 | SUV: Rs. 8,000 | Innova: Rs. 9,400",Included in fixed fare,Included in quoted fare,https://www.agrashivtourandtravels.com/indir-mewat-gurgaon-to-agra-taxi/
indrapuram-agra-to-chandigarh-taxi-services,Indrapuram Agra,Chandigarh,Agra (Localities) -> Chandigarh,Outstation Taxi,day_package_120km,450 km,7 to 8 hours,"Rs. 2,200 (120 KM)","Rs. 2,800 (120 KM)","Rs. 3,000 (120 KM)","Rs. 3,600 (120 KM)",Extra KM: Hatch/Sedan: Rs. 10/km | SUV: Rs. 14/km | Innova: Rs. 16/km,Standard Day Package (120 KM limit),Included for 1-day trip,Included in package,https://www.agrashivtourandtravels.com/indrapuram-agra-to-chandigarh-taxi-services/
industrial-complex-dundahera-gurgaon-to-agra-taxi,Industrial Complex Dundahera Gurgaon,Agra,Delhi / Gurgaon (NCR) -> Agra,Outstation Taxi,one_way_and_round_trip,Per actual route,Varies by traffic,"Rs. 2,500","Rs. 2,900","Rs. 4,200","Rs. 4,800",Hatchback: Rs. 9/km | Sedan: Rs. 10/km | SUV: Rs. 14/km | Innova: Rs. 16/km,"Hatchback: Rs. 5,000 | Sedan: Rs. 6,000 | SUV: Rs. 8,000 | Innova: Rs. 9,400",Included in fixed fare,Included in quoted fare,https://www.agrashivtourandtravels.com/industrial-complex-dundahera-gurgaon-to-agra-taxi/
industrial-estate-agra-to-chandigarh-taxi-services,Industrial Estate Agra,Chandigarh,Agra (Localities) -> Chandigarh,Outstation Taxi,day_package_120km,450 km,7 to 8 hours,"Rs. 2,200 (120 KM)","Rs. 2,800 (120 KM)","Rs. 3,000 (120 KM)","Rs. 3,600 (120 KM)",Extra KM: Hatch/Sedan: Rs. 10/km | SUV: Rs. 14/km | Innova: Rs. 16/km,Standard Day Package (120 KM limit),Included for 1-day trip,Included in package,https://www.agrashivtourandtravels.com/industrial-estate-agra-to-chandigarh-taxi-services/
industrial-estate-gurgaon-to-agra-taxi,Industrial Estate Gurgaon,Agra,Delhi / Gurgaon (NCR) -> Agra,Outstation Taxi,one_way_and_round_trip,Per actual route,Varies by traffic,"Rs. 2,500","Rs. 2,900","Rs. 4,200","Rs. 4,800",Hatchback: Rs. 9/km | Sedan: Rs. 10/km | SUV: Rs. 14/km | Innova: Rs. 16/km,"Hatchback: Rs. 5,000 | Sedan: Rs. 6,000 | SUV: Rs. 8,000 | Innova: Rs. 9,400",Included in fixed fare,Included in quoted fare,https://www.agrashivtourandtravels.com/industrial-estate-gurgaon-to-agra-taxi/
industrial-estate-to-haridwar-taxi-services,Industrial Estate,Haridwar,Agra (Localities) -> Haridwar,Outstation Taxi,day_package_120km,Per actual route,Varies by traffic,"Rs. 2,200 (120 KM)","Rs. 2,800 (120 KM)","Rs. 3,000 (120 KM)","Rs. 3,600 (120 KM)",Extra KM: Hatch/Sedan: Rs. 10/km | SUV: Rs. 14/km | Innova: Rs. 16/km,Standard Day Package (120 KM limit),Included for 1-day trip,Included in package,https://www.agrashivtourandtravels.com/industrial-estate-to-haridwar-taxi-services/
intersting-facts-about-agra-fort-book-delhi-to-agra-taxi,Intersting Facts About Agra Fort Book Delhi,Agra,Delhi / Gurgaon (NCR) -> Agra,Outstation Taxi,custom_or_hourly,Per actual route,Varies by traffic,N/A,N/A,N/A,N/A,N/A,N/A,N/A,N/A,https://www.agrashivtourandtravels.com/intersting-facts-about-agra-fort-book-delhi-to-agra-taxi/
iradat-nagar-agra-to-chandigarh-taxi-services,Iradat Nagar Agra,Chandigarh,Agra (Localities) -> Chandigarh,Outstation Taxi,day_package_120km,450 km,7 to 8 hours,"Rs. 2,200 (120 KM)","Rs. 2,800 (120 KM)","Rs. 3,000 (120 KM)","Rs. 3,600 (120 KM)",Extra KM: Hatch/Sedan: Rs. 10/km | SUV: Rs. 14/km | Innova: Rs. 16/km,Standard Day Package (120 KM limit),Included for 1-day trip,Included in package,https://www.agrashivtourandtravels.com/iradat-nagar-agra-to-chandigarh-taxi-services/
iradat-nagar-to-haridwar-taxi-services,Iradat Nagar,Haridwar,Agra (Localities) -> Haridwar,Outstation Taxi,day_package_120km,Per actual route,Varies by traffic,"Rs. 2,200 (120 KM)","Rs. 2,800 (120 KM)","Rs. 3,000 (120 KM)","Rs. 3,600 (120 KM)",Extra KM: Hatch/Sedan: Rs. 10/km | SUV: Rs. 14/km | Innova: Rs. 16/km,Standard Day Package (120 KM limit),Included for 1-day trip,Included in package,https://www.agrashivtourandtravels.com/iradat-nagar-to-haridwar-taxi-services/
jaganpur-agra-to-chandigarh-taxi-services,Jaganpur Agra,Chandigarh,Agra (Localities) -> Chandigarh,Outstation Taxi,day_package_120km,450 km,7 to 8 hours,"Rs. 2,200 (120 KM)","Rs. 2,800 (120 KM)","Rs. 3,000 (120 KM)","Rs. 3,600 (120 KM)",Extra KM: Hatch/Sedan: Rs. 10/km | SUV: Rs. 14/km | Innova: Rs. 16/km,Standard Day Package (120 KM limit),Included for 1-day trip,Included in package,https://www.agrashivtourandtravels.com/jaganpur-agra-to-chandigarh-taxi-services/
jaganpur-to-haridwar-taxi-services,Jaganpur,Haridwar,Agra (Localities) -> Haridwar,Outstation Taxi,day_package_120km,Per actual route,Varies by traffic,"Rs. 2,200 (120 KM)","Rs. 2,800 (120 KM)","Rs. 3,000 (120 KM)","Rs. 3,600 (120 KM)",Extra KM: Hatch/Sedan: Rs. 10/km | SUV: Rs. 14/km | Innova: Rs. 16/km,Standard Day Package (120 KM limit),Included for 1-day trip,Included in package,https://www.agrashivtourandtravels.com/jaganpur-to-haridwar-taxi-services/
jagat-gurgaon-to-agra-taxi,Jagat Gurgaon,Agra,Delhi / Gurgaon (NCR) -> Agra,Outstation Taxi,one_way_and_round_trip,Per actual route,Varies by traffic,"Rs. 2,500","Rs. 2,900","Rs. 4,200","Rs. 4,800",Hatchback: Rs. 9/km | Sedan: Rs. 10/km | SUV: Rs. 14/km | Innova: Rs. 16/km,"Hatchback: Rs. 5,000 | Sedan: Rs. 6,000 | SUV: Rs. 8,000 | Innova: Rs. 9,400",Included in fixed fare,Included in quoted fare,https://www.agrashivtourandtravels.com/jagat-gurgaon-to-agra-taxi/
jagdish-pura-agra-to-chandigarh-taxi-services,Jagdish Pura Agra,Chandigarh,Agra (Localities) -> Chandigarh,Outstation Taxi,day_package_120km,450 km,7 to 8 hours,"Rs. 2,200 (120 KM)","Rs. 2,800 (120 KM)","Rs. 3,000 (120 KM)","Rs. 3,600 (120 KM)",Extra KM: Hatch/Sedan: Rs. 10/km | SUV: Rs. 14/km | Innova: Rs. 16/km,Standard Day Package (120 KM limit),Included for 1-day trip,Included in package,https://www.agrashivtourandtravels.com/jagdish-pura-agra-to-chandigarh-taxi-services/
jagdish-pura-to-haridwar-taxi-services,Jagdish Pura,Haridwar,Agra (Localities) -> Haridwar,Outstation Taxi,day_package_120km,Per actual route,Varies by traffic,"Rs. 2,200 (120 KM)","Rs. 2,800 (120 KM)","Rs. 3,000 (120 KM)","Rs. 3,600 (120 KM)",Extra KM: Hatch/Sedan: Rs. 10/km | SUV: Rs. 14/km | Innova: Rs. 16/km,Standard Day Package (120 KM limit),Included for 1-day trip,Included in package,https://www.agrashivtourandtravels.com/jagdish-pura-to-haridwar-taxi-services/
jagner-agra-to-chandigarh-taxi-services,Jagner Agra,Chandigarh,Agra (Localities) -> Chandigarh,Outstation Taxi,day_package_120km,450 km,7 to 8 hours,"Rs. 2,200 (120 KM)","Rs. 2,800 (120 KM)","Rs. 3,000 (120 KM)","Rs. 3,600 (120 KM)",Extra KM: Hatch/Sedan: Rs. 10/km | SUV: Rs. 14/km | Innova: Rs. 16/km,Standard Day Package (120 KM limit),Included for 1-day trip,Included in package,https://www.agrashivtourandtravels.com/jagner-agra-to-chandigarh-taxi-services/
jagner-to-haridwar-taxi-services,Jagner,Haridwar,Agra (Localities) -> Haridwar,Outstation Taxi,day_package_120km,Per actual route,Varies by traffic,"Rs. 2,200 (120 KM)","Rs. 2,800 (120 KM)","Rs. 3,000 (120 KM)","Rs. 3,600 (120 KM)",Extra KM: Hatch/Sedan: Rs. 10/km | SUV: Rs. 14/km | Innova: Rs. 16/km,Standard Day Package (120 KM limit),Included for 1-day trip,Included in package,https://www.agrashivtourandtravels.com/jagner-to-haridwar-taxi-services/
jagrajpur-agra-to-chandigarh-taxi-services,Jagrajpur Agra,Chandigarh,Agra (Localities) -> Chandigarh,Outstation Taxi,day_package_120km,450 km,7 to 8 hours,"Rs. 2,200 (120 KM)","Rs. 2,800 (120 KM)","Rs. 3,000 (120 KM)","Rs. 3,600 (120 KM)",Extra KM: Hatch/Sedan: Rs. 10/km | SUV: Rs. 14/km | Innova: Rs. 16/km,Standard Day Package (120 KM limit),Included for 1-day trip,Included in package,https://www.agrashivtourandtravels.com/jagrajpur-agra-to-chandigarh-taxi-services/
jagrajpur-to-haridwar-taxi-services,Jagrajpur,Haridwar,Agra (Localities) -> Haridwar,Outstation Taxi,day_package_120km,Per actual route,Varies by traffic,"Rs. 2,200 (120 KM)","Rs. 2,800 (120 KM)","Rs. 3,000 (120 KM)","Rs. 3,600 (120 KM)",Extra KM: Hatch/Sedan: Rs. 10/km | SUV: Rs. 14/km | Innova: Rs. 16/km,Standard Day Package (120 KM limit),Included for 1-day trip,Included in package,https://www.agrashivtourandtravels.com/jagrajpur-to-haridwar-taxi-services/
jaingara-kiraoli-agra-to-chandigarh-taxi-services,Jaingara Kiraoli Agra,Chandigarh,Agra (Localities) -> Chandigarh,Outstation Taxi,day_package_120km,450 km,7 to 8 hours,"Rs. 2,200 (120 KM)","Rs. 2,800 (120 KM)","Rs. 3,000 (120 KM)","Rs. 3,600 (120 KM)",Extra KM: Hatch/Sedan: Rs. 10/km | SUV: Rs. 14/km | Innova: Rs. 16/km,Standard Day Package (120 KM limit),Included for 1-day trip,Included in package,https://www.agrashivtourandtravels.com/jaingara-kiraoli-agra-to-chandigarh-taxi-services/
jaingara-to-haridwar-taxi-services,Jaingara,Haridwar,Agra (Localities) -> Haridwar,Outstation Taxi,day_package_120km,Per actual route,Varies by traffic,"Rs. 2,200 (120 KM)","Rs. 2,800 (120 KM)","Rs. 3,000 (120 KM)","Rs. 3,600 (120 KM)",Extra KM: Hatch/Sedan: Rs. 10/km | SUV: Rs. 14/km | Innova: Rs. 16/km,Standard Day Package (120 KM limit),Included for 1-day trip,Included in package,https://www.agrashivtourandtravels.com/jaingara-to-haridwar-taxi-services/
jaitpur-agra-to-chandigarh-taxi-services,Jaitpur Agra,Chandigarh,Agra (Localities) -> Chandigarh,Outstation Taxi,day_package_120km,450 km,7 to 8 hours,"Rs. 2,200 (120 KM)","Rs. 2,800 (120 KM)","Rs. 3,000 (120 KM)","Rs. 3,600 (120 KM)",Extra KM: Hatch/Sedan: Rs. 10/km | SUV: Rs. 14/km | Innova: Rs. 16/km,Standard Day Package (120 KM limit),Included for 1-day trip,Included in package,https://www.agrashivtourandtravels.com/jaitpur-agra-to-chandigarh-taxi-services/
jaitpur-gurgaon-to-agra-taxi,Jaitpur Gurgaon,Agra,Delhi / Gurgaon (NCR) -> Agra,Outstation Taxi,one_way_and_round_trip,Per actual route,Varies by traffic,"Rs. 2,500","Rs. 2,900","Rs. 4,200","Rs. 4,800",Hatchback: Rs. 9/km | Sedan: Rs. 10/km | SUV: Rs. 14/km | Innova: Rs. 16/km,"Hatchback: Rs. 5,000 | Sedan: Rs. 6,000 | SUV: Rs. 8,000 | Innova: Rs. 9,400",Included in fixed fare,Included in quoted fare,https://www.agrashivtourandtravels.com/jaitpur-gurgaon-to-agra-taxi/
jaitpur-to-haridwar-taxi-services,Jaitpur,Haridwar,Agra (Localities) -> Haridwar,Outstation Taxi,day_package_120km,Per actual route,Varies by traffic,"Rs. 2,200 (120 KM)","Rs. 2,800 (120 KM)","Rs. 3,000 (120 KM)","Rs. 3,600 (120 KM)",Extra KM: Hatch/Sedan: Rs. 10/km | SUV: Rs. 14/km | Innova: Rs. 16/km,Standard Day Package (120 KM limit),Included for 1-day trip,Included in package,https://www.agrashivtourandtravels.com/jaitpur-to-haridwar-taxi-services/
jajau-agra-to-chandigarh-taxi-services,Jajau Agra,Chandigarh,Agra (Localities) -> Chandigarh,Outstation Taxi,day_package_120km,450 km,7 to 8 hours,"Rs. 2,200 (120 KM)","Rs. 2,800 (120 KM)","Rs. 3,000 (120 KM)","Rs. 3,600 (120 KM)",Extra KM: Hatch/Sedan: Rs. 10/km | SUV: Rs. 14/km | Innova: Rs. 16/km,Standard Day Package (120 KM limit),Included for 1-day trip,Included in package,https://www.agrashivtourandtravels.com/jajau-agra-to-chandigarh-taxi-services/
jajau-kiraoli-agra-to-chandigarh-taxi-services,Jajau Kiraoli Agra,Chandigarh,Agra (Localities) -> Chandigarh,Outstation Taxi,day_package_120km,450 km,7 to 8 hours,"Rs. 2,200 (120 KM)","Rs. 2,800 (120 KM)","Rs. 3,000 (120 KM)","Rs. 3,600 (120 KM)",Extra KM: Hatch/Sedan: Rs. 10/km | SUV: Rs. 14/km | Innova: Rs. 16/km,Standard Day Package (120 KM limit),Included for 1-day trip,Included in package,https://www.agrashivtourandtravels.com/jajau-kiraoli-agra-to-chandigarh-taxi-services/
jajau-to-haridwar-taxi-services,Jajau,Haridwar,Agra (Localities) -> Haridwar,Outstation Taxi,day_package_120km,Per actual route,Varies by traffic,"Rs. 2,200 (120 KM)","Rs. 2,800 (120 KM)","Rs. 3,000 (120 KM)","Rs. 3,600 (120 KM)",Extra KM: Hatch/Sedan: Rs. 10/km | SUV: Rs. 14/km | Innova: Rs. 16/km,Standard Day Package (120 KM limit),Included for 1-day trip,Included in package,https://www.agrashivtourandtravels.com/jajau-to-haridwar-taxi-services/
jajauli-kiraoli-agra-to-chandigarh-taxi-services,Jajauli Kiraoli Agra,Chandigarh,Agra (Localities) -> Chandigarh,Outstation Taxi,day_package_120km,450 km,7 to 8 hours,"Rs. 2,200 (120 KM)","Rs. 2,800 (120 KM)","Rs. 3,000 (120 KM)","Rs. 3,600 (120 KM)",Extra KM: Hatch/Sedan: Rs. 10/km | SUV: Rs. 14/km | Innova: Rs. 16/km,Standard Day Package (120 KM limit),Included for 1-day trip,Included in package,https://www.agrashivtourandtravels.com/jajauli-kiraoli-agra-to-chandigarh-taxi-services/
jajauli-to-haridwar-taxi-services,Jajauli,Haridwar,Agra (Localities) -> Haridwar,Outstation Taxi,day_package_120km,Per actual route,Varies by traffic,"Rs. 2,200 (120 KM)","Rs. 2,800 (120 KM)","Rs. 3,000 (120 KM)","Rs. 3,600 (120 KM)",Extra KM: Hatch/Sedan: Rs. 10/km | SUV: Rs. 14/km | Innova: Rs. 16/km,Standard Day Package (120 KM limit),Included for 1-day trip,Included in package,https://www.agrashivtourandtravels.com/jajauli-to-haridwar-taxi-services/
jamalgarh-gurgaon-to-agra-taxi,Jamalgarh Gurgaon,Agra,Delhi / Gurgaon (NCR) -> Agra,Outstation Taxi,one_way_and_round_trip,Per actual route,Varies by traffic,"Rs. 2,500","Rs. 2,900","Rs. 4,200","Rs. 4,800",Hatchback: Rs. 9/km | Sedan: Rs. 10/km | SUV: Rs. 14/km | Innova: Rs. 16/km,"Hatchback: Rs. 5,000 | Sedan: Rs. 6,000 | SUV: Rs. 8,000 | Innova: Rs. 9,400",Included in fixed fare,Included in quoted fare,https://www.agrashivtourandtravels.com/jamalgarh-gurgaon-to-agra-taxi/
jamalpur-gurgaon-to-agra-taxi,Jamalpur Gurgaon,Agra,Delhi / Gurgaon (NCR) -> Agra,Outstation Taxi,one_way_and_round_trip,Per actual route,Varies by traffic,"Rs. 2,500","Rs. 2,900","Rs. 4,200","Rs. 4,800",Hatchback: Rs. 9/km | Sedan: Rs. 10/km | SUV: Rs. 14/km | Innova: Rs. 16/km,"Hatchback: Rs. 5,000 | Sedan: Rs. 6,000 | SUV: Rs. 8,000 | Innova: Rs. 9,400",Included in fixed fare,Included in quoted fare,https://www.agrashivtourandtravels.com/jamalpur-gurgaon-to-agra-taxi/
janaula-gurgaon-to-agra-taxi,Janaula Gurgaon,Agra,Delhi / Gurgaon (NCR) -> Agra,Outstation Taxi,one_way_and_round_trip,Per actual route,Varies by traffic,"Rs. 2,500","Rs. 2,900","Rs. 4,200","Rs. 4,800",Hatchback: Rs. 9/km | Sedan: Rs. 10/km | SUV: Rs. 14/km | Innova: Rs. 16/km,"Hatchback: Rs. 5,000 | Sedan: Rs. 6,000 | SUV: Rs. 8,000 | Innova: Rs. 9,400",Included in fixed fare,Included in quoted fare,https://www.agrashivtourandtravels.com/janaula-gurgaon-to-agra-taxi/
jant-gurgaon-to-agra-taxi,Jant Gurgaon,Agra,Delhi / Gurgaon (NCR) -> Agra,Outstation Taxi,one_way_and_round_trip,Per actual route,Varies by traffic,"Rs. 2,500","Rs. 2,900","Rs. 4,200","Rs. 4,800",Hatchback: Rs. 9/km | Sedan: Rs. 10/km | SUV: Rs. 14/km | Innova: Rs. 16/km,"Hatchback: Rs. 5,000 | Sedan: Rs. 6,000 | SUV: Rs. 8,000 | Innova: Rs. 9,400",Included in fixed fare,Included in quoted fare,https://www.agrashivtourandtravels.com/jant-gurgaon-to-agra-taxi/
jarar-agra-to-chandigarh-taxi-services,Jarar Agra,Chandigarh,Agra (Localities) -> Chandigarh,Outstation Taxi,day_package_120km,450 km,7 to 8 hours,"Rs. 2,200 (120 KM)","Rs. 2,800 (120 KM)","Rs. 3,000 (120 KM)","Rs. 3,600 (120 KM)",Extra KM: Hatch/Sedan: Rs. 10/km | SUV: Rs. 14/km | Innova: Rs. 16/km,Standard Day Package (120 KM limit),Included for 1-day trip,Included in package,https://www.agrashivtourandtravels.com/jarar-agra-to-chandigarh-taxi-services/
jarar-to-haridwar-taxi-services,Jarar,Haridwar,Agra (Localities) -> Haridwar,Outstation Taxi,day_package_120km,Per actual route,Varies by traffic,"Rs. 2,200 (120 KM)","Rs. 2,800 (120 KM)","Rs. 3,000 (120 KM)","Rs. 3,600 (120 KM)",Extra KM: Hatch/Sedan: Rs. 10/km | SUV: Rs. 14/km | Innova: Rs. 16/km,Standard Day Package (120 KM limit),Included for 1-day trip,Included in package,https://www.agrashivtourandtravels.com/jarar-to-haridwar-taxi-services/
jarari-agra-to-chandigarh-taxi-services,Jarari Agra,Chandigarh,Agra (Localities) -> Chandigarh,Outstation Taxi,day_package_120km,450 km,7 to 8 hours,"Rs. 2,200 (120 KM)","Rs. 2,800 (120 KM)","Rs. 3,000 (120 KM)","Rs. 3,600 (120 KM)",Extra KM: Hatch/Sedan: Rs. 10/km | SUV: Rs. 14/km | Innova: Rs. 16/km,Standard Day Package (120 KM limit),Included for 1-day trip,Included in package,https://www.agrashivtourandtravels.com/jarari-agra-to-chandigarh-taxi-services/
jarari-to-haridwar-taxi-services,Jarari,Haridwar,Agra (Localities) -> Haridwar,Outstation Taxi,day_package_120km,Per actual route,Varies by traffic,"Rs. 2,200 (120 KM)","Rs. 2,800 (120 KM)","Rs. 3,000 (120 KM)","Rs. 3,600 (120 KM)",Extra KM: Hatch/Sedan: Rs. 10/km | SUV: Rs. 14/km | Innova: Rs. 16/km,Standard Day Package (120 KM limit),Included for 1-day trip,Included in package,https://www.agrashivtourandtravels.com/jarari-to-haridwar-taxi-services/
jarua-katra-agra-to-chandigarh-taxi-services,Jarua Katra Agra,Chandigarh,Agra (Localities) -> Chandigarh,Outstation Taxi,day_package_120km,450 km,7 to 8 hours,"Rs. 2,200 (120 KM)","Rs. 2,800 (120 KM)","Rs. 3,000 (120 KM)","Rs. 3,600 (120 KM)",Extra KM: Hatch/Sedan: Rs. 10/km | SUV: Rs. 14/km | Innova: Rs. 16/km,Standard Day Package (120 KM limit),Included for 1-day trip,Included in package,https://www.agrashivtourandtravels.com/jarua-katra-agra-to-chandigarh-taxi-services/
jarua-katra-to-haridwar-taxi-services,Jarua Katra,Haridwar,Agra (Localities) -> Haridwar,Outstation Taxi,day_package_120km,Per actual route,Varies by traffic,"Rs. 2,200 (120 KM)","Rs. 2,800 (120 KM)","Rs. 3,000 (120 KM)","Rs. 3,600 (120 KM)",Extra KM: Hatch/Sedan: Rs. 10/km | SUV: Rs. 14/km | Innova: Rs. 16/km,Standard Day Package (120 KM limit),Included for 1-day trip,Included in package,https://www.agrashivtourandtravels.com/jarua-katra-to-haridwar-taxi-services/
jataula-gurgaon-to-agra-taxi,Jataula Gurgaon,Agra,Delhi / Gurgaon (NCR) -> Agra,Outstation Taxi,one_way_and_round_trip,Per actual route,Varies by traffic,"Rs. 2,500","Rs. 2,900","Rs. 4,200","Rs. 4,800",Hatchback: Rs. 9/km | Sedan: Rs. 10/km | SUV: Rs. 14/km | Innova: Rs. 16/km,"Hatchback: Rs. 5,000 | Sedan: Rs. 6,000 | SUV: Rs. 8,000 | Innova: Rs. 9,400",Included in fixed fare,Included in quoted fare,https://www.agrashivtourandtravels.com/jataula-gurgaon-to-agra-taxi/
jatauli-gurgaon-to-agra-taxi,Jatauli Gurgaon,Agra,Delhi / Gurgaon (NCR) -> Agra,Outstation Taxi,one_way_and_round_trip,Per actual route,Varies by traffic,"Rs. 2,500","Rs. 2,900","Rs. 4,200","Rs. 4,800",Hatchback: Rs. 9/km | Sedan: Rs. 10/km | SUV: Rs. 14/km | Innova: Rs. 16/km,"Hatchback: Rs. 5,000 | Sedan: Rs. 6,000 | SUV: Rs. 8,000 | Innova: Rs. 9,400",Included in fixed fare,Included in quoted fare,https://www.agrashivtourandtravels.com/jatauli-gurgaon-to-agra-taxi/
jawasi-gurgaon-to-agra-taxi,Jawasi Gurgaon,Agra,Delhi / Gurgaon (NCR) -> Agra,Outstation Taxi,one_way_and_round_trip,Per actual route,Varies by traffic,"Rs. 2,500","Rs. 2,900","Rs. 4,200","Rs. 4,800",Hatchback: Rs. 9/km | Sedan: Rs. 10/km | SUV: Rs. 14/km | Innova: Rs. 16/km,"Hatchback: Rs. 5,000 | Sedan: Rs. 6,000 | SUV: Rs. 8,000 | Innova: Rs. 9,400",Included in fixed fare,Included in quoted fare,https://www.agrashivtourandtravels.com/jawasi-gurgaon-to-agra-taxi/
jhamuwas-gurgaon-to-agra-taxi,Jhamuwas Gurgaon,Agra,Delhi / Gurgaon (NCR) -> Agra,Outstation Taxi,one_way_and_round_trip,Per actual route,Varies by traffic,"Rs. 2,500","Rs. 2,900","Rs. 4,200","Rs. 4,800",Hatchback: Rs. 9/km | Sedan: Rs. 10/km | SUV: Rs. 14/km | Innova: Rs. 16/km,"Hatchback: Rs. 5,000 | Sedan: Rs. 6,000 | SUV: Rs. 8,000 | Innova: Rs. 9,400",Included in fixed fare,Included in quoted fare,https://www.agrashivtourandtravels.com/jhamuwas-gurgaon-to-agra-taxi/
jharsa-gurgaon-to-agra-taxi,Jharsa Gurgaon,Agra,Delhi / Gurgaon (NCR) -> Agra,Outstation Taxi,one_way_and_round_trip,Per actual route,Varies by traffic,"Rs. 2,500","Rs. 2,900","Rs. 4,200","Rs. 4,800",Hatchback: Rs. 9/km | Sedan: Rs. 10/km | SUV: Rs. 14/km | Innova: Rs. 16/km,"Hatchback: Rs. 5,000 | Sedan: Rs. 6,000 | SUV: Rs. 8,000 | Innova: Rs. 9,400",Included in fixed fare,Included in quoted fare,https://www.agrashivtourandtravels.com/jharsa-gurgaon-to-agra-taxi/
johns-mill-agra-to-chandigarh-taxi-services,Johns Mill Agra,Chandigarh,Agra (Localities) -> Chandigarh,Outstation Taxi,day_package_120km,450 km,7 to 8 hours,"Rs. 2,200 (120 KM)","Rs. 2,800 (120 KM)","Rs. 3,000 (120 KM)","Rs. 3,600 (120 KM)",Extra KM: Hatch/Sedan: Rs. 10/km | SUV: Rs. 14/km | Innova: Rs. 16/km,Standard Day Package (120 KM limit),Included for 1-day trip,Included in package,https://www.agrashivtourandtravels.com/johns-mill-agra-to-chandigarh-taxi-services/
johns-mill-to-haridwar-taxi-services,Johns Mill,Haridwar,Agra (Localities) -> Haridwar,Outstation Taxi,day_package_120km,Per actual route,Varies by traffic,"Rs. 2,200 (120 KM)","Rs. 2,800 (120 KM)","Rs. 3,000 (120 KM)","Rs. 3,600 (120 KM)",Extra KM: Hatch/Sedan: Rs. 10/km | SUV: Rs. 14/km | Innova: Rs. 16/km,Standard Day Package (120 KM limit),Included for 1-day trip,Included in package,https://www.agrashivtourandtravels.com/johns-mill-to-haridwar-taxi-services/
johri-bazar-agra-to-chandigarh-taxi-services,Johri Bazar Agra,Chandigarh,Agra (Localities) -> Chandigarh,Outstation Taxi,day_package_120km,450 km,7 to 8 hours,"Rs. 2,200 (120 KM)","Rs. 2,800 (120 KM)","Rs. 3,000 (120 KM)","Rs. 3,600 (120 KM)",Extra KM: Hatch/Sedan: Rs. 10/km | SUV: Rs. 14/km | Innova: Rs. 16/km,Standard Day Package (120 KM limit),Included for 1-day trip,Included in package,https://www.agrashivtourandtravels.com/johri-bazar-agra-to-chandigarh-taxi-services/
johri-bazar-to-haridwar-taxi-services,Johri Bazar,Haridwar,Agra (Localities) -> Haridwar,Outstation Taxi,day_package_120km,Per actual route,Varies by traffic,"Rs. 2,200 (120 KM)","Rs. 2,800 (120 KM)","Rs. 3,000 (120 KM)","Rs. 3,600 (120 KM)",Extra KM: Hatch/Sedan: Rs. 10/km | SUV: Rs. 14/km | Innova: Rs. 16/km,Standard Day Package (120 KM limit),Included for 1-day trip,Included in package,https://www.agrashivtourandtravels.com/johri-bazar-to-haridwar-taxi-services/
jonai-agra-to-chandigarh-taxi-services,Jonai Agra,Chandigarh,Agra (Localities) -> Chandigarh,Outstation Taxi,day_package_120km,450 km,7 to 8 hours,"Rs. 2,200 (120 KM)","Rs. 2,800 (120 KM)","Rs. 3,000 (120 KM)","Rs. 3,600 (120 KM)",Extra KM: Hatch/Sedan: Rs. 10/km | SUV: Rs. 14/km | Innova: Rs. 16/km,Standard Day Package (120 KM limit),Included for 1-day trip,Included in package,https://www.agrashivtourandtravels.com/jonai-agra-to-chandigarh-taxi-services/
jonai-to-haridwar-taxi-services,Jonai,Haridwar,Agra (Localities) -> Haridwar,Outstation Taxi,day_package_120km,Per actual route,Varies by traffic,"Rs. 2,200 (120 KM)","Rs. 2,800 (120 KM)","Rs. 3,000 (120 KM)","Rs. 3,600 (120 KM)",Extra KM: Hatch/Sedan: Rs. 10/km | SUV: Rs. 14/km | Innova: Rs. 16/km,Standard Day Package (120 KM limit),Included for 1-day trip,Included in package,https://www.agrashivtourandtravels.com/jonai-to-haridwar-taxi-services/
k-h-sansthan-agra-to-chandigarh-taxi-services,K H Sansthan Agra,Chandigarh,Agra (Localities) -> Chandigarh,Outstation Taxi,day_package_120km,450 km,7 to 8 hours,"Rs. 2,200 (120 KM)","Rs. 2,800 (120 KM)","Rs. 3,000 (120 KM)","Rs. 3,600 (120 KM)",Extra KM: Hatch/Sedan: Rs. 10/km | SUV: Rs. 14/km | Innova: Rs. 16/km,Standard Day Package (120 KM limit),Included for 1-day trip,Included in package,https://www.agrashivtourandtravels.com/k-h-sansthan-agra-to-chandigarh-taxi-services/
kachaura-kiraoli-agra-to-chandigarh-taxi-services,Kachaura Kiraoli Agra,Chandigarh,Agra (Localities) -> Chandigarh,Outstation Taxi,day_package_120km,450 km,7 to 8 hours,"Rs. 2,200 (120 KM)","Rs. 2,800 (120 KM)","Rs. 3,000 (120 KM)","Rs. 3,600 (120 KM)",Extra KM: Hatch/Sedan: Rs. 10/km | SUV: Rs. 14/km | Innova: Rs. 16/km,Standard Day Package (120 KM limit),Included for 1-day trip,Included in package,https://www.agrashivtourandtravels.com/kachaura-kiraoli-agra-to-chandigarh-taxi-services/
kachaura-to-haridwar-taxi-services,Kachaura,Haridwar,Agra (Localities) -> Haridwar,Outstation Taxi,day_package_120km,Per actual route,Varies by traffic,"Rs. 2,200 (120 KM)","Rs. 2,800 (120 KM)","Rs. 3,000 (120 KM)","Rs. 3,600 (120 KM)",Extra KM: Hatch/Sedan: Rs. 10/km | SUV: Rs. 14/km | Innova: Rs. 16/km,Standard Day Package (120 KM limit),Included for 1-day trip,Included in package,https://www.agrashivtourandtravels.com/kachaura-to-haridwar-taxi-services/
kachora-ghat-bah-agra-to-chandigarh-taxi-services,Kachora Ghat Bah Agra,Chandigarh,Agra (Localities) -> Chandigarh,Outstation Taxi,day_package_120km,450 km,7 to 8 hours,"Rs. 2,200 (120 KM)","Rs. 2,800 (120 KM)","Rs. 3,000 (120 KM)","Rs. 3,600 (120 KM)",Extra KM: Hatch/Sedan: Rs. 10/km | SUV: Rs. 14/km | Innova: Rs. 16/km,Standard Day Package (120 KM limit),Included for 1-day trip,Included in package,https://www.agrashivtourandtravels.com/kachora-ghat-bah-agra-to-chandigarh-taxi-services/
kachora-ghat-to-haridwar-taxi-services,Kachora Ghat,Haridwar,Agra (Localities) -> Haridwar,Outstation Taxi,day_package_120km,Per actual route,Varies by traffic,"Rs. 2,200 (120 KM)","Rs. 2,800 (120 KM)","Rs. 3,000 (120 KM)","Rs. 3,600 (120 KM)",Extra KM: Hatch/Sedan: Rs. 10/km | SUV: Rs. 14/km | Innova: Rs. 16/km,Standard Day Package (120 KM limit),Included for 1-day trip,Included in package,https://www.agrashivtourandtravels.com/kachora-ghat-to-haridwar-taxi-services/
kadipur-gurgaon-to-agra-taxi,Kadipur Gurgaon,Agra,Delhi / Gurgaon (NCR) -> Agra,Outstation Taxi,one_way_and_round_trip,Per actual route,Varies by traffic,"Rs. 2,500","Rs. 2,900","Rs. 4,200","Rs. 4,800",Hatchback: Rs. 9/km | Sedan: Rs. 10/km | SUV: Rs. 14/km | Innova: Rs. 16/km,"Hatchback: Rs. 5,000 | Sedan: Rs. 6,000 | SUV: Rs. 8,000 | Innova: Rs. 9,400",Included in fixed fare,Included in quoted fare,https://www.agrashivtourandtravels.com/kadipur-gurgaon-to-agra-taxi/
kagrol-kheragah-agra-to-chandigarh-taxi-services,Kagrol Kheragah Agra,Chandigarh,Agra (Localities) -> Chandigarh,Outstation Taxi,day_package_120km,450 km,7 to 8 hours,"Rs. 2,200 (120 KM)","Rs. 2,800 (120 KM)","Rs. 3,000 (120 KM)","Rs. 3,600 (120 KM)",Extra KM: Hatch/Sedan: Rs. 10/km | SUV: Rs. 14/km | Innova: Rs. 16/km,Standard Day Package (120 KM limit),Included for 1-day trip,Included in package,https://www.agrashivtourandtravels.com/kagrol-kheragah-agra-to-chandigarh-taxi-services/
kagrol-to-haridwar-taxi-services,Kagrol,Haridwar,Agra (Localities) -> Haridwar,Outstation Taxi,day_package_120km,Per actual route,Varies by traffic,"Rs. 2,200 (120 KM)","Rs. 2,800 (120 KM)","Rs. 3,000 (120 KM)","Rs. 3,600 (120 KM)",Extra KM: Hatch/Sedan: Rs. 10/km | SUV: Rs. 14/km | Innova: Rs. 16/km,Standard Day Package (120 KM limit),Included for 1-day trip,Included in package,https://www.agrashivtourandtravels.com/kagrol-to-haridwar-taxi-services/
kailash-agra-to-chandigarh-taxi-services,Kailash Agra,Chandigarh,Agra (Localities) -> Chandigarh,Outstation Taxi,day_package_120km,450 km,7 to 8 hours,"Rs. 2,200 (120 KM)","Rs. 2,800 (120 KM)","Rs. 3,000 (120 KM)","Rs. 3,600 (120 KM)",Extra KM: Hatch/Sedan: Rs. 10/km | SUV: Rs. 14/km | Innova: Rs. 16/km,Standard Day Package (120 KM limit),Included for 1-day trip,Included in package,https://www.agrashivtourandtravels.com/kailash-agra-to-chandigarh-taxi-services/
kailash-to-haridwar-taxi-services,Kailash,Haridwar,Agra (Localities) -> Haridwar,Outstation Taxi,day_package_120km,Per actual route,Varies by traffic,"Rs. 2,200 (120 KM)","Rs. 2,800 (120 KM)","Rs. 3,000 (120 KM)","Rs. 3,600 (120 KM)",Extra KM: Hatch/Sedan: Rs. 10/km | SUV: Rs. 14/km | Innova: Rs. 16/km,Standard Day Package (120 KM limit),Included for 1-day trip,Included in package,https://www.agrashivtourandtravels.com/kailash-to-haridwar-taxi-services/
kakoria-gurgaon-to-agra-taxi,Kakoria Gurgaon,Agra,Delhi / Gurgaon (NCR) -> Agra,Outstation Taxi,one_way_and_round_trip,Per actual route,Varies by traffic,"Rs. 2,500","Rs. 2,900","Rs. 4,200","Rs. 4,800",Hatchback: Rs. 9/km | Sedan: Rs. 10/km | SUV: Rs. 14/km | Innova: Rs. 16/km,"Hatchback: Rs. 5,000 | Sedan: Rs. 6,000 | SUV: Rs. 8,000 | Innova: Rs. 9,400",Included in fixed fare,Included in quoted fare,https://www.agrashivtourandtravels.com/kakoria-gurgaon-to-agra-taxi/
kakua-agra-to-chandigarh-taxi-services,Kakua Agra,Chandigarh,Agra (Localities) -> Chandigarh,Outstation Taxi,day_package_120km,450 km,7 to 8 hours,"Rs. 2,200 (120 KM)","Rs. 2,800 (120 KM)","Rs. 3,000 (120 KM)","Rs. 3,600 (120 KM)",Extra KM: Hatch/Sedan: Rs. 10/km | SUV: Rs. 14/km | Innova: Rs. 16/km,Standard Day Package (120 KM limit),Included for 1-day trip,Included in package,https://www.agrashivtourandtravels.com/kakua-agra-to-chandigarh-taxi-services/
kakua-to-haridwar-taxi-services,Kakua,Haridwar,Agra (Localities) -> Haridwar,Outstation Taxi,day_package_120km,Per actual route,Varies by traffic,"Rs. 2,200 (120 KM)","Rs. 2,800 (120 KM)","Rs. 3,000 (120 KM)","Rs. 3,600 (120 KM)",Extra KM: Hatch/Sedan: Rs. 10/km | SUV: Rs. 14/km | Innova: Rs. 16/km,Standard Day Package (120 KM limit),Included for 1-day trip,Included in package,https://www.agrashivtourandtravels.com/kakua-to-haridwar-taxi-services/
kalal-kheria-to-haridwar-taxi-services,Kalal Kheria,Haridwar,Agra (Localities) -> Haridwar,Outstation Taxi,day_package_120km,Per actual route,Varies by traffic,"Rs. 2,200 (120 KM)","Rs. 2,800 (120 KM)","Rs. 3,000 (120 KM)","Rs. 3,600 (120 KM)",Extra KM: Hatch/Sedan: Rs. 10/km | SUV: Rs. 14/km | Innova: Rs. 16/km,Standard Day Package (120 KM limit),Included for 1-day trip,Included in package,https://www.agrashivtourandtravels.com/kalal-kheria-to-haridwar-taxi-services/
kalayanpur-bhagirathpur-to-haridwar-taxi-services,Kalayanpur Bhagirathpur,Haridwar,Agra (Localities) -> Haridwar,Outstation Taxi,day_package_120km,Per actual route,Varies by traffic,"Rs. 2,200 (120 KM)","Rs. 2,800 (120 KM)","Rs. 3,000 (120 KM)","Rs. 3,600 (120 KM)",Extra KM: Hatch/Sedan: Rs. 10/km | SUV: Rs. 14/km | Innova: Rs. 16/km,Standard Day Package (120 KM limit),Included for 1-day trip,Included in package,https://www.agrashivtourandtravels.com/kalayanpur-bhagirathpur-to-haridwar-taxi-services/
kalibari-to-haridwar-taxi-services,Kalibari,Haridwar,Agra (Localities) -> Haridwar,Outstation Taxi,day_package_120km,Per actual route,Varies by traffic,"Rs. 2,200 (120 KM)","Rs. 2,800 (120 KM)","Rs. 3,000 (120 KM)","Rs. 3,600 (120 KM)",Extra KM: Hatch/Sedan: Rs. 10/km | SUV: Rs. 14/km | Innova: Rs. 16/km,Standard Day Package (120 KM limit),Included for 1-day trip,Included in package,https://www.agrashivtourandtravels.com/kalibari-to-haridwar-taxi-services/
kalwari-gurgaon-to-agra-taxi,Kalwari Gurgaon,Agra,Delhi / Gurgaon (NCR) -> Agra,Outstation Taxi,one_way_and_round_trip,Per actual route,Varies by traffic,"Rs. 2,500","Rs. 2,900","Rs. 4,200","Rs. 4,800",Hatchback: Rs. 9/km | Sedan: Rs. 10/km | SUV: Rs. 14/km | Innova: Rs. 16/km,"Hatchback: Rs. 5,000 | Sedan: Rs. 6,000 | SUV: Rs. 8,000 | Innova: Rs. 9,400",Included in fixed fare,Included in quoted fare,https://www.agrashivtourandtravels.com/kalwari-gurgaon-to-agra-taxi/
kalwari-to-haridwar-taxi-services,Kalwari,Haridwar,Agra (Localities) -> Haridwar,Outstation Taxi,day_package_120km,Per actual route,Varies by traffic,"Rs. 2,200 (120 KM)","Rs. 2,800 (120 KM)","Rs. 3,000 (120 KM)","Rs. 3,600 (120 KM)",Extra KM: Hatch/Sedan: Rs. 10/km | SUV: Rs. 14/km | Innova: Rs. 16/km,Standard Day Package (120 KM limit),Included for 1-day trip,Included in package,https://www.agrashivtourandtravels.com/kalwari-to-haridwar-taxi-services/
kamala-nagar-to-haridwar-taxi-services,Kamala Nagar,Haridwar,Agra (Localities) -> Haridwar,Outstation Taxi,day_package_120km,Per actual route,Varies by traffic,"Rs. 2,200 (120 KM)","Rs. 2,800 (120 KM)","Rs. 3,000 (120 KM)","Rs. 3,600 (120 KM)",Extra KM: Hatch/Sedan: Rs. 10/km | SUV: Rs. 14/km | Innova: Rs. 16/km,Standard Day Package (120 KM limit),Included for 1-day trip,Included in package,https://www.agrashivtourandtravels.com/kamala-nagar-to-haridwar-taxi-services/
kamtari-to-haridwar-taxi-services,Kamtari,Haridwar,Agra (Localities) -> Haridwar,Outstation Taxi,day_package_120km,Per actual route,Varies by traffic,"Rs. 2,200 (120 KM)","Rs. 2,800 (120 KM)","Rs. 3,000 (120 KM)","Rs. 3,600 (120 KM)",Extra KM: Hatch/Sedan: Rs. 10/km | SUV: Rs. 14/km | Innova: Rs. 16/km,Standard Day Package (120 KM limit),Included for 1-day trip,Included in package,https://www.agrashivtourandtravels.com/kamtari-to-haridwar-taxi-services/
kanjauli-to-haridwar-taxi-services,Kanjauli,Haridwar,Agra (Localities) -> Haridwar,Outstation Taxi,day_package_120km,Per actual route,Varies by traffic,"Rs. 2,200 (120 KM)","Rs. 2,800 (120 KM)","Rs. 3,000 (120 KM)","Rs. 3,600 (120 KM)",Extra KM: Hatch/Sedan: Rs. 10/km | SUV: Rs. 14/km | Innova: Rs. 16/km,Standard Day Package (120 KM limit),Included for 1-day trip,Included in package,https://www.agrashivtourandtravels.com/kanjauli-to-haridwar-taxi-services/
kankarwali-rewari-gurgaon-to-agra-taxi,Kankarwali Rewari Gurgaon,Agra,Delhi / Gurgaon (NCR) -> Agra,Outstation Taxi,one_way_and_round_trip,Per actual route,Varies by traffic,"Rs. 2,500","Rs. 2,900","Rs. 4,200","Rs. 4,800",Hatchback: Rs. 9/km | Sedan: Rs. 10/km | SUV: Rs. 14/km | Innova: Rs. 16/km,"Hatchback: Rs. 5,000 | Sedan: Rs. 6,000 | SUV: Rs. 8,000 | Innova: Rs. 9,400",Included in fixed fare,Included in quoted fare,https://www.agrashivtourandtravels.com/kankarwali-rewari-gurgaon-to-agra-taxi/
karahara-to-haridwar-taxi-services,Karahara,Haridwar,Agra (Localities) -> Haridwar,Outstation Taxi,day_package_120km,Per actual route,Varies by traffic,"Rs. 2,200 (120 KM)","Rs. 2,800 (120 KM)","Rs. 3,000 (120 KM)","Rs. 3,600 (120 KM)",Extra KM: Hatch/Sedan: Rs. 10/km | SUV: Rs. 14/km | Innova: Rs. 16/km,Standard Day Package (120 KM limit),Included for 1-day trip,Included in package,https://www.agrashivtourandtravels.com/karahara-to-haridwar-taxi-services/
karkoli-to-haridwar-taxi-services,Karkoli,Haridwar,Agra (Localities) -> Haridwar,Outstation Taxi,day_package_120km,Per actual route,Varies by traffic,"Rs. 2,200 (120 KM)","Rs. 2,800 (120 KM)","Rs. 3,000 (120 KM)","Rs. 3,600 (120 KM)",Extra KM: Hatch/Sedan: Rs. 10/km | SUV: Rs. 14/km | Innova: Rs. 16/km,Standard Day Package (120 KM limit),Included for 1-day trip,Included in package,https://www.agrashivtourandtravels.com/karkoli-to-haridwar-taxi-services/
karodhana-kala-to-haridwar-taxi-services,Karodhana Kala,Haridwar,Agra (Localities) -> Haridwar,Outstation Taxi,day_package_120km,Per actual route,Varies by traffic,"Rs. 2,200 (120 KM)","Rs. 2,800 (120 KM)","Rs. 3,000 (120 KM)","Rs. 3,600 (120 KM)",Extra KM: Hatch/Sedan: Rs. 10/km | SUV: Rs. 14/km | Innova: Rs. 16/km,Standard Day Package (120 KM limit),Included for 1-day trip,Included in package,https://www.agrashivtourandtravels.com/karodhana-kala-to-haridwar-taxi-services/
karola-gurgaon-to-agra-taxi,Karola Gurgaon,Agra,Delhi / Gurgaon (NCR) -> Agra,Outstation Taxi,one_way_and_round_trip,Per actual route,Varies by traffic,"Rs. 2,500","Rs. 2,900","Rs. 4,200","Rs. 4,800",Hatchback: Rs. 9/km | Sedan: Rs. 10/km | SUV: Rs. 14/km | Innova: Rs. 16/km,"Hatchback: Rs. 5,000 | Sedan: Rs. 6,000 | SUV: Rs. 8,000 | Innova: Rs. 9,400",Included in fixed fare,Included in quoted fare,https://www.agrashivtourandtravels.com/karola-gurgaon-to-agra-taxi/
kasan-gurgaon-to-agra-taxi,Kasan Gurgaon,Agra,Delhi / Gurgaon (NCR) -> Agra,Outstation Taxi,one_way_and_round_trip,Per actual route,Varies by traffic,"Rs. 2,500","Rs. 2,900","Rs. 4,200","Rs. 4,800",Hatchback: Rs. 9/km | Sedan: Rs. 10/km | SUV: Rs. 14/km | Innova: Rs. 16/km,"Hatchback: Rs. 5,000 | Sedan: Rs. 6,000 | SUV: Rs. 8,000 | Innova: Rs. 9,400",Included in fixed fare,Included in quoted fare,https://www.agrashivtourandtravels.com/kasan-gurgaon-to-agra-taxi/
kathwari-to-haridwar-taxi-services,Kathwari,Haridwar,Agra (Localities) -> Haridwar,Outstation Taxi,day_package_120km,Per actual route,Varies by traffic,"Rs. 2,200 (120 KM)","Rs. 2,800 (120 KM)","Rs. 3,000 (120 KM)","Rs. 3,600 (120 KM)",Extra KM: Hatch/Sedan: Rs. 10/km | SUV: Rs. 14/km | Innova: Rs. 16/km,Standard Day Package (120 KM limit),Included for 1-day trip,Included in package,https://www.agrashivtourandtravels.com/kathwari-to-haridwar-taxi-services/
kaulara-kalan-to-haridwar-taxi-services,Kaulara Kalan,Haridwar,Agra (Localities) -> Haridwar,Outstation Taxi,day_package_120km,Per actual route,Varies by traffic,"Rs. 2,200 (120 KM)","Rs. 2,800 (120 KM)","Rs. 3,000 (120 KM)","Rs. 3,600 (120 KM)",Extra KM: Hatch/Sedan: Rs. 10/km | SUV: Rs. 14/km | Innova: Rs. 16/km,Standard Day Package (120 KM limit),Included for 1-day trip,Included in package,https://www.agrashivtourandtravels.com/kaulara-kalan-to-haridwar-taxi-services/
keetham-to-haridwar-taxi-services,Keetham,Haridwar,Agra (Localities) -> Haridwar,Outstation Taxi,day_package_120km,Per actual route,Varies by traffic,"Rs. 2,200 (120 KM)","Rs. 2,800 (120 KM)","Rs. 3,000 (120 KM)","Rs. 3,600 (120 KM)",Extra KM: Hatch/Sedan: Rs. 10/km | SUV: Rs. 14/km | Innova: Rs. 16/km,Standard Day Package (120 KM limit),Included for 1-day trip,Included in package,https://www.agrashivtourandtravels.com/keetham-to-haridwar-taxi-services/
khalilpur-gurgaon-to-agra-taxi,Khalilpur Gurgaon,Agra,Delhi / Gurgaon (NCR) -> Agra,Outstation Taxi,one_way_and_round_trip,Per actual route,Varies by traffic,"Rs. 2,500","Rs. 2,900","Rs. 4,200","Rs. 4,800",Hatchback: Rs. 9/km | Sedan: Rs. 10/km | SUV: Rs. 14/km | Innova: Rs. 16/km,"Hatchback: Rs. 5,000 | Sedan: Rs. 6,000 | SUV: Rs. 8,000 | Innova: Rs. 9,400",Included in fixed fare,Included in quoted fare,https://www.agrashivtourandtravels.com/khalilpur-gurgaon-to-agra-taxi/
khanda-to-haridwar-taxi-services,Khanda,Haridwar,Agra (Localities) -> Haridwar,Outstation Taxi,day_package_120km,Per actual route,Varies by traffic,"Rs. 2,200 (120 KM)","Rs. 2,800 (120 KM)","Rs. 3,000 (120 KM)","Rs. 3,600 (120 KM)",Extra KM: Hatch/Sedan: Rs. 10/km | SUV: Rs. 14/km | Innova: Rs. 16/km,Standard Day Package (120 KM limit),Included for 1-day trip,Included in package,https://www.agrashivtourandtravels.com/khanda-to-haridwar-taxi-services/
khandauli-to-haridwar-taxi-services,Khandauli,Haridwar,Agra (Localities) -> Haridwar,Outstation Taxi,day_package_120km,Per actual route,Varies by traffic,"Rs. 2,200 (120 KM)","Rs. 2,800 (120 KM)","Rs. 3,000 (120 KM)","Rs. 3,600 (120 KM)",Extra KM: Hatch/Sedan: Rs. 10/km | SUV: Rs. 14/km | Innova: Rs. 16/km,Standard Day Package (120 KM limit),Included for 1-day trip,Included in package,https://www.agrashivtourandtravels.com/khandauli-to-haridwar-taxi-services/
khander-to-haridwar-taxi-services,Khander,Haridwar,Agra (Localities) -> Haridwar,Outstation Taxi,day_package_120km,Per actual route,Varies by traffic,"Rs. 2,200 (120 KM)","Rs. 2,800 (120 KM)","Rs. 3,000 (120 KM)","Rs. 3,600 (120 KM)",Extra KM: Hatch/Sedan: Rs. 10/km | SUV: Rs. 14/km | Innova: Rs. 16/km,Standard Day Package (120 KM limit),Included for 1-day trip,Included in package,https://www.agrashivtourandtravels.com/khander-to-haridwar-taxi-services/
khandewia-gurgaon-to-agra-taxi,Khandewia Gurgaon,Agra,Delhi / Gurgaon (NCR) -> Agra,Outstation Taxi,one_way_and_round_trip,Per actual route,Varies by traffic,"Rs. 2,500","Rs. 2,900","Rs. 4,200","Rs. 4,800",Hatchback: Rs. 9/km | Sedan: Rs. 10/km | SUV: Rs. 14/km | Innova: Rs. 16/km,"Hatchback: Rs. 5,000 | Sedan: Rs. 6,000 | SUV: Rs. 8,000 | Innova: Rs. 9,400",Included in fixed fare,Included in quoted fare,https://www.agrashivtourandtravels.com/khandewia-gurgaon-to-agra-taxi/
khandri-to-haridwar-taxi-services,Khandri,Haridwar,Agra (Localities) -> Haridwar,Outstation Taxi,day_package_120km,Per actual route,Varies by traffic,"Rs. 2,200 (120 KM)","Rs. 2,800 (120 KM)","Rs. 3,000 (120 KM)","Rs. 3,600 (120 KM)",Extra KM: Hatch/Sedan: Rs. 10/km | SUV: Rs. 14/km | Innova: Rs. 16/km,Standard Day Package (120 KM limit),Included for 1-day trip,Included in package,https://www.agrashivtourandtravels.com/khandri-to-haridwar-taxi-services/
khandsa-gurgaon-to-agra-taxi,Khandsa Gurgaon,Agra,Delhi / Gurgaon (NCR) -> Agra,Outstation Taxi,one_way_and_round_trip,Per actual route,Varies by traffic,"Rs. 2,500","Rs. 2,900","Rs. 4,200","Rs. 4,800",Hatchback: Rs. 9/km | Sedan: Rs. 10/km | SUV: Rs. 14/km | Innova: Rs. 16/km,"Hatchback: Rs. 5,000 | Sedan: Rs. 6,000 | SUV: Rs. 8,000 | Innova: Rs. 9,400",Included in fixed fare,Included in quoted fare,https://www.agrashivtourandtravels.com/khandsa-gurgaon-to-agra-taxi/
khandsa-road-gurgaon-to-agra-taxi,Khandsa Road Gurgaon,Agra,Delhi / Gurgaon (NCR) -> Agra,Outstation Taxi,one_way_and_round_trip,Per actual route,Varies by traffic,"Rs. 2,500","Rs. 2,900","Rs. 4,200","Rs. 4,800",Hatchback: Rs. 9/km | Sedan: Rs. 10/km | SUV: Rs. 14/km | Innova: Rs. 16/km,"Hatchback: Rs. 5,000 | Sedan: Rs. 6,000 | SUV: Rs. 8,000 | Innova: Rs. 9,400",Included in fixed fare,Included in quoted fare,https://www.agrashivtourandtravels.com/khandsa-road-gurgaon-to-agra-taxi/
khatauli-gurgaon-to-agra-taxi,Khatauli Gurgaon,Agra,Delhi / Gurgaon (NCR) -> Agra,Outstation Taxi,one_way_and_round_trip,Per actual route,Varies by traffic,"Rs. 2,500","Rs. 2,900","Rs. 4,200","Rs. 4,800",Hatchback: Rs. 9/km | Sedan: Rs. 10/km | SUV: Rs. 14/km | Innova: Rs. 16/km,"Hatchback: Rs. 5,000 | Sedan: Rs. 6,000 | SUV: Rs. 8,000 | Innova: Rs. 9,400",Included in fixed fare,Included in quoted fare,https://www.agrashivtourandtravels.com/khatauli-gurgaon-to-agra-taxi/
khera-khurampur-gurgaon-to-agra-taxi,Khera Khurampur Gurgaon,Agra,Delhi / Gurgaon (NCR) -> Agra,Outstation Taxi,one_way_and_round_trip,Per actual route,Varies by traffic,"Rs. 2,500","Rs. 2,900","Rs. 4,200","Rs. 4,800",Hatchback: Rs. 9/km | Sedan: Rs. 10/km | SUV: Rs. 14/km | Innova: Rs. 16/km,"Hatchback: Rs. 5,000 | Sedan: Rs. 6,000 | SUV: Rs. 8,000 | Innova: Rs. 9,400",Included in fixed fare,Included in quoted fare,https://www.agrashivtourandtravels.com/khera-khurampur-gurgaon-to-agra-taxi/
kheragarh-to-haridwar-taxi-services,Kheragarh,Haridwar,Agra (Localities) -> Haridwar,Outstation Taxi,day_package_120km,Per actual route,Varies by traffic,"Rs. 2,200 (120 KM)","Rs. 2,800 (120 KM)","Rs. 3,000 (120 KM)","Rs. 3,600 (120 KM)",Extra KM: Hatch/Sedan: Rs. 10/km | SUV: Rs. 14/km | Innova: Rs. 16/km,Standard Day Package (120 KM limit),Included for 1-day trip,Included in package,https://www.agrashivtourandtravels.com/kheragarh-to-haridwar-taxi-services/
kheria-airport-to-haridwar-taxi-services,Kheria Airport,Haridwar,Agra (Localities) -> Haridwar,Outstation Taxi,day_package_120km,Per actual route,Varies by traffic,"Rs. 2,200 (120 KM)","Rs. 2,800 (120 KM)","Rs. 3,000 (120 KM)","Rs. 3,600 (120 KM)",Extra KM: Hatch/Sedan: Rs. 10/km | SUV: Rs. 14/km | Innova: Rs. 16/km,Standard Day Package (120 KM limit),Included for 1-day trip,Included in package,https://www.agrashivtourandtravels.com/kheria-airport-to-haridwar-taxi-services/
kheria-to-haridwar-taxi-services,Kheria,Haridwar,Agra (Localities) -> Haridwar,Outstation Taxi,day_package_120km,Per actual route,Varies by traffic,"Rs. 2,200 (120 KM)","Rs. 2,800 (120 KM)","Rs. 3,000 (120 KM)","Rs. 3,600 (120 KM)",Extra KM: Hatch/Sedan: Rs. 10/km | SUV: Rs. 14/km | Innova: Rs. 16/km,Standard Day Package (120 KM limit),Included for 1-day trip,Included in package,https://www.agrashivtourandtravels.com/kheria-to-haridwar-taxi-services/
kherki-daula-gurgaon-to-agra-taxi,Kherki Daula Gurgaon,Agra,Delhi / Gurgaon (NCR) -> Agra,Outstation Taxi,one_way_and_round_trip,Per actual route,Varies by traffic,"Rs. 2,500","Rs. 2,900","Rs. 4,200","Rs. 4,800",Hatchback: Rs. 9/km | Sedan: Rs. 10/km | SUV: Rs. 14/km | Innova: Rs. 16/km,"Hatchback: Rs. 5,000 | Sedan: Rs. 6,000 | SUV: Rs. 8,000 | Innova: Rs. 9,400",Included in fixed fare,Included in quoted fare,https://www.agrashivtourandtravels.com/kherki-daula-gurgaon-to-agra-taxi/
kherla-gurgaon-to-agra-taxi,Kherla Gurgaon,Agra,Delhi / Gurgaon (NCR) -> Agra,Outstation Taxi,one_way_and_round_trip,Per actual route,Varies by traffic,"Rs. 2,500","Rs. 2,900","Rs. 4,200","Rs. 4,800",Hatchback: Rs. 9/km | Sedan: Rs. 10/km | SUV: Rs. 14/km | Innova: Rs. 16/km,"Hatchback: Rs. 5,000 | Sedan: Rs. 6,000 | SUV: Rs. 8,000 | Innova: Rs. 9,400",Included in fixed fare,Included in quoted fare,https://www.agrashivtourandtravels.com/kherla-gurgaon-to-agra-taxi/
kherlilala-gurgaon-to-agra-taxi,Kherlilala Gurgaon,Agra,Delhi / Gurgaon (NCR) -> Agra,Outstation Taxi,one_way_and_round_trip,Per actual route,Varies by traffic,"Rs. 2,500","Rs. 2,900","Rs. 4,200","Rs. 4,800",Hatchback: Rs. 9/km | Sedan: Rs. 10/km | SUV: Rs. 14/km | Innova: Rs. 16/km,"Hatchback: Rs. 5,000 | Sedan: Rs. 6,000 | SUV: Rs. 8,000 | Innova: Rs. 9,400",Included in fixed fare,Included in quoted fare,https://www.agrashivtourandtravels.com/kherlilala-gurgaon-to-agra-taxi/
khilawali-to-haridwar-taxi-services,Khilawali,Haridwar,Agra (Localities) -> Haridwar,Outstation Taxi,day_package_120km,Per actual route,Varies by traffic,"Rs. 2,200 (120 KM)","Rs. 2,800 (120 KM)","Rs. 3,000 (120 KM)","Rs. 3,600 (120 KM)",Extra KM: Hatch/Sedan: Rs. 10/km | SUV: Rs. 14/km | Innova: Rs. 16/km,Standard Day Package (120 KM limit),Included for 1-day trip,Included in package,https://www.agrashivtourandtravels.com/khilawali-to-haridwar-taxi-services/
khor-gurgaon-to-agra-taxi,Khor Gurgaon,Agra,Delhi / Gurgaon (NCR) -> Agra,Outstation Taxi,one_way_and_round_trip,Per actual route,Varies by traffic,"Rs. 2,500","Rs. 2,900","Rs. 4,200","Rs. 4,800",Hatchback: Rs. 9/km | Sedan: Rs. 10/km | SUV: Rs. 14/km | Innova: Rs. 16/km,"Hatchback: Rs. 5,000 | Sedan: Rs. 6,000 | SUV: Rs. 8,000 | Innova: Rs. 9,400",Included in fixed fare,Included in quoted fare,https://www.agrashivtourandtravels.com/khor-gurgaon-to-agra-taxi/
khsansthan-to-haridwar-taxi-services,Khsansthan,Haridwar,Agra (Localities) -> Haridwar,Outstation Taxi,day_package_120km,Per actual route,Varies by traffic,"Rs. 2,200 (120 KM)","Rs. 2,800 (120 KM)","Rs. 3,000 (120 KM)","Rs. 3,600 (120 KM)",Extra KM: Hatch/Sedan: Rs. 10/km | SUV: Rs. 14/km | Innova: Rs. 16/km,Standard Day Package (120 KM limit),Included for 1-day trip,Included in package,https://www.agrashivtourandtravels.com/khsansthan-to-haridwar-taxi-services/
kiranj-gurgaon-to-agra-taxi,Kiranj Gurgaon,Agra,Delhi / Gurgaon (NCR) -> Agra,Outstation Taxi,one_way_and_round_trip,Per actual route,Varies by traffic,"Rs. 2,500","Rs. 2,900","Rs. 4,200","Rs. 4,800",Hatchback: Rs. 9/km | Sedan: Rs. 10/km | SUV: Rs. 14/km | Innova: Rs. 16/km,"Hatchback: Rs. 5,000 | Sedan: Rs. 6,000 | SUV: Rs. 8,000 | Innova: Rs. 9,400",Included in fixed fare,Included in quoted fare,https://www.agrashivtourandtravels.com/kiranj-gurgaon-to-agra-taxi/
kiraoli-to-haridwar-taxi-services,Kiraoli,Haridwar,Agra (Localities) -> Haridwar,Outstation Taxi,day_package_120km,Per actual route,Varies by traffic,"Rs. 2,200 (120 KM)","Rs. 2,800 (120 KM)","Rs. 3,000 (120 KM)","Rs. 3,600 (120 KM)",Extra KM: Hatch/Sedan: Rs. 10/km | SUV: Rs. 14/km | Innova: Rs. 16/km,Standard Day Package (120 KM limit),Included for 1-day trip,Included in package,https://www.agrashivtourandtravels.com/kiraoli-to-haridwar-taxi-services/
know-everything-about-tomb-of-itimad-ud-daulah-book-outstation-taxi-in-agra,General,General,Other Regional Routes & Informational Hubs,Special Service / Information Page,custom_or_hourly,Per actual route,Varies by traffic,N/A,N/A,N/A,N/A,N/A,N/A,N/A,N/A,https://www.agrashivtourandtravels.com/know-everything-about-tomb-of-itimad-ud-daulah-book-outstation-taxi-in-agra/
korai-to-haridwar-taxi-services,Korai,Haridwar,Agra (Localities) -> Haridwar,Outstation Taxi,day_package_120km,Per actual route,Varies by traffic,"Rs. 2,200 (120 KM)","Rs. 2,800 (120 KM)","Rs. 3,000 (120 KM)","Rs. 3,600 (120 KM)",Extra KM: Hatch/Sedan: Rs. 10/km | SUV: Rs. 14/km | Innova: Rs. 16/km,Standard Day Package (120 KM limit),Included for 1-day trip,Included in package,https://www.agrashivtourandtravels.com/korai-to-haridwar-taxi-services/
kty-gurgaon-to-agra-taxi,Kty Gurgaon,Agra,Delhi / Gurgaon (NCR) -> Agra,Outstation Taxi,one_way_and_round_trip,Per actual route,Varies by traffic,"Rs. 2,500","Rs. 2,900","Rs. 4,200","Rs. 4,800",Hatchback: Rs. 9/km | Sedan: Rs. 10/km | SUV: Rs. 14/km | Innova: Rs. 16/km,"Hatchback: Rs. 5,000 | Sedan: Rs. 6,000 | SUV: Rs. 8,000 | Innova: Rs. 9,400",Included in fixed fare,Included in quoted fare,https://www.agrashivtourandtravels.com/kty-gurgaon-to-agra-taxi/
kukapur-to-haridwar-taxi-services,Kukapur,Haridwar,Agra (Localities) -> Haridwar,Outstation Taxi,day_package_120km,Per actual route,Varies by traffic,"Rs. 2,200 (120 KM)","Rs. 2,800 (120 KM)","Rs. 3,000 (120 KM)","Rs. 3,600 (120 KM)",Extra KM: Hatch/Sedan: Rs. 10/km | SUV: Rs. 14/km | Innova: Rs. 16/km,Standard Day Package (120 KM limit),Included for 1-day trip,Included in package,https://www.agrashivtourandtravels.com/kukapur-to-haridwar-taxi-services/
kukthala-to-haridwar-taxi-services,Kukthala,Haridwar,Agra (Localities) -> Haridwar,Outstation Taxi,day_package_120km,Per actual route,Varies by traffic,"Rs. 2,200 (120 KM)","Rs. 2,800 (120 KM)","Rs. 3,000 (120 KM)","Rs. 3,600 (120 KM)",Extra KM: Hatch/Sedan: Rs. 10/km | SUV: Rs. 14/km | Innova: Rs. 16/km,Standard Day Package (120 KM limit),Included for 1-day trip,Included in package,https://www.agrashivtourandtravels.com/kukthala-to-haridwar-taxi-services/
kukthari-to-haridwar-taxi-services,Kukthari,Haridwar,Agra (Localities) -> Haridwar,Outstation Taxi,day_package_120km,Per actual route,Varies by traffic,"Rs. 2,200 (120 KM)","Rs. 2,800 (120 KM)","Rs. 3,000 (120 KM)","Rs. 3,600 (120 KM)",Extra KM: Hatch/Sedan: Rs. 10/km | SUV: Rs. 14/km | Innova: Rs. 16/km,Standard Day Package (120 KM limit),Included for 1-day trip,Included in package,https://www.agrashivtourandtravels.com/kukthari-to-haridwar-taxi-services/
kundaul-to-haridwar-taxi-services,Kundaul,Haridwar,Agra (Localities) -> Haridwar,Outstation Taxi,day_package_120km,Per actual route,Varies by traffic,"Rs. 2,200 (120 KM)","Rs. 2,800 (120 KM)","Rs. 3,000 (120 KM)","Rs. 3,600 (120 KM)",Extra KM: Hatch/Sedan: Rs. 10/km | SUV: Rs. 14/km | Innova: Rs. 16/km,Standard Day Package (120 KM limit),Included for 1-day trip,Included in package,https://www.agrashivtourandtravels.com/kundaul-to-haridwar-taxi-services/
kurthala-gurgaon-to-agra-taxi,Kurthala Gurgaon,Agra,Delhi / Gurgaon (NCR) -> Agra,Outstation Taxi,one_way_and_round_trip,Per actual route,Varies by traffic,"Rs. 2,500","Rs. 2,900","Rs. 4,200","Rs. 4,800",Hatchback: Rs. 9/km | Sedan: Rs. 10/km | SUV: Rs. 14/km | Innova: Rs. 16/km,"Hatchback: Rs. 5,000 | Sedan: Rs. 6,000 | SUV: Rs. 8,000 | Innova: Rs. 9,400",Included in fixed fare,Included in quoted fare,https://www.agrashivtourandtravels.com/kurthala-gurgaon-to-agra-taxi/
lakhnaula-gurgaon-to-agra-taxi,Lakhnaula Gurgaon,Agra,Delhi / Gurgaon (NCR) -> Agra,Outstation Taxi,one_way_and_round_trip,Per actual route,Varies by traffic,"Rs. 2,500","Rs. 2,900","Rs. 4,200","Rs. 4,800",Hatchback: Rs. 9/km | Sedan: Rs. 10/km | SUV: Rs. 14/km | Innova: Rs. 16/km,"Hatchback: Rs. 5,000 | Sedan: Rs. 6,000 | SUV: Rs. 8,000 | Innova: Rs. 9,400",Included in fixed fare,Included in quoted fare,https://www.agrashivtourandtravels.com/lakhnaula-gurgaon-to-agra-taxi/
lohinga-kalan-gurgaon-to-agra-taxi,Lohinga Kalan Gurgaon,Agra,Delhi / Gurgaon (NCR) -> Agra,Outstation Taxi,one_way_and_round_trip,Per actual route,Varies by traffic,"Rs. 2,500","Rs. 2,900","Rs. 4,200","Rs. 4,800",Hatchback: Rs. 9/km | Sedan: Rs. 10/km | SUV: Rs. 14/km | Innova: Rs. 16/km,"Hatchback: Rs. 5,000 | Sedan: Rs. 6,000 | SUV: Rs. 8,000 | Innova: Rs. 9,400",Included in fixed fare,Included in quoted fare,https://www.agrashivtourandtravels.com/lohinga-kalan-gurgaon-to-agra-taxi/
lokra-gurgaon-to-agra-taxi,Lokra Gurgaon,Agra,Delhi / Gurgaon (NCR) -> Agra,Outstation Taxi,one_way_and_round_trip,Per actual route,Varies by traffic,"Rs. 2,500","Rs. 2,900","Rs. 4,200","Rs. 4,800",Hatchback: Rs. 9/km | Sedan: Rs. 10/km | SUV: Rs. 14/km | Innova: Rs. 16/km,"Hatchback: Rs. 5,000 | Sedan: Rs. 6,000 | SUV: Rs. 8,000 | Innova: Rs. 9,400",Included in fixed fare,Included in quoted fare,https://www.agrashivtourandtravels.com/lokra-gurgaon-to-agra-taxi/
malab-gurgaon-to-agra-taxi,Malab Gurgaon,Agra,Delhi / Gurgaon (NCR) -> Agra,Outstation Taxi,one_way_and_round_trip,Per actual route,Varies by traffic,"Rs. 2,500","Rs. 2,900","Rs. 4,200","Rs. 4,800",Hatchback: Rs. 9/km | Sedan: Rs. 10/km | SUV: Rs. 14/km | Innova: Rs. 16/km,"Hatchback: Rs. 5,000 | Sedan: Rs. 6,000 | SUV: Rs. 8,000 | Innova: Rs. 9,400",Included in fixed fare,Included in quoted fare,https://www.agrashivtourandtravels.com/malab-gurgaon-to-agra-taxi/
mandikhera-gurgaon-to-agra-taxi,Mandikhera Gurgaon,Agra,Delhi / Gurgaon (NCR) -> Agra,Outstation Taxi,one_way_and_round_trip,Per actual route,Varies by traffic,"Rs. 2,500","Rs. 2,900","Rs. 4,200","Rs. 4,800",Hatchback: Rs. 9/km | Sedan: Rs. 10/km | SUV: Rs. 14/km | Innova: Rs. 16/km,"Hatchback: Rs. 5,000 | Sedan: Rs. 6,000 | SUV: Rs. 8,000 | Innova: Rs. 9,400",Included in fixed fare,Included in quoted fare,https://www.agrashivtourandtravels.com/mandikhera-gurgaon-to-agra-taxi/
manesar-gurgaon-to-agra-taxi,Manesar Gurgaon,Agra,Delhi / Gurgaon (NCR) -> Agra,Outstation Taxi,one_way_and_round_trip,Per actual route,Varies by traffic,"Rs. 2,500","Rs. 2,900","Rs. 4,200","Rs. 4,800",Hatchback: Rs. 9/km | Sedan: Rs. 10/km | SUV: Rs. 14/km | Innova: Rs. 16/km,"Hatchback: Rs. 5,000 | Sedan: Rs. 6,000 | SUV: Rs. 8,000 | Innova: Rs. 9,400",Included in fixed fare,Included in quoted fare,https://www.agrashivtourandtravels.com/manesar-gurgaon-to-agra-taxi/
mankdola-gurgaon-to-agra-taxi,Mankdola Gurgaon,Agra,Delhi / Gurgaon (NCR) -> Agra,Outstation Taxi,one_way_and_round_trip,Per actual route,Varies by traffic,"Rs. 2,500","Rs. 2,900","Rs. 4,200","Rs. 4,800",Hatchback: Rs. 9/km | Sedan: Rs. 10/km | SUV: Rs. 14/km | Innova: Rs. 16/km,"Hatchback: Rs. 5,000 | Sedan: Rs. 6,000 | SUV: Rs. 8,000 | Innova: Rs. 9,400",Included in fixed fare,Included in quoted fare,https://www.agrashivtourandtravels.com/mankdola-gurgaon-to-agra-taxi/
maruthi-kunj-gurgaon-to-agra-taxi,Maruthi Kunj Gurgaon,Agra,Delhi / Gurgaon (NCR) -> Agra,Outstation Taxi,one_way_and_round_trip,Per actual route,Varies by traffic,"Rs. 2,500","Rs. 2,900","Rs. 4,200","Rs. 4,800",Hatchback: Rs. 9/km | Sedan: Rs. 10/km | SUV: Rs. 14/km | Innova: Rs. 16/km,"Hatchback: Rs. 5,000 | Sedan: Rs. 6,000 | SUV: Rs. 8,000 | Innova: Rs. 9,400",Included in fixed fare,Included in quoted fare,https://www.agrashivtourandtravels.com/maruthi-kunj-gurgaon-to-agra-taxi/
mehchana-gurgaon-to-agra-taxi,Mehchana Gurgaon,Agra,Delhi / Gurgaon (NCR) -> Agra,Outstation Taxi,one_way_and_round_trip,Per actual route,Varies by traffic,"Rs. 2,500","Rs. 2,900","Rs. 4,200","Rs. 4,800",Hatchback: Rs. 9/km | Sedan: Rs. 10/km | SUV: Rs. 14/km | Innova: Rs. 16/km,"Hatchback: Rs. 5,000 | Sedan: Rs. 6,000 | SUV: Rs. 8,000 | Innova: Rs. 9,400",Included in fixed fare,Included in quoted fare,https://www.agrashivtourandtravels.com/mehchana-gurgaon-to-agra-taxi/
mini-sectt-gurgaon-to-agra-taxi,Mini Sectt Gurgaon,Agra,Delhi / Gurgaon (NCR) -> Agra,Outstation Taxi,one_way_and_round_trip,Per actual route,Varies by traffic,"Rs. 2,500","Rs. 2,900","Rs. 4,200","Rs. 4,800",Hatchback: Rs. 9/km | Sedan: Rs. 10/km | SUV: Rs. 14/km | Innova: Rs. 16/km,"Hatchback: Rs. 5,000 | Sedan: Rs. 6,000 | SUV: Rs. 8,000 | Innova: Rs. 9,400",Included in fixed fare,Included in quoted fare,https://www.agrashivtourandtravels.com/mini-sectt-gurgaon-to-agra-taxi/
mirpur-gurgaon-to-agra-taxi,Mirpur Gurgaon,Agra,Delhi / Gurgaon (NCR) -> Agra,Outstation Taxi,one_way_and_round_trip,Per actual route,Varies by traffic,"Rs. 2,500","Rs. 2,900","Rs. 4,200","Rs. 4,800",Hatchback: Rs. 9/km | Sedan: Rs. 10/km | SUV: Rs. 14/km | Innova: Rs. 16/km,"Hatchback: Rs. 5,000 | Sedan: Rs. 6,000 | SUV: Rs. 8,000 | Innova: Rs. 9,400",Included in fixed fare,Included in quoted fare,https://www.agrashivtourandtravels.com/mirpur-gurgaon-to-agra-taxi/
mohamadpur-ahir-gurgaon-to-agra-taxi,Mohamadpur Ahir Gurgaon,Agra,Delhi / Gurgaon (NCR) -> Agra,Outstation Taxi,one_way_and_round_trip,Per actual route,Varies by traffic,"Rs. 2,500","Rs. 2,900","Rs. 4,200","Rs. 4,800",Hatchback: Rs. 9/km | Sedan: Rs. 10/km | SUV: Rs. 14/km | Innova: Rs. 16/km,"Hatchback: Rs. 5,000 | Sedan: Rs. 6,000 | SUV: Rs. 8,000 | Innova: Rs. 9,400",Included in fixed fare,Included in quoted fare,https://www.agrashivtourandtravels.com/mohamadpur-ahir-gurgaon-to-agra-taxi/
moklawas-gurgaon-to-agra-taxi,Moklawas Gurgaon,Agra,Delhi / Gurgaon (NCR) -> Agra,Outstation Taxi,one_way_and_round_trip,Per actual route,Varies by traffic,"Rs. 2,500","Rs. 2,900","Rs. 4,200","Rs. 4,800",Hatchback: Rs. 9/km | Sedan: Rs. 10/km | SUV: Rs. 14/km | Innova: Rs. 16/km,"Hatchback: Rs. 5,000 | Sedan: Rs. 6,000 | SUV: Rs. 8,000 | Innova: Rs. 9,400",Included in fixed fare,Included in quoted fare,https://www.agrashivtourandtravels.com/moklawas-gurgaon-to-agra-taxi/
moolthan-gurgaon-to-agra-taxi,Moolthan Gurgaon,Agra,Delhi / Gurgaon (NCR) -> Agra,Outstation Taxi,one_way_and_round_trip,Per actual route,Varies by traffic,"Rs. 2,500","Rs. 2,900","Rs. 4,200","Rs. 4,800",Hatchback: Rs. 9/km | Sedan: Rs. 10/km | SUV: Rs. 14/km | Innova: Rs. 16/km,"Hatchback: Rs. 5,000 | Sedan: Rs. 6,000 | SUV: Rs. 8,000 | Innova: Rs. 9,400",Included in fixed fare,Included in quoted fare,https://www.agrashivtourandtravels.com/moolthan-gurgaon-to-agra-taxi/
nagina-gurgaon-to-agra-taxi,Nagina Gurgaon,Agra,Delhi / Gurgaon (NCR) -> Agra,Outstation Taxi,one_way_and_round_trip,Per actual route,Varies by traffic,"Rs. 2,500","Rs. 2,900","Rs. 4,200","Rs. 4,800",Hatchback: Rs. 9/km | Sedan: Rs. 10/km | SUV: Rs. 14/km | Innova: Rs. 16/km,"Hatchback: Rs. 5,000 | Sedan: Rs. 6,000 | SUV: Rs. 8,000 | Innova: Rs. 9,400",Included in fixed fare,Included in quoted fare,https://www.agrashivtourandtravels.com/nagina-gurgaon-to-agra-taxi/
naheda-gurgaon-to-agra-taxi,Naheda Gurgaon,Agra,Delhi / Gurgaon (NCR) -> Agra,Outstation Taxi,one_way_and_round_trip,Per actual route,Varies by traffic,"Rs. 2,500","Rs. 2,900","Rs. 4,200","Rs. 4,800",Hatchback: Rs. 9/km | Sedan: Rs. 10/km | SUV: Rs. 14/km | Innova: Rs. 16/km,"Hatchback: Rs. 5,000 | Sedan: Rs. 6,000 | SUV: Rs. 8,000 | Innova: Rs. 9,400",Included in fixed fare,Included in quoted fare,https://www.agrashivtourandtravels.com/naheda-gurgaon-to-agra-taxi/
nai-gurgaon-to-agra-taxi,Nai Gurgaon,Agra,Delhi / Gurgaon (NCR) -> Agra,Outstation Taxi,one_way_and_round_trip,Per actual route,Varies by traffic,"Rs. 2,500","Rs. 2,900","Rs. 4,200","Rs. 4,800",Hatchback: Rs. 9/km | Sedan: Rs. 10/km | SUV: Rs. 14/km | Innova: Rs. 16/km,"Hatchback: Rs. 5,000 | Sedan: Rs. 6,000 | SUV: Rs. 8,000 | Innova: Rs. 9,400",Included in fixed fare,Included in quoted fare,https://www.agrashivtourandtravels.com/nai-gurgaon-to-agra-taxi/
nanukalan-gurgaon-to-agra-taxi,Nanukalan Gurgaon,Agra,Delhi / Gurgaon (NCR) -> Agra,Outstation Taxi,one_way_and_round_trip,Per actual route,Varies by traffic,"Rs. 2,500","Rs. 2,900","Rs. 4,200","Rs. 4,800",Hatchback: Rs. 9/km | Sedan: Rs. 10/km | SUV: Rs. 14/km | Innova: Rs. 16/km,"Hatchback: Rs. 5,000 | Sedan: Rs. 6,000 | SUV: Rs. 8,000 | Innova: Rs. 9,400",Included in fixed fare,Included in quoted fare,https://www.agrashivtourandtravels.com/nanukalan-gurgaon-to-agra-taxi/
narhera-gurgaon-to-agra-taxi,Narhera Gurgaon,Agra,Delhi / Gurgaon (NCR) -> Agra,Outstation Taxi,one_way_and_round_trip,Per actual route,Varies by traffic,"Rs. 2,500","Rs. 2,900","Rs. 4,200","Rs. 4,800",Hatchback: Rs. 9/km | Sedan: Rs. 10/km | SUV: Rs. 14/km | Innova: Rs. 16/km,"Hatchback: Rs. 5,000 | Sedan: Rs. 6,000 | SUV: Rs. 8,000 | Innova: Rs. 9,400",Included in fixed fare,Included in quoted fare,https://www.agrashivtourandtravels.com/narhera-gurgaon-to-agra-taxi/
narsinghpur-gurgaon-to-agra-taxi,Narsinghpur Gurgaon,Agra,Delhi / Gurgaon (NCR) -> Agra,Outstation Taxi,one_way_and_round_trip,Per actual route,Varies by traffic,"Rs. 2,500","Rs. 2,900","Rs. 4,200","Rs. 4,800",Hatchback: Rs. 9/km | Sedan: Rs. 10/km | SUV: Rs. 14/km | Innova: Rs. 16/km,"Hatchback: Rs. 5,000 | Sedan: Rs. 6,000 | SUV: Rs. 8,000 | Innova: Rs. 9,400",Included in fixed fare,Included in quoted fare,https://www.agrashivtourandtravels.com/narsinghpur-gurgaon-to-agra-taxi/
nathupur-gurgaon-to-agra-taxi,Nathupur Gurgaon,Agra,Delhi / Gurgaon (NCR) -> Agra,Outstation Taxi,one_way_and_round_trip,Per actual route,Varies by traffic,"Rs. 2,500","Rs. 2,900","Rs. 4,200","Rs. 4,800",Hatchback: Rs. 9/km | Sedan: Rs. 10/km | SUV: Rs. 14/km | Innova: Rs. 16/km,"Hatchback: Rs. 5,000 | Sedan: Rs. 6,000 | SUV: Rs. 8,000 | Innova: Rs. 9,400",Included in fixed fare,Included in quoted fare,https://www.agrashivtourandtravels.com/nathupur-gurgaon-to-agra-taxi/
new-colony-gurgaon-to-agra-taxi,New Colony Gurgaon,Agra,Delhi / Gurgaon (NCR) -> Agra,Outstation Taxi,one_way_and_round_trip,Per actual route,Varies by traffic,"Rs. 2,500","Rs. 2,900","Rs. 4,200","Rs. 4,800",Hatchback: Rs. 9/km | Sedan: Rs. 10/km | SUV: Rs. 14/km | Innova: Rs. 16/km,"Hatchback: Rs. 5,000 | Sedan: Rs. 6,000 | SUV: Rs. 8,000 | Innova: Rs. 9,400",Included in fixed fare,Included in quoted fare,https://www.agrashivtourandtravels.com/new-colony-gurgaon-to-agra-taxi/
news-1-column,General,General,Other Regional Routes & Informational Hubs,Special Service / Information Page,custom_or_hourly,Per actual route,Varies by traffic,N/A,N/A,N/A,N/A,N/A,N/A,N/A,N/A,https://www.agrashivtourandtravels.com/news-1-column/
news-2-columns,General,General,Other Regional Routes & Informational Hubs,Special Service / Information Page,custom_or_hourly,Per actual route,Varies by traffic,N/A,N/A,N/A,N/A,N/A,N/A,N/A,N/A,https://www.agrashivtourandtravels.com/news-2-columns/
news-3-columns,General,General,Other Regional Routes & Informational Hubs,Special Service / Information Page,custom_or_hourly,Per actual route,Varies by traffic,N/A,N/A,N/A,N/A,N/A,N/A,N/A,N/A,https://www.agrashivtourandtravels.com/news-3-columns/
noorgarh-gurgaon-to-agra-taxi,Noorgarh Gurgaon,Agra,Delhi / Gurgaon (NCR) -> Agra,Outstation Taxi,one_way_and_round_trip,Per actual route,Varies by traffic,"Rs. 2,500","Rs. 2,900","Rs. 4,200","Rs. 4,800",Hatchback: Rs. 9/km | Sedan: Rs. 10/km | SUV: Rs. 14/km | Innova: Rs. 16/km,"Hatchback: Rs. 5,000 | Sedan: Rs. 6,000 | SUV: Rs. 8,000 | Innova: Rs. 9,400",Included in fixed fare,Included in quoted fare,https://www.agrashivtourandtravels.com/noorgarh-gurgaon-to-agra-taxi/
nsg-camp-manesar-gurgaon-to-agra-taxi,Nsg Camp Manesar Gurgaon,Agra,Delhi / Gurgaon (NCR) -> Agra,Outstation Taxi,one_way_and_round_trip,Per actual route,Varies by traffic,"Rs. 2,500","Rs. 2,900","Rs. 4,200","Rs. 4,800",Hatchback: Rs. 9/km | Sedan: Rs. 10/km | SUV: Rs. 14/km | Innova: Rs. 16/km,"Hatchback: Rs. 5,000 | Sedan: Rs. 6,000 | SUV: Rs. 8,000 | Innova: Rs. 9,400",Included in fixed fare,Included in quoted fare,https://www.agrashivtourandtravels.com/nsg-camp-manesar-gurgaon-to-agra-taxi/
nuh-gurgaon-to-agra-taxi,Nuh Gurgaon,Agra,Delhi / Gurgaon (NCR) -> Agra,Outstation Taxi,one_way_and_round_trip,Per actual route,Varies by traffic,"Rs. 2,500","Rs. 2,900","Rs. 4,200","Rs. 4,800",Hatchback: Rs. 9/km | Sedan: Rs. 10/km | SUV: Rs. 14/km | Innova: Rs. 16/km,"Hatchback: Rs. 5,000 | Sedan: Rs. 6,000 | SUV: Rs. 8,000 | Innova: Rs. 9,400",Included in fixed fare,Included in quoted fare,https://www.agrashivtourandtravels.com/nuh-gurgaon-to-agra-taxi/
our-fleet-2-cols-full,General,General,Other Regional Routes & Informational Hubs,Special Service / Information Page,custom_or_hourly,Per actual route,Varies by traffic,N/A,N/A,N/A,N/A,N/A,N/A,N/A,N/A,https://www.agrashivtourandtravels.com/our-fleet-2-cols-full/
our-fleet-2-cols,General,General,Other Regional Routes & Informational Hubs,Special Service / Information Page,custom_or_hourly,Per actual route,Varies by traffic,N/A,N/A,N/A,N/A,N/A,N/A,N/A,N/A,https://www.agrashivtourandtravels.com/our-fleet-2-cols/
our-fleet-3-cols-full,General,General,Other Regional Routes & Informational Hubs,Special Service / Information Page,custom_or_hourly,Per actual route,Varies by traffic,N/A,N/A,N/A,N/A,N/A,N/A,N/A,N/A,https://www.agrashivtourandtravels.com/our-fleet-3-cols-full/
our-fleet-3-cols,General,General,Other Regional Routes & Informational Hubs,Special Service / Information Page,custom_or_hourly,Per actual route,Varies by traffic,N/A,N/A,N/A,N/A,N/A,N/A,N/A,N/A,https://www.agrashivtourandtravels.com/our-fleet-3-cols/
our-fleet-4-cols-full,General,General,Other Regional Routes & Informational Hubs,Special Service / Information Page,custom_or_hourly,Per actual route,Varies by traffic,N/A,N/A,N/A,N/A,N/A,N/A,N/A,N/A,https://www.agrashivtourandtravels.com/our-fleet-4-cols-full/
our-fleet-4-cols,General,General,Other Regional Routes & Informational Hubs,Special Service / Information Page,custom_or_hourly,Per actual route,Varies by traffic,N/A,N/A,N/A,N/A,N/A,N/A,N/A,N/A,https://www.agrashivtourandtravels.com/our-fleet-4-cols/
our-fleet-5-cols-full,General,General,Other Regional Routes & Informational Hubs,Special Service / Information Page,custom_or_hourly,Per actual route,Varies by traffic,N/A,N/A,N/A,N/A,N/A,N/A,N/A,N/A,https://www.agrashivtourandtravels.com/our-fleet-5-cols-full/
our-fleet-5-cols,General,General,Other Regional Routes & Informational Hubs,Special Service / Information Page,custom_or_hourly,Per actual route,Varies by traffic,N/A,N/A,N/A,N/A,N/A,N/A,N/A,N/A,https://www.agrashivtourandtravels.com/our-fleet-5-cols/
our-fleet-carousel,General,General,Other Regional Routes & Informational Hubs,Special Service / Information Page,custom_or_hourly,Per actual route,Varies by traffic,N/A,N/A,N/A,N/A,N/A,N/A,N/A,N/A,https://www.agrashivtourandtravels.com/our-fleet-carousel/
pachgaon-gurgaon-to-agra-taxi,Pachgaon Gurgaon,Agra,Delhi / Gurgaon (NCR) -> Agra,Outstation Taxi,one_way_and_round_trip,Per actual route,Varies by traffic,"Rs. 2,500","Rs. 2,900","Rs. 4,200","Rs. 4,800",Hatchback: Rs. 9/km | Sedan: Rs. 10/km | SUV: Rs. 14/km | Innova: Rs. 16/km,"Hatchback: Rs. 5,000 | Sedan: Rs. 6,000 | SUV: Rs. 8,000 | Innova: Rs. 9,400",Included in fixed fare,Included in quoted fare,https://www.agrashivtourandtravels.com/pachgaon-gurgaon-to-agra-taxi/
pages,General,General,Other Regional Routes & Informational Hubs,Special Service / Information Page,custom_or_hourly,Per actual route,Varies by traffic,N/A,N/A,N/A,N/A,N/A,N/A,N/A,N/A,https://www.agrashivtourandtravels.com/pages/
pahari-gurgaon-to-agra-taxi,Pahari Gurgaon,Agra,Delhi / Gurgaon (NCR) -> Agra,Outstation Taxi,one_way_and_round_trip,Per actual route,Varies by traffic,"Rs. 2,500","Rs. 2,900","Rs. 4,200","Rs. 4,800",Hatchback: Rs. 9/km | Sedan: Rs. 10/km | SUV: Rs. 14/km | Innova: Rs. 16/km,"Hatchback: Rs. 5,000 | Sedan: Rs. 6,000 | SUV: Rs. 8,000 | Innova: Rs. 9,400",Included in fixed fare,Included in quoted fare,https://www.agrashivtourandtravels.com/pahari-gurgaon-to-agra-taxi/
palam-road-gurgaon-to-agra-taxi,Palam Road Gurgaon,Agra,Delhi / Gurgaon (NCR) -> Agra,Outstation Taxi,one_way_and_round_trip,Per actual route,Varies by traffic,"Rs. 2,500","Rs. 2,900","Rs. 4,200","Rs. 4,800",Hatchback: Rs. 9/km | Sedan: Rs. 10/km | SUV: Rs. 14/km | Innova: Rs. 16/km,"Hatchback: Rs. 5,000 | Sedan: Rs. 6,000 | SUV: Rs. 8,000 | Innova: Rs. 9,400",Included in fixed fare,Included in quoted fare,https://www.agrashivtourandtravels.com/palam-road-gurgaon-to-agra-taxi/
palam-vihar-gurgaon-to-agra-taxi,Palam Vihar Gurgaon,Agra,Delhi / Gurgaon (NCR) -> Agra,Outstation Taxi,one_way_and_round_trip,Per actual route,Varies by traffic,"Rs. 2,500","Rs. 2,900","Rs. 4,200","Rs. 4,800",Hatchback: Rs. 9/km | Sedan: Rs. 10/km | SUV: Rs. 14/km | Innova: Rs. 16/km,"Hatchback: Rs. 5,000 | Sedan: Rs. 6,000 | SUV: Rs. 8,000 | Innova: Rs. 9,400",Included in fixed fare,Included in quoted fare,https://www.agrashivtourandtravels.com/palam-vihar-gurgaon-to-agra-taxi/
paltra-gurgaon-to-agra-taxi,Paltra Gurgaon,Agra,Delhi / Gurgaon (NCR) -> Agra,Outstation Taxi,one_way_and_round_trip,Per actual route,Varies by traffic,"Rs. 2,500","Rs. 2,900","Rs. 4,200","Rs. 4,800",Hatchback: Rs. 9/km | Sedan: Rs. 10/km | SUV: Rs. 14/km | Innova: Rs. 16/km,"Hatchback: Rs. 5,000 | Sedan: Rs. 6,000 | SUV: Rs. 8,000 | Innova: Rs. 9,400",Included in fixed fare,Included in quoted fare,https://www.agrashivtourandtravels.com/paltra-gurgaon-to-agra-taxi/
pataudi-gurgaon-to-agra-taxi,Pataudi Gurgaon,Agra,Delhi / Gurgaon (NCR) -> Agra,Outstation Taxi,one_way_and_round_trip,Per actual route,Varies by traffic,"Rs. 2,500","Rs. 2,900","Rs. 4,200","Rs. 4,800",Hatchback: Rs. 9/km | Sedan: Rs. 10/km | SUV: Rs. 14/km | Innova: Rs. 16/km,"Hatchback: Rs. 5,000 | Sedan: Rs. 6,000 | SUV: Rs. 8,000 | Innova: Rs. 9,400",Included in fixed fare,Included in quoted fare,https://www.agrashivtourandtravels.com/pataudi-gurgaon-to-agra-taxi/
pathreri-gurgaon-to-agra-taxi,Pathreri Gurgaon,Agra,Delhi / Gurgaon (NCR) -> Agra,Outstation Taxi,one_way_and_round_trip,Per actual route,Varies by traffic,"Rs. 2,500","Rs. 2,900","Rs. 4,200","Rs. 4,800",Hatchback: Rs. 9/km | Sedan: Rs. 10/km | SUV: Rs. 14/km | Innova: Rs. 16/km,"Hatchback: Rs. 5,000 | Sedan: Rs. 6,000 | SUV: Rs. 8,000 | Innova: Rs. 9,400",Included in fixed fare,Included in quoted fare,https://www.agrashivtourandtravels.com/pathreri-gurgaon-to-agra-taxi/
patil-r-s-gurgaon-to-agra-taxi,Patil R S Gurgaon,Agra,Delhi / Gurgaon (NCR) -> Agra,Outstation Taxi,one_way_and_round_trip,Per actual route,Varies by traffic,"Rs. 2,500","Rs. 2,900","Rs. 4,200","Rs. 4,800",Hatchback: Rs. 9/km | Sedan: Rs. 10/km | SUV: Rs. 14/km | Innova: Rs. 16/km,"Hatchback: Rs. 5,000 | Sedan: Rs. 6,000 | SUV: Rs. 8,000 | Innova: Rs. 9,400",Included in fixed fare,Included in quoted fare,https://www.agrashivtourandtravels.com/patil-r-s-gurgaon-to-agra-taxi/
photo-gallery-2-cols-full,General,General,Other Regional Routes & Informational Hubs,Special Service / Information Page,custom_or_hourly,Per actual route,Varies by traffic,N/A,N/A,N/A,N/A,N/A,N/A,N/A,N/A,https://www.agrashivtourandtravels.com/photo-gallery-2-cols-full/
photo-gallery-2-cols,General,General,Other Regional Routes & Informational Hubs,Special Service / Information Page,custom_or_hourly,Per actual route,Varies by traffic,N/A,N/A,N/A,N/A,N/A,N/A,N/A,N/A,https://www.agrashivtourandtravels.com/photo-gallery-2-cols/
photo-gallery-3-cols-full,General,General,Other Regional Routes & Informational Hubs,Special Service / Information Page,custom_or_hourly,Per actual route,Varies by traffic,N/A,N/A,N/A,N/A,N/A,N/A,N/A,N/A,https://www.agrashivtourandtravels.com/photo-gallery-3-cols-full/
photo-gallery-4-cols,General,General,Other Regional Routes & Informational Hubs,Special Service / Information Page,custom_or_hourly,Per actual route,Varies by traffic,N/A,N/A,N/A,N/A,N/A,N/A,N/A,N/A,https://www.agrashivtourandtravels.com/photo-gallery-4-cols/
pingwan-gurgaon-to-agra-taxi,Pingwan Gurgaon,Agra,Delhi / Gurgaon (NCR) -> Agra,Outstation Taxi,one_way_and_round_trip,Per actual route,Varies by traffic,"Rs. 2,500","Rs. 2,900","Rs. 4,200","Rs. 4,800",Hatchback: Rs. 9/km | Sedan: Rs. 10/km | SUV: Rs. 14/km | Innova: Rs. 16/km,"Hatchback: Rs. 5,000 | Sedan: Rs. 6,000 | SUV: Rs. 8,000 | Innova: Rs. 9,400",Included in fixed fare,Included in quoted fare,https://www.agrashivtourandtravels.com/pingwan-gurgaon-to-agra-taxi/
places-to-visit-around-agra-book-agra-taxi,Places,Visit Around Agra Book Agra,"Curated Tour Packages (Agra, Jaipur, Delhi, Bharatpur)",Outstation Taxi,custom_or_hourly,Per actual route,Varies by traffic,N/A,N/A,N/A,N/A,N/A,N/A,N/A,N/A,https://www.agrashivtourandtravels.com/places-to-visit-around-agra-book-agra-taxi/
punhana-gurgaon-to-agra-taxi,Punhana Gurgaon,Agra,Delhi / Gurgaon (NCR) -> Agra,Outstation Taxi,one_way_and_round_trip,Per actual route,Varies by traffic,"Rs. 2,500","Rs. 2,900","Rs. 4,200","Rs. 4,800",Hatchback: Rs. 9/km | Sedan: Rs. 10/km | SUV: Rs. 14/km | Innova: Rs. 16/km,"Hatchback: Rs. 5,000 | Sedan: Rs. 6,000 | SUV: Rs. 8,000 | Innova: Rs. 9,400",Included in fixed fare,Included in quoted fare,https://www.agrashivtourandtravels.com/punhana-gurgaon-to-agra-taxi/
railwary-road-gurgaon-to-agra-taxi,Railwary Road Gurgaon,Agra,Delhi / Gurgaon (NCR) -> Agra,Outstation Taxi,one_way_and_round_trip,Per actual route,Varies by traffic,"Rs. 2,500","Rs. 2,900","Rs. 4,200","Rs. 4,800",Hatchback: Rs. 9/km | Sedan: Rs. 10/km | SUV: Rs. 14/km | Innova: Rs. 16/km,"Hatchback: Rs. 5,000 | Sedan: Rs. 6,000 | SUV: Rs. 8,000 | Innova: Rs. 9,400",Included in fixed fare,Included in quoted fare,https://www.agrashivtourandtravels.com/railwary-road-gurgaon-to-agra-taxi/
raisina-gurgaon-to-agra-taxi,Raisina Gurgaon,Agra,Delhi / Gurgaon (NCR) -> Agra,Outstation Taxi,one_way_and_round_trip,Per actual route,Varies by traffic,"Rs. 2,500","Rs. 2,900","Rs. 4,200","Rs. 4,800",Hatchback: Rs. 9/km | Sedan: Rs. 10/km | SUV: Rs. 14/km | Innova: Rs. 16/km,"Hatchback: Rs. 5,000 | Sedan: Rs. 6,000 | SUV: Rs. 8,000 | Innova: Rs. 9,400",Included in fixed fare,Included in quoted fare,https://www.agrashivtourandtravels.com/raisina-gurgaon-to-agra-taxi/
ramgarh-gurgaon-to-agra-taxi,Ramgarh Gurgaon,Agra,Delhi / Gurgaon (NCR) -> Agra,Outstation Taxi,one_way_and_round_trip,Per actual route,Varies by traffic,"Rs. 2,500","Rs. 2,900","Rs. 4,200","Rs. 4,800",Hatchback: Rs. 9/km | Sedan: Rs. 10/km | SUV: Rs. 14/km | Innova: Rs. 16/km,"Hatchback: Rs. 5,000 | Sedan: Rs. 6,000 | SUV: Rs. 8,000 | Innova: Rs. 9,400",Included in fixed fare,Included in quoted fare,https://www.agrashivtourandtravels.com/ramgarh-gurgaon-to-agra-taxi/
rathiwas-gurgaon-to-agra-taxi,Rathiwas Gurgaon,Agra,Delhi / Gurgaon (NCR) -> Agra,Outstation Taxi,one_way_and_round_trip,Per actual route,Varies by traffic,"Rs. 2,500","Rs. 2,900","Rs. 4,200","Rs. 4,800",Hatchback: Rs. 9/km | Sedan: Rs. 10/km | SUV: Rs. 14/km | Innova: Rs. 16/km,"Hatchback: Rs. 5,000 | Sedan: Rs. 6,000 | SUV: Rs. 8,000 | Innova: Rs. 9,400",Included in fixed fare,Included in quoted fare,https://www.agrashivtourandtravels.com/rathiwas-gurgaon-to-agra-taxi/
rawli-gurgaon-to-agra-taxi,Rawli Gurgaon,Agra,Delhi / Gurgaon (NCR) -> Agra,Outstation Taxi,one_way_and_round_trip,Per actual route,Varies by traffic,"Rs. 2,500","Rs. 2,900","Rs. 4,200","Rs. 4,800",Hatchback: Rs. 9/km | Sedan: Rs. 10/km | SUV: Rs. 14/km | Innova: Rs. 16/km,"Hatchback: Rs. 5,000 | Sedan: Rs. 6,000 | SUV: Rs. 8,000 | Innova: Rs. 9,400",Included in fixed fare,Included in quoted fare,https://www.agrashivtourandtravels.com/rawli-gurgaon-to-agra-taxi/
rethath-gurgaon-to-agra-taxi,Rethath Gurgaon,Agra,Delhi / Gurgaon (NCR) -> Agra,Outstation Taxi,one_way_and_round_trip,Per actual route,Varies by traffic,"Rs. 2,500","Rs. 2,900","Rs. 4,200","Rs. 4,800",Hatchback: Rs. 9/km | Sedan: Rs. 10/km | SUV: Rs. 14/km | Innova: Rs. 16/km,"Hatchback: Rs. 5,000 | Sedan: Rs. 6,000 | SUV: Rs. 8,000 | Innova: Rs. 9,400",Included in fixed fare,Included in quoted fare,https://www.agrashivtourandtravels.com/rethath-gurgaon-to-agra-taxi/
rewasan-gurgaon-to-agra-taxi,Rewasan Gurgaon,Agra,Delhi / Gurgaon (NCR) -> Agra,Outstation Taxi,one_way_and_round_trip,Per actual route,Varies by traffic,"Rs. 2,500","Rs. 2,900","Rs. 4,200","Rs. 4,800",Hatchback: Rs. 9/km | Sedan: Rs. 10/km | SUV: Rs. 14/km | Innova: Rs. 16/km,"Hatchback: Rs. 5,000 | Sedan: Rs. 6,000 | SUV: Rs. 8,000 | Innova: Rs. 9,400",Included in fixed fare,Included in quoted fare,https://www.agrashivtourandtravels.com/rewasan-gurgaon-to-agra-taxi/
rithoj-gurgaon-to-agra-taxi,Rithoj Gurgaon,Agra,Delhi / Gurgaon (NCR) -> Agra,Outstation Taxi,one_way_and_round_trip,Per actual route,Varies by traffic,"Rs. 2,500","Rs. 2,900","Rs. 4,200","Rs. 4,800",Hatchback: Rs. 9/km | Sedan: Rs. 10/km | SUV: Rs. 14/km | Innova: Rs. 16/km,"Hatchback: Rs. 5,000 | Sedan: Rs. 6,000 | SUV: Rs. 8,000 | Innova: Rs. 9,400",Included in fixed fare,Included in quoted fare,https://www.agrashivtourandtravels.com/rithoj-gurgaon-to-agra-taxi/
rojka-meo-gurgaon-to-agra-taxi,Rojka Meo Gurgaon,Agra,Delhi / Gurgaon (NCR) -> Agra,Outstation Taxi,one_way_and_round_trip,Per actual route,Varies by traffic,"Rs. 2,500","Rs. 2,900","Rs. 4,200","Rs. 4,800",Hatchback: Rs. 9/km | Sedan: Rs. 10/km | SUV: Rs. 14/km | Innova: Rs. 16/km,"Hatchback: Rs. 5,000 | Sedan: Rs. 6,000 | SUV: Rs. 8,000 | Innova: Rs. 9,400",Included in fixed fare,Included in quoted fare,https://www.agrashivtourandtravels.com/rojka-meo-gurgaon-to-agra-taxi/
sadiq-nagar-delhi-to-agra-taxi,Sadiq Nagar Delhi,Agra,Delhi / Gurgaon (NCR) -> Agra,Outstation Taxi,one_way_and_round_trip,Per actual route,Varies by traffic,"Rs. 2,500","Rs. 2,900","Rs. 4,200","Rs. 4,800",Hatchback: Rs. 9/km | Sedan: Rs. 10/km | SUV: Rs. 14/km | Innova: Rs. 16/km,"Hatchback: Rs. 5,000 | Sedan: Rs. 6,000 | SUV: Rs. 8,000 | Innova: Rs. 9,400",Included in fixed fare,Included in quoted fare,https://www.agrashivtourandtravels.com/sadiq-nagar-delhi-to-agra-taxi/
sakras-gurgaon-to-agra-taxi,Sakras Gurgaon,Agra,Delhi / Gurgaon (NCR) -> Agra,Outstation Taxi,one_way_and_round_trip,Per actual route,Varies by traffic,"Rs. 2,500","Rs. 2,900","Rs. 4,200","Rs. 4,800",Hatchback: Rs. 9/km | Sedan: Rs. 10/km | SUV: Rs. 14/km | Innova: Rs. 16/km,"Hatchback: Rs. 5,000 | Sedan: Rs. 6,000 | SUV: Rs. 8,000 | Innova: Rs. 9,400",Included in fixed fare,Included in quoted fare,https://www.agrashivtourandtravels.com/sakras-gurgaon-to-agra-taxi/
same-day-agra-tour,Agra / Delhi,Agra,Delhi / Gurgaon (NCR) -> Agra,Tour Package,tour_package,Per actual route,Varies by traffic,Contact for quote,"Rs. 2,000 (Agra Tour) / Custom","Rs. 2,700 (Agra Tour) / Custom",Custom Package Quote,Package Fixed Price,Sightseeing Return Included,Included,"Fuel, Parking, Tolls Included",https://www.agrashivtourandtravels.com/same-day-agra-tour/
same-day-tour-of-fatehpur-sikri,Agra / Delhi,Tour Of Fatehpur Sikri,"Curated Tour Packages (Agra, Jaipur, Delhi, Bharatpur)",Tour Package,tour_package,40 km,Varies by traffic,Contact for quote,"Rs. 2,000 (Agra Tour) / Custom","Rs. 2,700 (Agra Tour) / Custom",Custom Package Quote,Package Fixed Price,Sightseeing Return Included,Included,"Fuel, Parking, Tolls Included",https://www.agrashivtourandtravels.com/same-day-tour-of-fatehpur-sikri/
same-day-tour-of-jaipur,Agra / Delhi,Tour Of Jaipur,"Curated Tour Packages (Agra, Jaipur, Delhi, Bharatpur)",Tour Package,tour_package,Per actual route,Varies by traffic,Contact for quote,"Rs. 2,000 (Agra Tour) / Custom","Rs. 2,700 (Agra Tour) / Custom",Custom Package Quote,Package Fixed Price,Sightseeing Return Included,Included,"Fuel, Parking, Tolls Included",https://www.agrashivtourandtravels.com/same-day-tour-of-jaipur/
same-day-tour-of-mathura-vrindavan,Agra / Delhi,Tour Of Mathura Vrindavan,"Curated Tour Packages (Agra, Jaipur, Delhi, Bharatpur)",Tour Package,tour_package,Per actual route,Varies by traffic,Contact for quote,"Rs. 2,000 (Agra Tour) / Custom","Rs. 2,700 (Agra Tour) / Custom",Custom Package Quote,Package Fixed Price,Sightseeing Return Included,Included,"Fuel, Parking, Tolls Included",https://www.agrashivtourandtravels.com/same-day-tour-of-mathura-vrindavan/
same-day-visit-of-bharatpur,Agra / Delhi,Visit Of Bharatpur,"Curated Tour Packages (Agra, Jaipur, Delhi, Bharatpur)",Tour Package,tour_package,55km,Varies by traffic,Contact for quote,"Rs. 2,000 (Agra Tour) / Custom","Rs. 2,700 (Agra Tour) / Custom",Custom Package Quote,Package Fixed Price,Sightseeing Return Included,Included,"Fuel, Parking, Tolls Included",https://www.agrashivtourandtravels.com/same-day-visit-of-bharatpur/
sameypur-badli-delhi-to-agra-taxi,Sameypur Badli Delhi,Agra,Delhi / Gurgaon (NCR) -> Agra,Outstation Taxi,one_way_and_round_trip,Per actual route,Varies by traffic,"Rs. 2,500","Rs. 2,900","Rs. 4,200","Rs. 4,800",Hatchback: Rs. 9/km | Sedan: Rs. 10/km | SUV: Rs. 14/km | Innova: Rs. 16/km,"Hatchback: Rs. 5,000 | Sedan: Rs. 6,000 | SUV: Rs. 8,000 | Innova: Rs. 9,400",Included in fixed fare,Included in quoted fare,https://www.agrashivtourandtravels.com/sameypur-badli-delhi-to-agra-taxi/
sanoth-delhi-to-agra-taxi,Sanoth Delhi,Agra,Delhi / Gurgaon (NCR) -> Agra,Outstation Taxi,one_way_and_round_trip,Per actual route,Varies by traffic,"Rs. 2,500","Rs. 2,900","Rs. 4,200","Rs. 4,800",Hatchback: Rs. 9/km | Sedan: Rs. 10/km | SUV: Rs. 14/km | Innova: Rs. 16/km,"Hatchback: Rs. 5,000 | Sedan: Rs. 6,000 | SUV: Rs. 8,000 | Innova: Rs. 9,400",Included in fixed fare,Included in quoted fare,https://www.agrashivtourandtravels.com/sanoth-delhi-to-agra-taxi/
sarai-rohila-delhi-to-agra-taxi,Sarai Rohila Delhi,Agra,Delhi / Gurgaon (NCR) -> Agra,Outstation Taxi,one_way_and_round_trip,Per actual route,Varies by traffic,"Rs. 2,500","Rs. 2,900","Rs. 4,200","Rs. 4,800",Hatchback: Rs. 9/km | Sedan: Rs. 10/km | SUV: Rs. 14/km | Innova: Rs. 16/km,"Hatchback: Rs. 5,000 | Sedan: Rs. 6,000 | SUV: Rs. 8,000 | Innova: Rs. 9,400",Included in fixed fare,Included in quoted fare,https://www.agrashivtourandtravels.com/sarai-rohila-delhi-to-agra-taxi/
saraswati-vihar-delhi-to-agra-taxi,Saraswati Vihar Delhi,Agra,Delhi / Gurgaon (NCR) -> Agra,Outstation Taxi,one_way_and_round_trip,Per actual route,Varies by traffic,"Rs. 2,500","Rs. 2,900","Rs. 4,200","Rs. 4,800",Hatchback: Rs. 9/km | Sedan: Rs. 10/km | SUV: Rs. 14/km | Innova: Rs. 16/km,"Hatchback: Rs. 5,000 | Sedan: Rs. 6,000 | SUV: Rs. 8,000 | Innova: Rs. 9,400",Included in fixed fare,Included in quoted fare,https://www.agrashivtourandtravels.com/saraswati-vihar-delhi-to-agra-taxi/
sarendi-agra-to-lucknow-taxi-services,Sarendi Agra,Lucknow,Agra (Localities) -> Lucknow,Outstation Taxi,day_package_120km,Per actual route,Varies by traffic,"Rs. 2,200 (120 KM)","Rs. 2,800 (120 KM)","Rs. 3,000 (120 KM)","Rs. 3,600 (120 KM)",Extra KM: Hatch/Sedan: Rs. 10/km | SUV: Rs. 14/km | Innova: Rs. 16/km,Standard Day Package (120 KM limit),Included for 1-day trip,Included in package,https://www.agrashivtourandtravels.com/sarendi-agra-to-lucknow-taxi-services/
sarhaul-gurgaon-to-agra-taxi,Sarhaul Gurgaon,Agra,Delhi / Gurgaon (NCR) -> Agra,Outstation Taxi,one_way_and_round_trip,Per actual route,Varies by traffic,"Rs. 2,500","Rs. 2,900","Rs. 4,200","Rs. 4,800",Hatchback: Rs. 9/km | Sedan: Rs. 10/km | SUV: Rs. 14/km | Innova: Rs. 16/km,"Hatchback: Rs. 5,000 | Sedan: Rs. 6,000 | SUV: Rs. 8,000 | Innova: Rs. 9,400",Included in fixed fare,Included in quoted fare,https://www.agrashivtourandtravels.com/sarhaul-gurgaon-to-agra-taxi/
satyawati-nagar-delhi-to-agra-taxi,Satyawati Nagar Delhi,Agra,Delhi / Gurgaon (NCR) -> Agra,Outstation Taxi,one_way_and_round_trip,Per actual route,Varies by traffic,"Rs. 2,500","Rs. 2,900","Rs. 4,200","Rs. 4,800",Hatchback: Rs. 9/km | Sedan: Rs. 10/km | SUV: Rs. 14/km | Innova: Rs. 16/km,"Hatchback: Rs. 5,000 | Sedan: Rs. 6,000 | SUV: Rs. 8,000 | Innova: Rs. 9,400",Included in fixed fare,Included in quoted fare,https://www.agrashivtourandtravels.com/satyawati-nagar-delhi-to-agra-taxi/
sawain-etmadpur-agra-to-lucknow-taxi-services,Sawain Etmadpur Agra,Lucknow,Agra (Localities) -> Lucknow,Outstation Taxi,day_package_120km,Per actual route,Varies by traffic,"Rs. 2,200 (120 KM)","Rs. 2,800 (120 KM)","Rs. 3,000 (120 KM)","Rs. 3,600 (120 KM)",Extra KM: Hatch/Sedan: Rs. 10/km | SUV: Rs. 14/km | Innova: Rs. 16/km,Standard Day Package (120 KM limit),Included for 1-day trip,Included in package,https://www.agrashivtourandtravels.com/sawain-etmadpur-agra-to-lucknow-taxi-services/
sector-17-gurgaon-to-agra-taxi,Sector 17 Gurgaon,Agra,Delhi / Gurgaon (NCR) -> Agra,Outstation Taxi,one_way_and_round_trip,Per actual route,Varies by traffic,"Rs. 2,500","Rs. 2,900","Rs. 4,200","Rs. 4,800",Hatchback: Rs. 9/km | Sedan: Rs. 10/km | SUV: Rs. 14/km | Innova: Rs. 16/km,"Hatchback: Rs. 5,000 | Sedan: Rs. 6,000 | SUV: Rs. 8,000 | Innova: Rs. 9,400",Included in fixed fare,Included in quoted fare,https://www.agrashivtourandtravels.com/sector-17-gurgaon-to-agra-taxi/
sector-45-gurgaon-to-agra-taxi,Sector 45 Gurgaon,Agra,Delhi / Gurgaon (NCR) -> Agra,Outstation Taxi,one_way_and_round_trip,Per actual route,Varies by traffic,"Rs. 2,500","Rs. 2,900","Rs. 4,200","Rs. 4,800",Hatchback: Rs. 9/km | Sedan: Rs. 10/km | SUV: Rs. 14/km | Innova: Rs. 16/km,"Hatchback: Rs. 5,000 | Sedan: Rs. 6,000 | SUV: Rs. 8,000 | Innova: Rs. 9,400",Included in fixed fare,Included in quoted fare,https://www.agrashivtourandtravels.com/sector-45-gurgaon-to-agra-taxi/
sector-56-gurgaon-to-agra-taxi,Sector 56 Gurgaon,Agra,Delhi / Gurgaon (NCR) -> Agra,Outstation Taxi,one_way_and_round_trip,Per actual route,Varies by traffic,"Rs. 2,500","Rs. 2,900","Rs. 4,200","Rs. 4,800",Hatchback: Rs. 9/km | Sedan: Rs. 10/km | SUV: Rs. 14/km | Innova: Rs. 16/km,"Hatchback: Rs. 5,000 | Sedan: Rs. 6,000 | SUV: Rs. 8,000 | Innova: Rs. 9,400",Included in fixed fare,Included in quoted fare,https://www.agrashivtourandtravels.com/sector-56-gurgaon-to-agra-taxi/
seelampur-delhi-to-agra-taxi,Seelampur Delhi,Agra,Delhi / Gurgaon (NCR) -> Agra,Outstation Taxi,one_way_and_round_trip,Per actual route,Varies by traffic,"Rs. 2,500","Rs. 2,900","Rs. 4,200","Rs. 4,800",Hatchback: Rs. 9/km | Sedan: Rs. 10/km | SUV: Rs. 14/km | Innova: Rs. 16/km,"Hatchback: Rs. 5,000 | Sedan: Rs. 6,000 | SUV: Rs. 8,000 | Innova: Rs. 9,400",Included in fixed fare,Included in quoted fare,https://www.agrashivtourandtravels.com/seelampur-delhi-to-agra-taxi/
semera-etmadpur-agra-to-lucknow-taxi-services,Semera Etmadpur Agra,Lucknow,Agra (Localities) -> Lucknow,Outstation Taxi,day_package_120km,Per actual route,Varies by traffic,"Rs. 2,200 (120 KM)","Rs. 2,800 (120 KM)","Rs. 3,000 (120 KM)","Rs. 3,600 (120 KM)",Extra KM: Hatch/Sedan: Rs. 10/km | SUV: Rs. 14/km | Innova: Rs. 16/km,Standard Day Package (120 KM limit),Included for 1-day trip,Included in package,https://www.agrashivtourandtravels.com/semera-etmadpur-agra-to-lucknow-taxi-services/
semri-agra-to-lucknow-taxi-services,Semri Agra,Lucknow,Agra (Localities) -> Lucknow,Outstation Taxi,day_package_120km,Per actual route,Varies by traffic,"Rs. 2,200 (120 KM)","Rs. 2,800 (120 KM)","Rs. 3,000 (120 KM)","Rs. 3,600 (120 KM)",Extra KM: Hatch/Sedan: Rs. 10/km | SUV: Rs. 14/km | Innova: Rs. 16/km,Standard Day Package (120 KM limit),Included for 1-day trip,Included in package,https://www.agrashivtourandtravels.com/semri-agra-to-lucknow-taxi-services/
seola-jat-agra-to-lucknow-taxi-services,Seola Jat Agra,Lucknow,Agra (Localities) -> Lucknow,Outstation Taxi,day_package_120km,Per actual route,Varies by traffic,"Rs. 2,200 (120 KM)","Rs. 2,800 (120 KM)","Rs. 3,000 (120 KM)","Rs. 3,600 (120 KM)",Extra KM: Hatch/Sedan: Rs. 10/km | SUV: Rs. 14/km | Innova: Rs. 16/km,Standard Day Package (120 KM limit),Included for 1-day trip,Included in package,https://www.agrashivtourandtravels.com/seola-jat-agra-to-lucknow-taxi-services/
service-rates,General,General,Other Regional Routes & Informational Hubs,Special Service / Information Page,custom_or_hourly,Per actual route,Varies by traffic,N/A,N/A,N/A,N/A,N/A,N/A,N/A,N/A,https://www.agrashivtourandtravels.com/service-rates/
sewari-gurgaon-to-agra-taxi,Sewari Gurgaon,Agra,Delhi / Gurgaon (NCR) -> Agra,Outstation Taxi,one_way_and_round_trip,Per actual route,Varies by traffic,"Rs. 2,500","Rs. 2,900","Rs. 4,200","Rs. 4,800",Hatchback: Rs. 9/km | Sedan: Rs. 10/km | SUV: Rs. 14/km | Innova: Rs. 16/km,"Hatchback: Rs. 5,000 | Sedan: Rs. 6,000 | SUV: Rs. 8,000 | Innova: Rs. 9,400",Included in fixed fare,Included in quoted fare,https://www.agrashivtourandtravels.com/sewari-gurgaon-to-agra-taxi/
shahaganj-agra-to-lucknow-taxi-services,Shahaganj Agra,Lucknow,Agra (Localities) -> Lucknow,Outstation Taxi,day_package_120km,Per actual route,Varies by traffic,"Rs. 2,200 (120 KM)","Rs. 2,800 (120 KM)","Rs. 3,000 (120 KM)","Rs. 3,600 (120 KM)",Extra KM: Hatch/Sedan: Rs. 10/km | SUV: Rs. 14/km | Innova: Rs. 16/km,Standard Day Package (120 KM limit),Included for 1-day trip,Included in package,https://www.agrashivtourandtravels.com/shahaganj-agra-to-lucknow-taxi-services/
shahchokha-gurgaon-to-agra-taxi,Shahchokha Gurgaon,Agra,Delhi / Gurgaon (NCR) -> Agra,Outstation Taxi,one_way_and_round_trip,Per actual route,Varies by traffic,"Rs. 2,500","Rs. 2,900","Rs. 4,200","Rs. 4,800",Hatchback: Rs. 9/km | Sedan: Rs. 10/km | SUV: Rs. 14/km | Innova: Rs. 16/km,"Hatchback: Rs. 5,000 | Sedan: Rs. 6,000 | SUV: Rs. 8,000 | Innova: Rs. 9,400",Included in fixed fare,Included in quoted fare,https://www.agrashivtourandtravels.com/shahchokha-gurgaon-to-agra-taxi/
shahi-agra-to-lucknow-taxi-services,Shahi Agra,Lucknow,Agra (Localities) -> Lucknow,Outstation Taxi,day_package_120km,Per actual route,Varies by traffic,"Rs. 2,200 (120 KM)","Rs. 2,800 (120 KM)","Rs. 3,000 (120 KM)","Rs. 3,600 (120 KM)",Extra KM: Hatch/Sedan: Rs. 10/km | SUV: Rs. 14/km | Innova: Rs. 16/km,Standard Day Package (120 KM limit),Included for 1-day trip,Included in package,https://www.agrashivtourandtravels.com/shahi-agra-to-lucknow-taxi-services/
shahpur-brahman-bah-agra-to-lucknow-taxi-services,Shahpur Brahman Bah Agra,Lucknow,Agra (Localities) -> Lucknow,Outstation Taxi,day_package_120km,Per actual route,Varies by traffic,"Rs. 2,200 (120 KM)","Rs. 2,800 (120 KM)","Rs. 3,000 (120 KM)","Rs. 3,600 (120 KM)",Extra KM: Hatch/Sedan: Rs. 10/km | SUV: Rs. 14/km | Innova: Rs. 16/km,Standard Day Package (120 KM limit),Included for 1-day trip,Included in package,https://www.agrashivtourandtravels.com/shahpur-brahman-bah-agra-to-lucknow-taxi-services/
shahpur-toola-agra-to-lucknow-taxi-services,Shahpur Toola Agra,Lucknow,Agra (Localities) -> Lucknow,Outstation Taxi,day_package_120km,Per actual route,Varies by traffic,"Rs. 2,200 (120 KM)","Rs. 2,800 (120 KM)","Rs. 3,000 (120 KM)","Rs. 3,600 (120 KM)",Extra KM: Hatch/Sedan: Rs. 10/km | SUV: Rs. 14/km | Innova: Rs. 16/km,Standard Day Package (120 KM limit),Included for 1-day trip,Included in package,https://www.agrashivtourandtravels.com/shahpur-toola-agra-to-lucknow-taxi-services/
shakarpur-delhi-to-agra-taxi,Shakarpur Delhi,Agra,Delhi / Gurgaon (NCR) -> Agra,Outstation Taxi,one_way_and_round_trip,Per actual route,Varies by traffic,"Rs. 2,500","Rs. 2,900","Rs. 4,200","Rs. 4,800",Hatchback: Rs. 9/km | Sedan: Rs. 10/km | SUV: Rs. 14/km | Innova: Rs. 16/km,"Hatchback: Rs. 5,000 | Sedan: Rs. 6,000 | SUV: Rs. 8,000 | Innova: Rs. 9,400",Included in fixed fare,Included in quoted fare,https://www.agrashivtourandtravels.com/shakarpur-delhi-to-agra-taxi/
shakurbasti-delhi-to-agra-taxi,Shakurbasti Delhi,Agra,Delhi / Gurgaon (NCR) -> Agra,Outstation Taxi,one_way_and_round_trip,Per actual route,Varies by traffic,"Rs. 2,500","Rs. 2,900","Rs. 4,200","Rs. 4,800",Hatchback: Rs. 9/km | Sedan: Rs. 10/km | SUV: Rs. 14/km | Innova: Rs. 16/km,"Hatchback: Rs. 5,000 | Sedan: Rs. 6,000 | SUV: Rs. 8,000 | Innova: Rs. 9,400",Included in fixed fare,Included in quoted fare,https://www.agrashivtourandtravels.com/shakurbasti-delhi-to-agra-taxi/
shakurbasti-r-s-delhi-to-agra-taxi,Shakurbasti R S Delhi,Agra,Delhi / Gurgaon (NCR) -> Agra,Outstation Taxi,one_way_and_round_trip,Per actual route,Varies by traffic,"Rs. 2,500","Rs. 2,900","Rs. 4,200","Rs. 4,800",Hatchback: Rs. 9/km | Sedan: Rs. 10/km | SUV: Rs. 14/km | Innova: Rs. 16/km,"Hatchback: Rs. 5,000 | Sedan: Rs. 6,000 | SUV: Rs. 8,000 | Innova: Rs. 9,400",Included in fixed fare,Included in quoted fare,https://www.agrashivtourandtravels.com/shakurbasti-r-s-delhi-to-agra-taxi/
shakurpur-block-i-delhi-to-agra-taxi,Shakurpur Block I Delhi,Agra,Delhi / Gurgaon (NCR) -> Agra,Outstation Taxi,one_way_and_round_trip,Per actual route,Varies by traffic,"Rs. 2,500","Rs. 2,900","Rs. 4,200","Rs. 4,800",Hatchback: Rs. 9/km | Sedan: Rs. 10/km | SUV: Rs. 14/km | Innova: Rs. 16/km,"Hatchback: Rs. 5,000 | Sedan: Rs. 6,000 | SUV: Rs. 8,000 | Innova: Rs. 9,400",Included in fixed fare,Included in quoted fare,https://www.agrashivtourandtravels.com/shakurpur-block-i-delhi-to-agra-taxi/
shalimar-bagh-delhi-to-agra-taxi,Shalimar Bagh Delhi,Agra,Delhi / Gurgaon (NCR) -> Agra,Outstation Taxi,one_way_and_round_trip,Per actual route,Varies by traffic,"Rs. 2,500","Rs. 2,900","Rs. 4,200","Rs. 4,800",Hatchback: Rs. 9/km | Sedan: Rs. 10/km | SUV: Rs. 14/km | Innova: Rs. 16/km,"Hatchback: Rs. 5,000 | Sedan: Rs. 6,000 | SUV: Rs. 8,000 | Innova: Rs. 9,400",Included in fixed fare,Included in quoted fare,https://www.agrashivtourandtravels.com/shalimar-bagh-delhi-to-agra-taxi/
shastri-nagar-delhi-to-agra-taxi,Shastri Nagar Delhi,Agra,Delhi / Gurgaon (NCR) -> Agra,Outstation Taxi,one_way_and_round_trip,Per actual route,Varies by traffic,"Rs. 2,500","Rs. 2,900","Rs. 4,200","Rs. 4,800",Hatchback: Rs. 9/km | Sedan: Rs. 10/km | SUV: Rs. 14/km | Innova: Rs. 16/km,"Hatchback: Rs. 5,000 | Sedan: Rs. 6,000 | SUV: Rs. 8,000 | Innova: Rs. 9,400",Included in fixed fare,Included in quoted fare,https://www.agrashivtourandtravels.com/shastri-nagar-delhi-to-agra-taxi/
shastripuram-agra-to-lucknow-taxi-services,Shastripuram Agra,Lucknow,Agra (Localities) -> Lucknow,Outstation Taxi,day_package_120km,Per actual route,Varies by traffic,"Rs. 2,200 (120 KM)","Rs. 2,800 (120 KM)","Rs. 3,000 (120 KM)","Rs. 3,600 (120 KM)",Extra KM: Hatch/Sedan: Rs. 10/km | SUV: Rs. 14/km | Innova: Rs. 16/km,Standard Day Package (120 KM limit),Included for 1-day trip,Included in package,https://www.agrashivtourandtravels.com/shastripuram-agra-to-lucknow-taxi-services/
sherpur-gurgaon-to-agra-taxi,Sherpur Gurgaon,Agra,Delhi / Gurgaon (NCR) -> Agra,Outstation Taxi,one_way_and_round_trip,Per actual route,Varies by traffic,"Rs. 2,500","Rs. 2,900","Rs. 4,200","Rs. 4,800",Hatchback: Rs. 9/km | Sedan: Rs. 10/km | SUV: Rs. 14/km | Innova: Rs. 16/km,"Hatchback: Rs. 5,000 | Sedan: Rs. 6,000 | SUV: Rs. 8,000 | Innova: Rs. 9,400",Included in fixed fare,Included in quoted fare,https://www.agrashivtourandtravels.com/sherpur-gurgaon-to-agra-taxi/
shiaupura-bah-agra-to-lucknow-taxi-services,Shiaupura Bah Agra,Lucknow,Agra (Localities) -> Lucknow,Outstation Taxi,day_package_120km,Per actual route,Varies by traffic,"Rs. 2,200 (120 KM)","Rs. 2,800 (120 KM)","Rs. 3,000 (120 KM)","Rs. 3,600 (120 KM)",Extra KM: Hatch/Sedan: Rs. 10/km | SUV: Rs. 14/km | Innova: Rs. 16/km,Standard Day Package (120 KM limit),Included for 1-day trip,Included in package,https://www.agrashivtourandtravels.com/shiaupura-bah-agra-to-lucknow-taxi-services/
shiv-nagar-bah-agra-to-lucknow-taxi-services,Shiv Nagar Bah Agra,Lucknow,Agra (Localities) -> Lucknow,Outstation Taxi,day_package_120km,Per actual route,Varies by traffic,"Rs. 2,200 (120 KM)","Rs. 2,800 (120 KM)","Rs. 3,000 (120 KM)","Rs. 3,600 (120 KM)",Extra KM: Hatch/Sedan: Rs. 10/km | SUV: Rs. 14/km | Innova: Rs. 16/km,Standard Day Package (120 KM limit),Included for 1-day trip,Included in package,https://www.agrashivtourandtravels.com/shiv-nagar-bah-agra-to-lucknow-taxi-services/
shivaji-nagar-gurgaon-to-agra-taxi,Shivaji Nagar Gurgaon,Agra,Delhi / Gurgaon (NCR) -> Agra,Outstation Taxi,one_way_and_round_trip,Per actual route,Varies by traffic,"Rs. 2,500","Rs. 2,900","Rs. 4,200","Rs. 4,800",Hatchback: Rs. 9/km | Sedan: Rs. 10/km | SUV: Rs. 14/km | Innova: Rs. 16/km,"Hatchback: Rs. 5,000 | Sedan: Rs. 6,000 | SUV: Rs. 8,000 | Innova: Rs. 9,400",Included in fixed fare,Included in quoted fare,https://www.agrashivtourandtravels.com/shivaji-nagar-gurgaon-to-agra-taxi/
shoe-market-agra-to-lucknow-taxi-services,Shoe Market Agra,Lucknow,Agra (Localities) -> Lucknow,Outstation Taxi,day_package_120km,Per actual route,Varies by traffic,"Rs. 2,200 (120 KM)","Rs. 2,800 (120 KM)","Rs. 3,000 (120 KM)","Rs. 3,600 (120 KM)",Extra KM: Hatch/Sedan: Rs. 10/km | SUV: Rs. 14/km | Innova: Rs. 16/km,Standard Day Package (120 KM limit),Included for 1-day trip,Included in package,https://www.agrashivtourandtravels.com/shoe-market-agra-to-lucknow-taxi-services/
shyamo-agra-to-lucknow-taxi-services,Shyamo Agra,Lucknow,Agra (Localities) -> Lucknow,Outstation Taxi,day_package_120km,Per actual route,Varies by traffic,"Rs. 2,200 (120 KM)","Rs. 2,800 (120 KM)","Rs. 3,000 (120 KM)","Rs. 3,600 (120 KM)",Extra KM: Hatch/Sedan: Rs. 10/km | SUV: Rs. 14/km | Innova: Rs. 16/km,Standard Day Package (120 KM limit),Included for 1-day trip,Included in package,https://www.agrashivtourandtravels.com/shyamo-agra-to-lucknow-taxi-services/
sidhaoli-agra-to-lucknow-taxi-services,Sidhaoli Agra,Lucknow,Agra (Localities) -> Lucknow,Outstation Taxi,day_package_120km,Per actual route,Varies by traffic,"Rs. 2,200 (120 KM)","Rs. 2,800 (120 KM)","Rs. 3,000 (120 KM)","Rs. 3,600 (120 KM)",Extra KM: Hatch/Sedan: Rs. 10/km | SUV: Rs. 14/km | Innova: Rs. 16/km,Standard Day Package (120 KM limit),Included for 1-day trip,Included in package,https://www.agrashivtourandtravels.com/sidhaoli-agra-to-lucknow-taxi-services/
sidhrawali-gurgaon-to-agra-taxi,Sidhrawali Gurgaon,Agra,Delhi / Gurgaon (NCR) -> Agra,Outstation Taxi,one_way_and_round_trip,Per actual route,Varies by traffic,"Rs. 2,500","Rs. 2,900","Rs. 4,200","Rs. 4,800",Hatchback: Rs. 9/km | Sedan: Rs. 10/km | SUV: Rs. 14/km | Innova: Rs. 16/km,"Hatchback: Rs. 5,000 | Sedan: Rs. 6,000 | SUV: Rs. 8,000 | Innova: Rs. 9,400",Included in fixed fare,Included in quoted fare,https://www.agrashivtourandtravels.com/sidhrawali-gurgaon-to-agra-taxi/
sihri-singhalheri-gurgaon-to-agra-taxi,Sihri Singhalheri Gurgaon,Agra,Delhi / Gurgaon (NCR) -> Agra,Outstation Taxi,one_way_and_round_trip,Per actual route,Varies by traffic,"Rs. 2,500","Rs. 2,900","Rs. 4,200","Rs. 4,800",Hatchback: Rs. 9/km | Sedan: Rs. 10/km | SUV: Rs. 14/km | Innova: Rs. 16/km,"Hatchback: Rs. 5,000 | Sedan: Rs. 6,000 | SUV: Rs. 8,000 | Innova: Rs. 9,400",Included in fixed fare,Included in quoted fare,https://www.agrashivtourandtravels.com/sihri-singhalheri-gurgaon-to-agra-taxi/
sikanderpur-gurgaon-to-agra-taxi,Sikanderpur Gurgaon,Agra,Delhi / Gurgaon (NCR) -> Agra,Outstation Taxi,one_way_and_round_trip,Per actual route,Varies by traffic,"Rs. 2,500","Rs. 2,900","Rs. 4,200","Rs. 4,800",Hatchback: Rs. 9/km | Sedan: Rs. 10/km | SUV: Rs. 14/km | Innova: Rs. 16/km,"Hatchback: Rs. 5,000 | Sedan: Rs. 6,000 | SUV: Rs. 8,000 | Innova: Rs. 9,400",Included in fixed fare,Included in quoted fare,https://www.agrashivtourandtravels.com/sikanderpur-gurgaon-to-agra-taxi/
sikandra-agra-to-lucknow-taxi-services,Sikandra Agra,Lucknow,Agra (Localities) -> Lucknow,Outstation Taxi,day_package_120km,Per actual route,Varies by traffic,"Rs. 2,200 (120 KM)","Rs. 2,800 (120 KM)","Rs. 3,000 (120 KM)","Rs. 3,600 (120 KM)",Extra KM: Hatch/Sedan: Rs. 10/km | SUV: Rs. 14/km | Innova: Rs. 16/km,Standard Day Package (120 KM limit),Included for 1-day trip,Included in package,https://www.agrashivtourandtravels.com/sikandra-agra-to-lucknow-taxi-services/
sikohpur-gurgaon-to-agra-taxi,Sikohpur Gurgaon,Agra,Delhi / Gurgaon (NCR) -> Agra,Outstation Taxi,one_way_and_round_trip,Per actual route,Varies by traffic,"Rs. 2,500","Rs. 2,900","Rs. 4,200","Rs. 4,800",Hatchback: Rs. 9/km | Sedan: Rs. 10/km | SUV: Rs. 14/km | Innova: Rs. 16/km,"Hatchback: Rs. 5,000 | Sedan: Rs. 6,000 | SUV: Rs. 8,000 | Innova: Rs. 9,400",Included in fixed fare,Included in quoted fare,https://www.agrashivtourandtravels.com/sikohpur-gurgaon-to-agra-taxi/
sikraondha-kiraoli-agra-to-lucknow-taxi-services,Sikraondha Kiraoli Agra,Lucknow,Agra (Localities) -> Lucknow,Outstation Taxi,day_package_120km,Per actual route,Varies by traffic,"Rs. 2,200 (120 KM)","Rs. 2,800 (120 KM)","Rs. 3,000 (120 KM)","Rs. 3,600 (120 KM)",Extra KM: Hatch/Sedan: Rs. 10/km | SUV: Rs. 14/km | Innova: Rs. 16/km,Standard Day Package (120 KM limit),Included for 1-day trip,Included in package,https://www.agrashivtourandtravels.com/sikraondha-kiraoli-agra-to-lucknow-taxi-services/
sikrara-fatehabad-agra-to-lucknow-taxi-services,Sikrara Fatehabad Agra,Lucknow,Agra (Localities) -> Lucknow,Outstation Taxi,day_package_120km,Per actual route,Varies by traffic,"Rs. 2,200 (120 KM)","Rs. 2,800 (120 KM)","Rs. 3,000 (120 KM)","Rs. 3,600 (120 KM)",Extra KM: Hatch/Sedan: Rs. 10/km | SUV: Rs. 14/km | Innova: Rs. 16/km,Standard Day Package (120 KM limit),Included for 1-day trip,Included in package,https://www.agrashivtourandtravels.com/sikrara-fatehabad-agra-to-lucknow-taxi-services/
sikrawa-gurgaon-to-agra-taxi,Sikrawa Gurgaon,Agra,Delhi / Gurgaon (NCR) -> Agra,Outstation Taxi,one_way_and_round_trip,Per actual route,Varies by traffic,"Rs. 2,500","Rs. 2,900","Rs. 4,200","Rs. 4,800",Hatchback: Rs. 9/km | Sedan: Rs. 10/km | SUV: Rs. 14/km | Innova: Rs. 16/km,"Hatchback: Rs. 5,000 | Sedan: Rs. 6,000 | SUV: Rs. 8,000 | Innova: Rs. 9,400",Included in fixed fare,Included in quoted fare,https://www.agrashivtourandtravels.com/sikrawa-gurgaon-to-agra-taxi/
siktara-etmadpur-agra-to-lucknow-taxi-services,Siktara Etmadpur Agra,Lucknow,Agra (Localities) -> Lucknow,Outstation Taxi,day_package_120km,Per actual route,Varies by traffic,"Rs. 2,200 (120 KM)","Rs. 2,800 (120 KM)","Rs. 3,000 (120 KM)","Rs. 3,600 (120 KM)",Extra KM: Hatch/Sedan: Rs. 10/km | SUV: Rs. 14/km | Innova: Rs. 16/km,Standard Day Package (120 KM limit),Included for 1-day trip,Included in package,https://www.agrashivtourandtravels.com/siktara-etmadpur-agra-to-lucknow-taxi-services/
singaich-kheragarh-agra-to-lucknow-taxi-services,Singaich Kheragarh Agra,Lucknow,Agra (Localities) -> Lucknow,Outstation Taxi,day_package_120km,Per actual route,Varies by traffic,"Rs. 2,200 (120 KM)","Rs. 2,800 (120 KM)","Rs. 3,000 (120 KM)","Rs. 3,600 (120 KM)",Extra KM: Hatch/Sedan: Rs. 10/km | SUV: Rs. 14/km | Innova: Rs. 16/km,Standard Day Package (120 KM limit),Included for 1-day trip,Included in package,https://www.agrashivtourandtravels.com/singaich-kheragarh-agra-to-lucknow-taxi-services/
singar-gurgaon-to-agra-taxi,Singar Gurgaon,Agra,Delhi / Gurgaon (NCR) -> Agra,Outstation Taxi,one_way_and_round_trip,Per actual route,Varies by traffic,"Rs. 2,500","Rs. 2,900","Rs. 4,200","Rs. 4,800",Hatchback: Rs. 9/km | Sedan: Rs. 10/km | SUV: Rs. 14/km | Innova: Rs. 16/km,"Hatchback: Rs. 5,000 | Sedan: Rs. 6,000 | SUV: Rs. 8,000 | Innova: Rs. 9,400",Included in fixed fare,Included in quoted fare,https://www.agrashivtourandtravels.com/singar-gurgaon-to-agra-taxi/
smaspur-gurgaon-to-agra-taxi,Smaspur Gurgaon,Agra,Delhi / Gurgaon (NCR) -> Agra,Outstation Taxi,one_way_and_round_trip,Per actual route,Varies by traffic,"Rs. 2,500","Rs. 2,900","Rs. 4,200","Rs. 4,800",Hatchback: Rs. 9/km | Sedan: Rs. 10/km | SUV: Rs. 14/km | Innova: Rs. 16/km,"Hatchback: Rs. 5,000 | Sedan: Rs. 6,000 | SUV: Rs. 8,000 | Innova: Rs. 9,400",Included in fixed fare,Included in quoted fare,https://www.agrashivtourandtravels.com/smaspur-gurgaon-to-agra-taxi/
sohna-adda-gurgaon-to-agra-taxi,Sohna Adda Gurgaon,Agra,Delhi / Gurgaon (NCR) -> Agra,Outstation Taxi,one_way_and_round_trip,Per actual route,Varies by traffic,"Rs. 2,500","Rs. 2,900","Rs. 4,200","Rs. 4,800",Hatchback: Rs. 9/km | Sedan: Rs. 10/km | SUV: Rs. 14/km | Innova: Rs. 16/km,"Hatchback: Rs. 5,000 | Sedan: Rs. 6,000 | SUV: Rs. 8,000 | Innova: Rs. 9,400",Included in fixed fare,Included in quoted fare,https://www.agrashivtourandtravels.com/sohna-adda-gurgaon-to-agra-taxi/
sohna-gurgaon-to-agra-taxi,Sohna Gurgaon,Agra,Delhi / Gurgaon (NCR) -> Agra,Outstation Taxi,one_way_and_round_trip,Per actual route,Varies by traffic,"Rs. 2,500","Rs. 2,900","Rs. 4,200","Rs. 4,800",Hatchback: Rs. 9/km | Sedan: Rs. 10/km | SUV: Rs. 14/km | Innova: Rs. 16/km,"Hatchback: Rs. 5,000 | Sedan: Rs. 6,000 | SUV: Rs. 8,000 | Innova: Rs. 9,400",Included in fixed fare,Included in quoted fare,https://www.agrashivtourandtravels.com/sohna-gurgaon-to-agra-taxi/
soni-khera-agra-to-lucknow-taxi-services,Soni Khera Agra,Lucknow,Agra (Localities) -> Lucknow,Outstation Taxi,day_package_120km,Per actual route,Varies by traffic,"Rs. 2,200 (120 KM)","Rs. 2,800 (120 KM)","Rs. 3,000 (120 KM)","Rs. 3,600 (120 KM)",Extra KM: Hatch/Sedan: Rs. 10/km | SUV: Rs. 14/km | Innova: Rs. 16/km,Standard Day Package (120 KM limit),Included for 1-day trip,Included in package,https://www.agrashivtourandtravels.com/soni-khera-agra-to-lucknow-taxi-services/
south-city-i-gurgaon-to-agra-taxi,South City I Gurgaon,Agra,Delhi / Gurgaon (NCR) -> Agra,Outstation Taxi,one_way_and_round_trip,Per actual route,Varies by traffic,"Rs. 2,500","Rs. 2,900","Rs. 4,200","Rs. 4,800",Hatchback: Rs. 9/km | Sedan: Rs. 10/km | SUV: Rs. 14/km | Innova: Rs. 16/km,"Hatchback: Rs. 5,000 | Sedan: Rs. 6,000 | SUV: Rs. 8,000 | Innova: Rs. 9,400",Included in fixed fare,Included in quoted fare,https://www.agrashivtourandtravels.com/south-city-i-gurgaon-to-agra-taxi/
south-city-ii-gurgaon-to-agra-taxi,South City Ii Gurgaon,Agra,Delhi / Gurgaon (NCR) -> Agra,Outstation Taxi,one_way_and_round_trip,Per actual route,Varies by traffic,"Rs. 2,500","Rs. 2,900","Rs. 4,200","Rs. 4,800",Hatchback: Rs. 9/km | Sedan: Rs. 10/km | SUV: Rs. 14/km | Innova: Rs. 16/km,"Hatchback: Rs. 5,000 | Sedan: Rs. 6,000 | SUV: Rs. 8,000 | Innova: Rs. 9,400",Included in fixed fare,Included in quoted fare,https://www.agrashivtourandtravels.com/south-city-ii-gurgaon-to-agra-taxi/
south-extn-part-i-delhi-to-agra-taxi,South Extn Part I Delhi,Agra,Delhi / Gurgaon (NCR) -> Agra,Outstation Taxi,one_way_and_round_trip,Per actual route,Varies by traffic,"Rs. 2,500","Rs. 2,900","Rs. 4,200","Rs. 4,800",Hatchback: Rs. 9/km | Sedan: Rs. 10/km | SUV: Rs. 14/km | Innova: Rs. 16/km,"Hatchback: Rs. 5,000 | Sedan: Rs. 6,000 | SUV: Rs. 8,000 | Innova: Rs. 9,400",Included in fixed fare,Included in quoted fare,https://www.agrashivtourandtravels.com/south-extn-part-i-delhi-to-agra-taxi/
south-extn-part-ii-delhi-to-agra-taxi,South Extn Part Ii Delhi,Agra,Delhi / Gurgaon (NCR) -> Agra,Outstation Taxi,one_way_and_round_trip,Per actual route,Varies by traffic,"Rs. 2,500","Rs. 2,900","Rs. 4,200","Rs. 4,800",Hatchback: Rs. 9/km | Sedan: Rs. 10/km | SUV: Rs. 14/km | Innova: Rs. 16/km,"Hatchback: Rs. 5,000 | Sedan: Rs. 6,000 | SUV: Rs. 8,000 | Innova: Rs. 9,400",Included in fixed fare,Included in quoted fare,https://www.agrashivtourandtravels.com/south-extn-part-ii-delhi-to-agra-taxi/
srinagar-colony-delhi-to-agra-taxi,Srinagar Colony Delhi,Agra,Delhi / Gurgaon (NCR) -> Agra,Outstation Taxi,one_way_and_round_trip,Per actual route,Varies by traffic,"Rs. 2,500","Rs. 2,900","Rs. 4,200","Rs. 4,800",Hatchback: Rs. 9/km | Sedan: Rs. 10/km | SUV: Rs. 14/km | Innova: Rs. 16/km,"Hatchback: Rs. 5,000 | Sedan: Rs. 6,000 | SUV: Rs. 8,000 | Innova: Rs. 9,400",Included in fixed fare,Included in quoted fare,https://www.agrashivtourandtravels.com/srinagar-colony-delhi-to-agra-taxi/
sriniwaspuri-delhi-to-agra-taxi,Sriniwaspuri Delhi,Agra,Delhi / Gurgaon (NCR) -> Agra,Outstation Taxi,one_way_and_round_trip,Per actual route,Varies by traffic,"Rs. 2,500","Rs. 2,900","Rs. 4,200","Rs. 4,800",Hatchback: Rs. 9/km | Sedan: Rs. 10/km | SUV: Rs. 14/km | Innova: Rs. 16/km,"Hatchback: Rs. 5,000 | Sedan: Rs. 6,000 | SUV: Rs. 8,000 | Innova: Rs. 9,400",Included in fixed fare,Included in quoted fare,https://www.agrashivtourandtravels.com/sriniwaspuri-delhi-to-agra-taxi/
subji-mandi-agra-to-lucknow-taxi-services,Subji Mandi Agra,Lucknow,Agra (Localities) -> Lucknow,Outstation Taxi,day_package_120km,Per actual route,Varies by traffic,"Rs. 2,200 (120 KM)","Rs. 2,800 (120 KM)","Rs. 3,000 (120 KM)","Rs. 3,600 (120 KM)",Extra KM: Hatch/Sedan: Rs. 10/km | SUV: Rs. 14/km | Innova: Rs. 16/km,Standard Day Package (120 KM limit),Included for 1-day trip,Included in package,https://www.agrashivtourandtravels.com/subji-mandi-agra-to-lucknow-taxi-services/
sudaka-gurgaon-to-agra-taxi,Sudaka Gurgaon,Agra,Delhi / Gurgaon (NCR) -> Agra,Outstation Taxi,one_way_and_round_trip,Per actual route,Varies by traffic,"Rs. 2,500","Rs. 2,900","Rs. 4,200","Rs. 4,800",Hatchback: Rs. 9/km | Sedan: Rs. 10/km | SUV: Rs. 14/km | Innova: Rs. 16/km,"Hatchback: Rs. 5,000 | Sedan: Rs. 6,000 | SUV: Rs. 8,000 | Innova: Rs. 9,400",Included in fixed fare,Included in quoted fare,https://www.agrashivtourandtravels.com/sudaka-gurgaon-to-agra-taxi/
sultan-pura-agra-to-lucknow-taxi-services,Sultan Pura Agra,Lucknow,Agra (Localities) -> Lucknow,Outstation Taxi,day_package_120km,Per actual route,Varies by traffic,"Rs. 2,200 (120 KM)","Rs. 2,800 (120 KM)","Rs. 3,000 (120 KM)","Rs. 3,600 (120 KM)",Extra KM: Hatch/Sedan: Rs. 10/km | SUV: Rs. 14/km | Innova: Rs. 16/km,Standard Day Package (120 KM limit),Included for 1-day trip,Included in package,https://www.agrashivtourandtravels.com/sultan-pura-agra-to-lucknow-taxi-services/
sultanpur-gurgaon-to-agra-taxi,Sultanpur Gurgaon,Agra,Delhi / Gurgaon (NCR) -> Agra,Outstation Taxi,one_way_and_round_trip,Per actual route,Varies by traffic,"Rs. 2,500","Rs. 2,900","Rs. 4,200","Rs. 4,800",Hatchback: Rs. 9/km | Sedan: Rs. 10/km | SUV: Rs. 14/km | Innova: Rs. 16/km,"Hatchback: Rs. 5,000 | Sedan: Rs. 6,000 | SUV: Rs. 8,000 | Innova: Rs. 9,400",Included in fixed fare,Included in quoted fare,https://www.agrashivtourandtravels.com/sultanpur-gurgaon-to-agra-taxi/
sultanpuri-block-c-delhi-to-agra-taxi,Sultanpuri Block C Delhi,Agra,Delhi / Gurgaon (NCR) -> Agra,Outstation Taxi,one_way_and_round_trip,Per actual route,Varies by traffic,"Rs. 2,500","Rs. 2,900","Rs. 4,200","Rs. 4,800",Hatchback: Rs. 9/km | Sedan: Rs. 10/km | SUV: Rs. 14/km | Innova: Rs. 16/km,"Hatchback: Rs. 5,000 | Sedan: Rs. 6,000 | SUV: Rs. 8,000 | Innova: Rs. 9,400",Included in fixed fare,Included in quoted fare,https://www.agrashivtourandtravels.com/sultanpuri-block-c-delhi-to-agra-taxi/
sultanpuri-block-f-delhi-to-agra-taxi,Sultanpuri Block F Delhi,Agra,Delhi / Gurgaon (NCR) -> Agra,Outstation Taxi,one_way_and_round_trip,Per actual route,Varies by traffic,"Rs. 2,500","Rs. 2,900","Rs. 4,200","Rs. 4,800",Hatchback: Rs. 9/km | Sedan: Rs. 10/km | SUV: Rs. 14/km | Innova: Rs. 16/km,"Hatchback: Rs. 5,000 | Sedan: Rs. 6,000 | SUV: Rs. 8,000 | Innova: Rs. 9,400",Included in fixed fare,Included in quoted fare,https://www.agrashivtourandtravels.com/sultanpuri-block-f-delhi-to-agra-taxi/
sunari-agra-to-lucknow-taxi-services,Sunari Agra,Lucknow,Agra (Localities) -> Lucknow,Outstation Taxi,day_package_120km,Per actual route,Varies by traffic,"Rs. 2,200 (120 KM)","Rs. 2,800 (120 KM)","Rs. 3,000 (120 KM)","Rs. 3,600 (120 KM)",Extra KM: Hatch/Sedan: Rs. 10/km | SUV: Rs. 14/km | Innova: Rs. 16/km,Standard Day Package (120 KM limit),Included for 1-day trip,Included in package,https://www.agrashivtourandtravels.com/sunari-agra-to-lucknow-taxi-services/
sundh-gurgaon-to-agra-taxi,Sundh Gurgaon,Agra,Delhi / Gurgaon (NCR) -> Agra,Outstation Taxi,one_way_and_round_trip,Per actual route,Varies by traffic,"Rs. 2,500","Rs. 2,900","Rs. 4,200","Rs. 4,800",Hatchback: Rs. 9/km | Sedan: Rs. 10/km | SUV: Rs. 14/km | Innova: Rs. 16/km,"Hatchback: Rs. 5,000 | Sedan: Rs. 6,000 | SUV: Rs. 8,000 | Innova: Rs. 9,400",Included in fixed fare,Included in quoted fare,https://www.agrashivtourandtravels.com/sundh-gurgaon-to-agra-taxi/
suraj-nagar-delhi-to-agra-taxi,Suraj Nagar Delhi,Agra,Delhi / Gurgaon (NCR) -> Agra,Outstation Taxi,one_way_and_round_trip,Per actual route,Varies by traffic,"Rs. 2,500","Rs. 2,900","Rs. 4,200","Rs. 4,800",Hatchback: Rs. 9/km | Sedan: Rs. 10/km | SUV: Rs. 14/km | Innova: Rs. 16/km,"Hatchback: Rs. 5,000 | Sedan: Rs. 6,000 | SUV: Rs. 8,000 | Innova: Rs. 9,400",Included in fixed fare,Included in quoted fare,https://www.agrashivtourandtravels.com/suraj-nagar-delhi-to-agra-taxi/
suttanpuri-block-b-delhi-to-agra-taxi,Suttanpuri Block B Delhi,Agra,Delhi / Gurgaon (NCR) -> Agra,Outstation Taxi,one_way_and_round_trip,Per actual route,Varies by traffic,"Rs. 2,500","Rs. 2,900","Rs. 4,200","Rs. 4,800",Hatchback: Rs. 9/km | Sedan: Rs. 10/km | SUV: Rs. 14/km | Innova: Rs. 16/km,"Hatchback: Rs. 5,000 | Sedan: Rs. 6,000 | SUV: Rs. 8,000 | Innova: Rs. 9,400",Included in fixed fare,Included in quoted fare,https://www.agrashivtourandtravels.com/suttanpuri-block-b-delhi-to-agra-taxi/
swami-ram-tirath-nagar-delhi-to-agra-taxi,Swami Ram Tirath Nagar Delhi,Agra,Delhi / Gurgaon (NCR) -> Agra,Outstation Taxi,one_way_and_round_trip,Per actual route,Varies by traffic,"Rs. 2,500","Rs. 2,900","Rs. 4,200","Rs. 4,800",Hatchback: Rs. 9/km | Sedan: Rs. 10/km | SUV: Rs. 14/km | Innova: Rs. 16/km,"Hatchback: Rs. 5,000 | Sedan: Rs. 6,000 | SUV: Rs. 8,000 | Innova: Rs. 9,400",Included in fixed fare,Included in quoted fare,https://www.agrashivtourandtravels.com/swami-ram-tirath-nagar-delhi-to-agra-taxi/
swara-fatehabad-agra-to-lucknow-taxi-services,Swara Fatehabad Agra,Lucknow,Agra (Localities) -> Lucknow,Outstation Taxi,day_package_120km,Per actual route,Varies by traffic,"Rs. 2,200 (120 KM)","Rs. 2,800 (120 KM)","Rs. 3,000 (120 KM)","Rs. 3,600 (120 KM)",Extra KM: Hatch/Sedan: Rs. 10/km | SUV: Rs. 14/km | Innova: Rs. 16/km,Standard Day Package (120 KM limit),Included for 1-day trip,Included in package,https://www.agrashivtourandtravels.com/swara-fatehabad-agra-to-lucknow-taxi-services/
syed-shahpur-gurgaon-to-agra-taxi,Syed Shahpur Gurgaon,Agra,Delhi / Gurgaon (NCR) -> Agra,Outstation Taxi,one_way_and_round_trip,Per actual route,Varies by traffic,"Rs. 2,500","Rs. 2,900","Rs. 4,200","Rs. 4,800",Hatchback: Rs. 9/km | Sedan: Rs. 10/km | SUV: Rs. 14/km | Innova: Rs. 16/km,"Hatchback: Rs. 5,000 | Sedan: Rs. 6,000 | SUV: Rs. 8,000 | Innova: Rs. 9,400",Included in fixed fare,Included in quoted fare,https://www.agrashivtourandtravels.com/syed-shahpur-gurgaon-to-agra-taxi/
t-b-hospital-delhi-to-agra-taxi,T B Hospital Delhi,Agra,Delhi / Gurgaon (NCR) -> Agra,Outstation Taxi,one_way_and_round_trip,Per actual route,Varies by traffic,"Rs. 2,500","Rs. 2,900","Rs. 4,200","Rs. 4,800",Hatchback: Rs. 9/km | Sedan: Rs. 10/km | SUV: Rs. 14/km | Innova: Rs. 16/km,"Hatchback: Rs. 5,000 | Sedan: Rs. 6,000 | SUV: Rs. 8,000 | Innova: Rs. 9,400",Included in fixed fare,Included in quoted fare,https://www.agrashivtourandtravels.com/t-b-hospital-delhi-to-agra-taxi/
t-p-nagar-agra-to-lucknow-taxi-services,T P Nagar Agra,Lucknow,Agra (Localities) -> Lucknow,Outstation Taxi,day_package_120km,Per actual route,Varies by traffic,"Rs. 2,200 (120 KM)","Rs. 2,800 (120 KM)","Rs. 3,000 (120 KM)","Rs. 3,600 (120 KM)",Extra KM: Hatch/Sedan: Rs. 10/km | SUV: Rs. 14/km | Innova: Rs. 16/km,Standard Day Package (120 KM limit),Included for 1-day trip,Included in package,https://www.agrashivtourandtravels.com/t-p-nagar-agra-to-lucknow-taxi-services/
tain-gurgaon-to-agra-taxi,Tain Gurgaon,Agra,Delhi / Gurgaon (NCR) -> Agra,Outstation Taxi,one_way_and_round_trip,Per actual route,Varies by traffic,"Rs. 2,500","Rs. 2,900","Rs. 4,200","Rs. 4,800",Hatchback: Rs. 9/km | Sedan: Rs. 10/km | SUV: Rs. 14/km | Innova: Rs. 16/km,"Hatchback: Rs. 5,000 | Sedan: Rs. 6,000 | SUV: Rs. 8,000 | Innova: Rs. 9,400",Included in fixed fare,Included in quoted fare,https://www.agrashivtourandtravels.com/tain-gurgaon-to-agra-taxi/
taj-agra-to-lucknow-taxi-services,Taj Agra,Lucknow,Agra (Localities) -> Lucknow,Outstation Taxi,day_package_120km,Per actual route,Varies by traffic,"Rs. 2,200 (120 KM)","Rs. 2,800 (120 KM)","Rs. 3,000 (120 KM)","Rs. 3,600 (120 KM)",Extra KM: Hatch/Sedan: Rs. 10/km | SUV: Rs. 14/km | Innova: Rs. 16/km,Standard Day Package (120 KM limit),Included for 1-day trip,Included in package,https://www.agrashivtourandtravels.com/taj-agra-to-lucknow-taxi-services/
taj-nagari-agra-to-lucknow-taxi-services,Taj Nagari Agra,Lucknow,Agra (Localities) -> Lucknow,Outstation Taxi,day_package_120km,Per actual route,Varies by traffic,"Rs. 2,200 (120 KM)","Rs. 2,800 (120 KM)","Rs. 3,000 (120 KM)","Rs. 3,600 (120 KM)",Extra KM: Hatch/Sedan: Rs. 10/km | SUV: Rs. 14/km | Innova: Rs. 16/km,Standard Day Package (120 KM limit),Included for 1-day trip,Included in package,https://www.agrashivtourandtravels.com/taj-nagari-agra-to-lucknow-taxi-services/
tajganj-agra-to-lucknow-taxi-services,Tajganj Agra,Lucknow,Agra (Localities) -> Lucknow,Outstation Taxi,day_package_120km,Per actual route,Varies by traffic,"Rs. 2,200 (120 KM)","Rs. 2,800 (120 KM)","Rs. 3,000 (120 KM)","Rs. 3,600 (120 KM)",Extra KM: Hatch/Sedan: Rs. 10/km | SUV: Rs. 14/km | Innova: Rs. 16/km,Standard Day Package (120 KM limit),Included for 1-day trip,Included in package,https://www.agrashivtourandtravels.com/tajganj-agra-to-lucknow-taxi-services/
tanora-noorpur-fatehabad-agra-to-lucknow-taxi-services,Tanora Noorpur Fatehabad Agra,Lucknow,Agra (Localities) -> Lucknow,Outstation Taxi,day_package_120km,Per actual route,Varies by traffic,"Rs. 2,200 (120 KM)","Rs. 2,800 (120 KM)","Rs. 3,000 (120 KM)","Rs. 3,600 (120 KM)",Extra KM: Hatch/Sedan: Rs. 10/km | SUV: Rs. 14/km | Innova: Rs. 16/km,Standard Day Package (120 KM limit),Included for 1-day trip,Included in package,https://www.agrashivtourandtravels.com/tanora-noorpur-fatehabad-agra-to-lucknow-taxi-services/
tapkan-gurgaon-to-agra-taxi,Tapkan Gurgaon,Agra,Delhi / Gurgaon (NCR) -> Agra,Outstation Taxi,one_way_and_round_trip,Per actual route,Varies by traffic,"Rs. 2,500","Rs. 2,900","Rs. 4,200","Rs. 4,800",Hatchback: Rs. 9/km | Sedan: Rs. 10/km | SUV: Rs. 14/km | Innova: Rs. 16/km,"Hatchback: Rs. 5,000 | Sedan: Rs. 6,000 | SUV: Rs. 8,000 | Innova: Rs. 9,400",Included in fixed fare,Included in quoted fare,https://www.agrashivtourandtravels.com/tapkan-gurgaon-to-agra-taxi/
tarauli-gujar-agra-to-lucknow-taxi-services,Tarauli Gujar Agra,Lucknow,Agra (Localities) -> Lucknow,Outstation Taxi,day_package_120km,Per actual route,Varies by traffic,"Rs. 2,200 (120 KM)","Rs. 2,800 (120 KM)","Rs. 3,000 (120 KM)","Rs. 3,600 (120 KM)",Extra KM: Hatch/Sedan: Rs. 10/km | SUV: Rs. 14/km | Innova: Rs. 16/km,Standard Day Package (120 KM limit),Included for 1-day trip,Included in package,https://www.agrashivtourandtravels.com/tarauli-gujar-agra-to-lucknow-taxi-services/
tasond-bah-agra-to-lucknow-taxi-services,Tasond Bah Agra,Lucknow,Agra (Localities) -> Lucknow,Outstation Taxi,day_package_120km,Per actual route,Varies by traffic,"Rs. 2,200 (120 KM)","Rs. 2,800 (120 KM)","Rs. 3,000 (120 KM)","Rs. 3,600 (120 KM)",Extra KM: Hatch/Sedan: Rs. 10/km | SUV: Rs. 14/km | Innova: Rs. 16/km,Standard Day Package (120 KM limit),Included for 1-day trip,Included in package,https://www.agrashivtourandtravels.com/tasond-bah-agra-to-lucknow-taxi-services/
tatarpur-delhi-to-agra-taxi,Tatarpur Delhi,Agra,Delhi / Gurgaon (NCR) -> Agra,Outstation Taxi,one_way_and_round_trip,Per actual route,Varies by traffic,"Rs. 2,500","Rs. 2,900","Rs. 4,200","Rs. 4,800",Hatchback: Rs. 9/km | Sedan: Rs. 10/km | SUV: Rs. 14/km | Innova: Rs. 16/km,"Hatchback: Rs. 5,000 | Sedan: Rs. 6,000 | SUV: Rs. 8,000 | Innova: Rs. 9,400",Included in fixed fare,Included in quoted fare,https://www.agrashivtourandtravels.com/tatarpur-delhi-to-agra-taxi/
tatarpur-gurgaon-to-agra-taxi,Tatarpur Gurgaon,Agra,Delhi / Gurgaon (NCR) -> Agra,Outstation Taxi,one_way_and_round_trip,Per actual route,Varies by traffic,"Rs. 2,500","Rs. 2,900","Rs. 4,200","Rs. 4,800",Hatchback: Rs. 9/km | Sedan: Rs. 10/km | SUV: Rs. 14/km | Innova: Rs. 16/km,"Hatchback: Rs. 5,000 | Sedan: Rs. 6,000 | SUV: Rs. 8,000 | Innova: Rs. 9,400",Included in fixed fare,Included in quoted fare,https://www.agrashivtourandtravels.com/tatarpur-gurgaon-to-agra-taxi/
tauru-extension-counter-gurgaon-to-agra-taxi,Tauru Extension Counter Gurgaon,Agra,Delhi / Gurgaon (NCR) -> Agra,Outstation Taxi,one_way_and_round_trip,Per actual route,Varies by traffic,"Rs. 2,500","Rs. 2,900","Rs. 4,200","Rs. 4,800",Hatchback: Rs. 9/km | Sedan: Rs. 10/km | SUV: Rs. 14/km | Innova: Rs. 16/km,"Hatchback: Rs. 5,000 | Sedan: Rs. 6,000 | SUV: Rs. 8,000 | Innova: Rs. 9,400",Included in fixed fare,Included in quoted fare,https://www.agrashivtourandtravels.com/tauru-extension-counter-gurgaon-to-agra-taxi/
tauru-gurgaon-to-agra-taxi,Tauru Gurgaon,Agra,Delhi / Gurgaon (NCR) -> Agra,Outstation Taxi,one_way_and_round_trip,Per actual route,Varies by traffic,"Rs. 2,500","Rs. 2,900","Rs. 4,200","Rs. 4,800",Hatchback: Rs. 9/km | Sedan: Rs. 10/km | SUV: Rs. 14/km | Innova: Rs. 16/km,"Hatchback: Rs. 5,000 | Sedan: Rs. 6,000 | SUV: Rs. 8,000 | Innova: Rs. 9,400",Included in fixed fare,Included in quoted fare,https://www.agrashivtourandtravels.com/tauru-gurgaon-to-agra-taxi/
taxi-services-in-shahchokha-gurgaon,Local Hub / Base,Shahchokha Gurgaon,Local City Taxi (Gurgaon / NCR Localities),Local City Taxi,one_way_and_round_trip,Per actual route,Varies by traffic,"Rs. 2,500","Rs. 2,900","Rs. 4,200","Rs. 4,800",Hatchback: Rs. 9/km | Sedan: Rs. 10/km | SUV: Rs. 14/km | Innova: Rs. 16/km,"Hatchback: Rs. 5,000 | Sedan: Rs. 6,000 | SUV: Rs. 8,000 | Innova: Rs. 9,400",Included in fixed fare,Included in quoted fare,https://www.agrashivtourandtravels.com/taxi-services-in-shahchokha-gurgaon/
taxi-services-in-sherpur-gurgaon,Local Hub / Base,Sherpur Gurgaon,Local City Taxi (Gurgaon / NCR Localities),Local City Taxi,one_way_and_round_trip,Per actual route,Varies by traffic,"Rs. 2,500","Rs. 2,900","Rs. 4,200","Rs. 4,800",Hatchback: Rs. 9/km | Sedan: Rs. 10/km | SUV: Rs. 14/km | Innova: Rs. 16/km,"Hatchback: Rs. 5,000 | Sedan: Rs. 6,000 | SUV: Rs. 8,000 | Innova: Rs. 9,400",Included in fixed fare,Included in quoted fare,https://www.agrashivtourandtravels.com/taxi-services-in-sherpur-gurgaon/
taxi-services-in-shivaji-nagar-gurgaon,Local Hub / Base,Shivaji Nagar Gurgaon,Local City Taxi (Gurgaon / NCR Localities),Local City Taxi,one_way_and_round_trip,Per actual route,Varies by traffic,"Rs. 2,500","Rs. 2,900","Rs. 4,200","Rs. 4,800",Hatchback: Rs. 9/km | Sedan: Rs. 10/km | SUV: Rs. 14/km | Innova: Rs. 16/km,"Hatchback: Rs. 5,000 | Sedan: Rs. 6,000 | SUV: Rs. 8,000 | Innova: Rs. 9,400",Included in fixed fare,Included in quoted fare,https://www.agrashivtourandtravels.com/taxi-services-in-shivaji-nagar-gurgaon/
taxi-services-in-sidhrawali-gurgaon,Local Hub / Base,Sidhrawali Gurgaon,Local City Taxi (Gurgaon / NCR Localities),Local City Taxi,one_way_and_round_trip,Per actual route,Varies by traffic,"Rs. 2,500","Rs. 2,900","Rs. 4,200","Rs. 4,800",Hatchback: Rs. 9/km | Sedan: Rs. 10/km | SUV: Rs. 14/km | Innova: Rs. 16/km,"Hatchback: Rs. 5,000 | Sedan: Rs. 6,000 | SUV: Rs. 8,000 | Innova: Rs. 9,400",Included in fixed fare,Included in quoted fare,https://www.agrashivtourandtravels.com/taxi-services-in-sidhrawali-gurgaon/
taxi-services-in-sihri-singhalheri-gurgaon,Local Hub / Base,Sihri Singhalheri Gurgaon,Local City Taxi (Gurgaon / NCR Localities),Local City Taxi,one_way_and_round_trip,Per actual route,Varies by traffic,"Rs. 2,500","Rs. 2,900","Rs. 4,200","Rs. 4,800",Hatchback: Rs. 9/km | Sedan: Rs. 10/km | SUV: Rs. 14/km | Innova: Rs. 16/km,"Hatchback: Rs. 5,000 | Sedan: Rs. 6,000 | SUV: Rs. 8,000 | Innova: Rs. 9,400",Included in fixed fare,Included in quoted fare,https://www.agrashivtourandtravels.com/taxi-services-in-sihri-singhalheri-gurgaon/
taxi-services-in-sikanderpur-gurgaon,Local Hub / Base,Sikanderpur Gurgaon,Local City Taxi (Gurgaon / NCR Localities),Local City Taxi,one_way_and_round_trip,Per actual route,Varies by traffic,"Rs. 2,500","Rs. 2,900","Rs. 4,200","Rs. 4,800",Hatchback: Rs. 9/km | Sedan: Rs. 10/km | SUV: Rs. 14/km | Innova: Rs. 16/km,"Hatchback: Rs. 5,000 | Sedan: Rs. 6,000 | SUV: Rs. 8,000 | Innova: Rs. 9,400",Included in fixed fare,Included in quoted fare,https://www.agrashivtourandtravels.com/taxi-services-in-sikanderpur-gurgaon/
taxi-services-in-sikohpur-gurgaon,Local Hub / Base,Sikohpur Gurgaon,Local City Taxi (Gurgaon / NCR Localities),Local City Taxi,one_way_and_round_trip,Per actual route,Varies by traffic,"Rs. 2,500","Rs. 2,900","Rs. 4,200","Rs. 4,800",Hatchback: Rs. 9/km | Sedan: Rs. 10/km | SUV: Rs. 14/km | Innova: Rs. 16/km,"Hatchback: Rs. 5,000 | Sedan: Rs. 6,000 | SUV: Rs. 8,000 | Innova: Rs. 9,400",Included in fixed fare,Included in quoted fare,https://www.agrashivtourandtravels.com/taxi-services-in-sikohpur-gurgaon/
taxi-services-in-sikrawa-gurgaon,Local Hub / Base,Sikrawa Gurgaon,Local City Taxi (Gurgaon / NCR Localities),Local City Taxi,one_way_and_round_trip,Per actual route,Varies by traffic,"Rs. 2,500","Rs. 2,900","Rs. 4,200","Rs. 4,800",Hatchback: Rs. 9/km | Sedan: Rs. 10/km | SUV: Rs. 14/km | Innova: Rs. 16/km,"Hatchback: Rs. 5,000 | Sedan: Rs. 6,000 | SUV: Rs. 8,000 | Innova: Rs. 9,400",Included in fixed fare,Included in quoted fare,https://www.agrashivtourandtravels.com/taxi-services-in-sikrawa-gurgaon/
taxi-services-in-singar-gurgaon,Local Hub / Base,Singar Gurgaon,Local City Taxi (Gurgaon / NCR Localities),Local City Taxi,one_way_and_round_trip,Per actual route,Varies by traffic,"Rs. 2,500","Rs. 2,900","Rs. 4,200","Rs. 4,800",Hatchback: Rs. 9/km | Sedan: Rs. 10/km | SUV: Rs. 14/km | Innova: Rs. 16/km,"Hatchback: Rs. 5,000 | Sedan: Rs. 6,000 | SUV: Rs. 8,000 | Innova: Rs. 9,400",Included in fixed fare,Included in quoted fare,https://www.agrashivtourandtravels.com/taxi-services-in-singar-gurgaon/
taxi-services-in-smaspur-gurgaon,Local Hub / Base,Smaspur Gurgaon,Local City Taxi (Gurgaon / NCR Localities),Local City Taxi,one_way_and_round_trip,Per actual route,Varies by traffic,"Rs. 2,500","Rs. 2,900","Rs. 4,200","Rs. 4,800",Hatchback: Rs. 9/km | Sedan: Rs. 10/km | SUV: Rs. 14/km | Innova: Rs. 16/km,"Hatchback: Rs. 5,000 | Sedan: Rs. 6,000 | SUV: Rs. 8,000 | Innova: Rs. 9,400",Included in fixed fare,Included in quoted fare,https://www.agrashivtourandtravels.com/taxi-services-in-smaspur-gurgaon/
taxi-services-in-sohna-adda-gurgaon,Local Hub / Base,Sohna Adda Gurgaon,Local City Taxi (Gurgaon / NCR Localities),Local City Taxi,one_way_and_round_trip,Per actual route,Varies by traffic,"Rs. 2,500","Rs. 2,900","Rs. 4,200","Rs. 4,800",Hatchback: Rs. 9/km | Sedan: Rs. 10/km | SUV: Rs. 14/km | Innova: Rs. 16/km,"Hatchback: Rs. 5,000 | Sedan: Rs. 6,000 | SUV: Rs. 8,000 | Innova: Rs. 9,400",Included in fixed fare,Included in quoted fare,https://www.agrashivtourandtravels.com/taxi-services-in-sohna-adda-gurgaon/
taxi-services-in-sohna-sohna-gurgaon,Local Hub / Base,Sohna Sohna Gurgaon,Local City Taxi (Gurgaon / NCR Localities),Local City Taxi,one_way_and_round_trip,Per actual route,Varies by traffic,"Rs. 2,500","Rs. 2,900","Rs. 4,200","Rs. 4,800",Hatchback: Rs. 9/km | Sedan: Rs. 10/km | SUV: Rs. 14/km | Innova: Rs. 16/km,"Hatchback: Rs. 5,000 | Sedan: Rs. 6,000 | SUV: Rs. 8,000 | Innova: Rs. 9,400",Included in fixed fare,Included in quoted fare,https://www.agrashivtourandtravels.com/taxi-services-in-sohna-sohna-gurgaon/
taxi-services-in-sudaka-gurgaon,Local Hub / Base,Sudaka Gurgaon,Local City Taxi (Gurgaon / NCR Localities),Local City Taxi,one_way_and_round_trip,Per actual route,Varies by traffic,"Rs. 2,500","Rs. 2,900","Rs. 4,200","Rs. 4,800",Hatchback: Rs. 9/km | Sedan: Rs. 10/km | SUV: Rs. 14/km | Innova: Rs. 16/km,"Hatchback: Rs. 5,000 | Sedan: Rs. 6,000 | SUV: Rs. 8,000 | Innova: Rs. 9,400",Included in fixed fare,Included in quoted fare,https://www.agrashivtourandtravels.com/taxi-services-in-sudaka-gurgaon/
taxi-services-in-sultanpur-gurgaon,Local Hub / Base,Sultanpur Gurgaon,Local City Taxi (Gurgaon / NCR Localities),Local City Taxi,one_way_and_round_trip,Per actual route,Varies by traffic,"Rs. 2,500","Rs. 2,900","Rs. 4,200","Rs. 4,800",Hatchback: Rs. 9/km | Sedan: Rs. 10/km | SUV: Rs. 14/km | Innova: Rs. 16/km,"Hatchback: Rs. 5,000 | Sedan: Rs. 6,000 | SUV: Rs. 8,000 | Innova: Rs. 9,400",Included in fixed fare,Included in quoted fare,https://www.agrashivtourandtravels.com/taxi-services-in-sultanpur-gurgaon/
taxi-services-in-sundh-gurgaon,Local Hub / Base,Sundh Gurgaon,Local City Taxi (Gurgaon / NCR Localities),Local City Taxi,one_way_and_round_trip,Per actual route,Varies by traffic,"Rs. 2,500","Rs. 2,900","Rs. 4,200","Rs. 4,800",Hatchback: Rs. 9/km | Sedan: Rs. 10/km | SUV: Rs. 14/km | Innova: Rs. 16/km,"Hatchback: Rs. 5,000 | Sedan: Rs. 6,000 | SUV: Rs. 8,000 | Innova: Rs. 9,400",Included in fixed fare,Included in quoted fare,https://www.agrashivtourandtravels.com/taxi-services-in-sundh-gurgaon/
taxi-services-in-syed-shahpur-gurgaon,Local Hub / Base,Syed Shahpur Gurgaon,Local City Taxi (Gurgaon / NCR Localities),Local City Taxi,one_way_and_round_trip,Per actual route,Varies by traffic,"Rs. 2,500","Rs. 2,900","Rs. 4,200","Rs. 4,800",Hatchback: Rs. 9/km | Sedan: Rs. 10/km | SUV: Rs. 14/km | Innova: Rs. 16/km,"Hatchback: Rs. 5,000 | Sedan: Rs. 6,000 | SUV: Rs. 8,000 | Innova: Rs. 9,400",Included in fixed fare,Included in quoted fare,https://www.agrashivtourandtravels.com/taxi-services-in-syed-shahpur-gurgaon/
taxi-services-in-tain-gurgaon,Local Hub / Base,Tain Gurgaon,Local City Taxi (Gurgaon / NCR Localities),Local City Taxi,one_way_and_round_trip,Per actual route,Varies by traffic,"Rs. 2,500","Rs. 2,900","Rs. 4,200","Rs. 4,800",Hatchback: Rs. 9/km | Sedan: Rs. 10/km | SUV: Rs. 14/km | Innova: Rs. 16/km,"Hatchback: Rs. 5,000 | Sedan: Rs. 6,000 | SUV: Rs. 8,000 | Innova: Rs. 9,400",Included in fixed fare,Included in quoted fare,https://www.agrashivtourandtravels.com/taxi-services-in-tain-gurgaon/
taxi-services-in-tapkan-gurgaon,Local Hub / Base,Tapkan Gurgaon,Local City Taxi (Gurgaon / NCR Localities),Local City Taxi,one_way_and_round_trip,Per actual route,Varies by traffic,"Rs. 2,500","Rs. 2,900","Rs. 4,200","Rs. 4,800",Hatchback: Rs. 9/km | Sedan: Rs. 10/km | SUV: Rs. 14/km | Innova: Rs. 16/km,"Hatchback: Rs. 5,000 | Sedan: Rs. 6,000 | SUV: Rs. 8,000 | Innova: Rs. 9,400",Included in fixed fare,Included in quoted fare,https://www.agrashivtourandtravels.com/taxi-services-in-tapkan-gurgaon/
taxi-services-in-tatarpur-gurgaon,Local Hub / Base,Tatarpur Gurgaon,Local City Taxi (Gurgaon / NCR Localities),Local City Taxi,one_way_and_round_trip,Per actual route,Varies by traffic,"Rs. 2,500","Rs. 2,900","Rs. 4,200","Rs. 4,800",Hatchback: Rs. 9/km | Sedan: Rs. 10/km | SUV: Rs. 14/km | Innova: Rs. 16/km,"Hatchback: Rs. 5,000 | Sedan: Rs. 6,000 | SUV: Rs. 8,000 | Innova: Rs. 9,400",Included in fixed fare,Included in quoted fare,https://www.agrashivtourandtravels.com/taxi-services-in-tatarpur-gurgaon/
taxi-services-in-tauru-extension-counter-gurgaon,Local Hub / Base,Tauru Extension Counter Gurgaon,Local City Taxi (Gurgaon / NCR Localities),Local City Taxi,one_way_and_round_trip,Per actual route,Varies by traffic,"Rs. 2,500","Rs. 2,900","Rs. 4,200","Rs. 4,800",Hatchback: Rs. 9/km | Sedan: Rs. 10/km | SUV: Rs. 14/km | Innova: Rs. 16/km,"Hatchback: Rs. 5,000 | Sedan: Rs. 6,000 | SUV: Rs. 8,000 | Innova: Rs. 9,400",Included in fixed fare,Included in quoted fare,https://www.agrashivtourandtravels.com/taxi-services-in-tauru-extension-counter-gurgaon/
taxi-services-in-tauru-tauru-gurgaon,Local Hub / Base,Tauru Tauru Gurgaon,Local City Taxi (Gurgaon / NCR Localities),Local City Taxi,one_way_and_round_trip,Per actual route,Varies by traffic,"Rs. 2,500","Rs. 2,900","Rs. 4,200","Rs. 4,800",Hatchback: Rs. 9/km | Sedan: Rs. 10/km | SUV: Rs. 14/km | Innova: Rs. 16/km,"Hatchback: Rs. 5,000 | Sedan: Rs. 6,000 | SUV: Rs. 8,000 | Innova: Rs. 9,400",Included in fixed fare,Included in quoted fare,https://www.agrashivtourandtravels.com/taxi-services-in-tauru-tauru-gurgaon/
taxi-services-in-teekli-gurgaon,Local Hub / Base,Teekli Gurgaon,Local City Taxi (Gurgaon / NCR Localities),Local City Taxi,one_way_and_round_trip,Per actual route,Varies by traffic,"Rs. 2,500","Rs. 2,900","Rs. 4,200","Rs. 4,800",Hatchback: Rs. 9/km | Sedan: Rs. 10/km | SUV: Rs. 14/km | Innova: Rs. 16/km,"Hatchback: Rs. 5,000 | Sedan: Rs. 6,000 | SUV: Rs. 8,000 | Innova: Rs. 9,400",Included in fixed fare,Included in quoted fare,https://www.agrashivtourandtravels.com/taxi-services-in-teekli-gurgaon/
taxi-services-in-turkiawas-gurgaon,Local Hub / Base,Turkiawas Gurgaon,Local City Taxi (Gurgaon / NCR Localities),Local City Taxi,one_way_and_round_trip,Per actual route,Varies by traffic,"Rs. 2,500","Rs. 2,900","Rs. 4,200","Rs. 4,800",Hatchback: Rs. 9/km | Sedan: Rs. 10/km | SUV: Rs. 14/km | Innova: Rs. 16/km,"Hatchback: Rs. 5,000 | Sedan: Rs. 6,000 | SUV: Rs. 8,000 | Innova: Rs. 9,400",Included in fixed fare,Included in quoted fare,https://www.agrashivtourandtravels.com/taxi-services-in-turkiawas-gurgaon/
taxi-services-in-ujina-gurgaon,Local Hub / Base,Ujina Gurgaon,Local City Taxi (Gurgaon / NCR Localities),Local City Taxi,one_way_and_round_trip,Per actual route,Varies by traffic,"Rs. 2,500","Rs. 2,900","Rs. 4,200","Rs. 4,800",Hatchback: Rs. 9/km | Sedan: Rs. 10/km | SUV: Rs. 14/km | Innova: Rs. 16/km,"Hatchback: Rs. 5,000 | Sedan: Rs. 6,000 | SUV: Rs. 8,000 | Innova: Rs. 9,400",Included in fixed fare,Included in quoted fare,https://www.agrashivtourandtravels.com/taxi-services-in-ujina-gurgaon/
taxi-services-in-umra-gurgaon,Local Hub / Base,Umra Gurgaon,Local City Taxi (Gurgaon / NCR Localities),Local City Taxi,one_way_and_round_trip,Per actual route,Varies by traffic,"Rs. 2,500","Rs. 2,900","Rs. 4,200","Rs. 4,800",Hatchback: Rs. 9/km | Sedan: Rs. 10/km | SUV: Rs. 14/km | Innova: Rs. 16/km,"Hatchback: Rs. 5,000 | Sedan: Rs. 6,000 | SUV: Rs. 8,000 | Innova: Rs. 9,400",Included in fixed fare,Included in quoted fare,https://www.agrashivtourandtravels.com/taxi-services-in-umra-gurgaon/
taxi-services-in-unchamajra-gurgaon,Local Hub / Base,Unchamajra Gurgaon,Local City Taxi (Gurgaon / NCR Localities),Local City Taxi,one_way_and_round_trip,Per actual route,Varies by traffic,"Rs. 2,500","Rs. 2,900","Rs. 4,200","Rs. 4,800",Hatchback: Rs. 9/km | Sedan: Rs. 10/km | SUV: Rs. 14/km | Innova: Rs. 16/km,"Hatchback: Rs. 5,000 | Sedan: Rs. 6,000 | SUV: Rs. 8,000 | Innova: Rs. 9,400",Included in fixed fare,Included in quoted fare,https://www.agrashivtourandtravels.com/taxi-services-in-unchamajra-gurgaon/
taxi-services-in-urban-estate-gurgaon,Local Hub / Base,Urban Estate Gurgaon,Local City Taxi (Gurgaon / NCR Localities),Local City Taxi,one_way_and_round_trip,Per actual route,Varies by traffic,"Rs. 2,500","Rs. 2,900","Rs. 4,200","Rs. 4,800",Hatchback: Rs. 9/km | Sedan: Rs. 10/km | SUV: Rs. 14/km | Innova: Rs. 16/km,"Hatchback: Rs. 5,000 | Sedan: Rs. 6,000 | SUV: Rs. 8,000 | Innova: Rs. 9,400",Included in fixed fare,Included in quoted fare,https://www.agrashivtourandtravels.com/taxi-services-in-urban-estate-gurgaon/
taxi-services-in-wazipur-gurgaon,Local Hub / Base,Wazipur Gurgaon,Local City Taxi (Gurgaon / NCR Localities),Local City Taxi,one_way_and_round_trip,Per actual route,Varies by traffic,"Rs. 2,500","Rs. 2,900","Rs. 4,200","Rs. 4,800",Hatchback: Rs. 9/km | Sedan: Rs. 10/km | SUV: Rs. 14/km | Innova: Rs. 16/km,"Hatchback: Rs. 5,000 | Sedan: Rs. 6,000 | SUV: Rs. 8,000 | Innova: Rs. 9,400",Included in fixed fare,Included in quoted fare,https://www.agrashivtourandtravels.com/taxi-services-in-wazipur-gurgaon/
taxi-services-in-wazirabad-gurgaon,Local Hub / Base,Wazirabad Gurgaon,Local City Taxi (Gurgaon / NCR Localities),Local City Taxi,one_way_and_round_trip,Per actual route,Varies by traffic,"Rs. 2,500","Rs. 2,900","Rs. 4,200","Rs. 4,800",Hatchback: Rs. 9/km | Sedan: Rs. 10/km | SUV: Rs. 14/km | Innova: Rs. 16/km,"Hatchback: Rs. 5,000 | Sedan: Rs. 6,000 | SUV: Rs. 8,000 | Innova: Rs. 9,400",Included in fixed fare,Included in quoted fare,https://www.agrashivtourandtravels.com/taxi-services-in-wazirabad-gurgaon/
teekli-gurgaon-to-agra-taxi,Teekli Gurgaon,Agra,Delhi / Gurgaon (NCR) -> Agra,Outstation Taxi,one_way_and_round_trip,Per actual route,Varies by traffic,"Rs. 2,500","Rs. 2,900","Rs. 4,200","Rs. 4,800",Hatchback: Rs. 9/km | Sedan: Rs. 10/km | SUV: Rs. 14/km | Innova: Rs. 16/km,"Hatchback: Rs. 5,000 | Sedan: Rs. 6,000 | SUV: Rs. 8,000 | Innova: Rs. 9,400",Included in fixed fare,Included in quoted fare,https://www.agrashivtourandtravels.com/teekli-gurgaon-to-agra-taxi/
tehra-agra-to-lucknow-taxi-services,Tehra Agra,Lucknow,Agra (Localities) -> Lucknow,Outstation Taxi,day_package_120km,Per actual route,Varies by traffic,"Rs. 2,200 (120 KM)","Rs. 2,800 (120 KM)","Rs. 3,000 (120 KM)","Rs. 3,600 (120 KM)",Extra KM: Hatch/Sedan: Rs. 10/km | SUV: Rs. 14/km | Innova: Rs. 16/km,Standard Day Package (120 KM limit),Included for 1-day trip,Included in package,https://www.agrashivtourandtravels.com/tehra-agra-to-lucknow-taxi-services/
tehu-etmadpur-agra-to-lucknow-taxi-services,Tehu Etmadpur Agra,Lucknow,Agra (Localities) -> Lucknow,Outstation Taxi,day_package_120km,Per actual route,Varies by traffic,"Rs. 2,200 (120 KM)","Rs. 2,800 (120 KM)","Rs. 3,000 (120 KM)","Rs. 3,600 (120 KM)",Extra KM: Hatch/Sedan: Rs. 10/km | SUV: Rs. 14/km | Innova: Rs. 16/km,Standard Day Package (120 KM limit),Included for 1-day trip,Included in package,https://www.agrashivtourandtravels.com/tehu-etmadpur-agra-to-lucknow-taxi-services/
teliwara-delhi-to-agra-taxi,Teliwara Delhi,Agra,Delhi / Gurgaon (NCR) -> Agra,Outstation Taxi,one_way_and_round_trip,Per actual route,Varies by traffic,"Rs. 2,500","Rs. 2,900","Rs. 4,200","Rs. 4,800",Hatchback: Rs. 9/km | Sedan: Rs. 10/km | SUV: Rs. 14/km | Innova: Rs. 16/km,"Hatchback: Rs. 5,000 | Sedan: Rs. 6,000 | SUV: Rs. 8,000 | Innova: Rs. 9,400",Included in fixed fare,Included in quoted fare,https://www.agrashivtourandtravels.com/teliwara-delhi-to-agra-taxi/
tempo-traveller-in-chudiala-roorkee-haridwar,Local Hub / Base,Chudiala Roorkee Haridwar,Local Tempo Traveller (Haridwar / Agra),Local Tempo Traveller,tempo_traveller,Per actual route,Varies by traffic,N/A (Group Mini-Bus),N/A (Group Mini-Bus),From Rs. 17 / KM (7-Seater),From Rs. 25 / KM (12-Seater),7 Seater: Rs. 17/km up to 26 Seater: Rs. 34/km,Min 300 KM / Day billing rule,Rs. 500 / Day,"Tolls, Parking & State Tax Extra",https://www.agrashivtourandtravels.com/tempo-traveller-in-chudiala-roorkee-haridwar/
tempo-traveller-in-dabki-kalan-laksar-haridwar,Local Hub / Base,Dabki Kalan Laksar Haridwar,Local Tempo Traveller (Haridwar / Agra),Local Tempo Traveller,tempo_traveller,Per actual route,Varies by traffic,N/A (Group Mini-Bus),N/A (Group Mini-Bus),From Rs. 17 / KM (7-Seater),From Rs. 25 / KM (12-Seater),7 Seater: Rs. 17/km up to 26 Seater: Rs. 34/km,Min 300 KM / Day billing rule,Rs. 500 / Day,"Tolls, Parking & State Tax Extra",https://www.agrashivtourandtravels.com/tempo-traveller-in-dabki-kalan-laksar-haridwar/
tempo-traveller-in-dandera-khwaspur-roorkee-haridwar,Local Hub / Base,Dandera Khwaspur Roorkee Haridwar,Local Tempo Traveller (Haridwar / Agra),Local Tempo Traveller,tempo_traveller,Per actual route,Varies by traffic,N/A (Group Mini-Bus),N/A (Group Mini-Bus),From Rs. 17 / KM (7-Seater),From Rs. 25 / KM (12-Seater),7 Seater: Rs. 17/km up to 26 Seater: Rs. 34/km,Min 300 KM / Day billing rule,Rs. 500 / Day,"Tolls, Parking & State Tax Extra",https://www.agrashivtourandtravels.com/tempo-traveller-in-dandera-khwaspur-roorkee-haridwar/
tempo-traveller-in-dandhera-roorkee-haridwar,Local Hub / Base,Dandhera Roorkee Haridwar,Local Tempo Traveller (Haridwar / Agra),Local Tempo Traveller,tempo_traveller,Per actual route,Varies by traffic,N/A (Group Mini-Bus),N/A (Group Mini-Bus),From Rs. 17 / KM (7-Seater),From Rs. 25 / KM (12-Seater),7 Seater: Rs. 17/km up to 26 Seater: Rs. 34/km,Min 300 KM / Day billing rule,Rs. 500 / Day,"Tolls, Parking & State Tax Extra",https://www.agrashivtourandtravels.com/tempo-traveller-in-dandhera-roorkee-haridwar/
tempo-traveller-in-daulatpur-haridwar-haridwar,Local Hub / Base,Daulatpur Haridwar Haridwar,Local Tempo Traveller (Haridwar / Agra),Local Tempo Traveller,tempo_traveller,Per actual route,Varies by traffic,N/A (Group Mini-Bus),N/A (Group Mini-Bus),From Rs. 17 / KM (7-Seater),From Rs. 25 / KM (12-Seater),7 Seater: Rs. 17/km up to 26 Seater: Rs. 34/km,Min 300 KM / Day billing rule,Rs. 500 / Day,"Tolls, Parking & State Tax Extra",https://www.agrashivtourandtravels.com/tempo-traveller-in-daulatpur-haridwar-haridwar/
tempo-traveller-in-dhanauri-roorkee-haridwar,Local Hub / Base,Dhanauri Roorkee Haridwar,Local Tempo Traveller (Haridwar / Agra),Local Tempo Traveller,tempo_traveller,Per actual route,Varies by traffic,N/A (Group Mini-Bus),N/A (Group Mini-Bus),From Rs. 17 / KM (7-Seater),From Rs. 25 / KM (12-Seater),7 Seater: Rs. 17/km up to 26 Seater: Rs. 34/km,Min 300 KM / Day billing rule,Rs. 500 / Day,"Tolls, Parking & State Tax Extra",https://www.agrashivtourandtravels.com/tempo-traveller-in-dhanauri-roorkee-haridwar/
tempo-traveller-in-dhanpura-haridwar,Local Hub / Base,Dhanpura Haridwar,Local Tempo Traveller (Haridwar / Agra),Local Tempo Traveller,tempo_traveller,Per actual route,Varies by traffic,N/A (Group Mini-Bus),N/A (Group Mini-Bus),From Rs. 17 / KM (7-Seater),From Rs. 25 / KM (12-Seater),7 Seater: Rs. 17/km up to 26 Seater: Rs. 34/km,Min 300 KM / Day billing rule,Rs. 500 / Day,"Tolls, Parking & State Tax Extra",https://www.agrashivtourandtravels.com/tempo-traveller-in-dhanpura-haridwar/
tempo-traveller-in-gandhi-road-haridwar-haridwar,Local Hub / Base,Gandhi Road Haridwar Haridwar,Local Tempo Traveller (Haridwar / Agra),Local Tempo Traveller,tempo_traveller,Per actual route,Varies by traffic,N/A (Group Mini-Bus),N/A (Group Mini-Bus),From Rs. 17 / KM (7-Seater),From Rs. 25 / KM (12-Seater),7 Seater: Rs. 17/km up to 26 Seater: Rs. 34/km,Min 300 KM / Day billing rule,Rs. 500 / Day,"Tolls, Parking & State Tax Extra",https://www.agrashivtourandtravels.com/tempo-traveller-in-gandhi-road-haridwar-haridwar/
tempo-traveller-in-ganesh-vatika-roorkee-haridwar,Local Hub / Base,Ganesh Vatika Roorkee Haridwar,Local Tempo Traveller (Haridwar / Agra),Local Tempo Traveller,tempo_traveller,Per actual route,Varies by traffic,N/A (Group Mini-Bus),N/A (Group Mini-Bus),From Rs. 17 / KM (7-Seater),From Rs. 25 / KM (12-Seater),7 Seater: Rs. 17/km up to 26 Seater: Rs. 34/km,Min 300 KM / Day billing rule,Rs. 500 / Day,"Tolls, Parking & State Tax Extra",https://www.agrashivtourandtravels.com/tempo-traveller-in-ganesh-vatika-roorkee-haridwar/
tempo-traveller-in-ganeshpur-roorkee-haridwar,Local Hub / Base,Ganeshpur Roorkee Haridwar,Local Tempo Traveller (Haridwar / Agra),Local Tempo Traveller,tempo_traveller,Per actual route,Varies by traffic,N/A (Group Mini-Bus),N/A (Group Mini-Bus),From Rs. 17 / KM (7-Seater),From Rs. 25 / KM (12-Seater),7 Seater: Rs. 17/km up to 26 Seater: Rs. 34/km,Min 300 KM / Day billing rule,Rs. 500 / Day,"Tolls, Parking & State Tax Extra",https://www.agrashivtourandtravels.com/tempo-traveller-in-ganeshpur-roorkee-haridwar/
tempo-traveller-in-garhmirpur-haridwar,Local Hub / Base,Garhmirpur Haridwar,Local Tempo Traveller (Haridwar / Agra),Local Tempo Traveller,tempo_traveller,Per actual route,Varies by traffic,N/A (Group Mini-Bus),N/A (Group Mini-Bus),From Rs. 17 / KM (7-Seater),From Rs. 25 / KM (12-Seater),7 Seater: Rs. 17/km up to 26 Seater: Rs. 34/km,Min 300 KM / Day billing rule,Rs. 500 / Day,"Tolls, Parking & State Tax Extra",https://www.agrashivtourandtravels.com/tempo-traveller-in-garhmirpur-haridwar/
tempo-traveller-in-gurkul-narsan-roorkee-haridwar,Local Hub / Base,Gurkul Narsan Roorkee Haridwar,Local Tempo Traveller (Haridwar / Agra),Local Tempo Traveller,tempo_traveller,Per actual route,Varies by traffic,N/A (Group Mini-Bus),N/A (Group Mini-Bus),From Rs. 17 / KM (7-Seater),From Rs. 25 / KM (12-Seater),7 Seater: Rs. 17/km up to 26 Seater: Rs. 34/km,Min 300 KM / Day billing rule,Rs. 500 / Day,"Tolls, Parking & State Tax Extra",https://www.agrashivtourandtravels.com/tempo-traveller-in-gurkul-narsan-roorkee-haridwar/
tempo-traveller-in-gurukul-kangri-haridwar,Local Hub / Base,Gurukul Kangri Haridwar,Local Tempo Traveller (Haridwar / Agra),Local Tempo Traveller,tempo_traveller,Per actual route,Varies by traffic,N/A (Group Mini-Bus),N/A (Group Mini-Bus),From Rs. 17 / KM (7-Seater),From Rs. 25 / KM (12-Seater),7 Seater: Rs. 17/km up to 26 Seater: Rs. 34/km,Min 300 KM / Day billing rule,Rs. 500 / Day,"Tolls, Parking & State Tax Extra",https://www.agrashivtourandtravels.com/tempo-traveller-in-gurukul-kangri-haridwar/
tempo-traveller-in-gurukul-pharmecy-haridwar,Local Hub / Base,Gurukul Pharmecy Haridwar,Local Tempo Traveller (Haridwar / Agra),Local Tempo Traveller,tempo_traveller,Per actual route,Varies by traffic,N/A (Group Mini-Bus),N/A (Group Mini-Bus),From Rs. 17 / KM (7-Seater),From Rs. 25 / KM (12-Seater),7 Seater: Rs. 17/km up to 26 Seater: Rs. 34/km,Min 300 KM / Day billing rule,Rs. 500 / Day,"Tolls, Parking & State Tax Extra",https://www.agrashivtourandtravels.com/tempo-traveller-in-gurukul-pharmecy-haridwar/
tempo-traveller-in-hallumajra-roorkee-haridwar,Local Hub / Base,Hallumajra Roorkee Haridwar,Local Tempo Traveller (Haridwar / Agra),Local Tempo Traveller,tempo_traveller,Per actual route,Varies by traffic,N/A (Group Mini-Bus),N/A (Group Mini-Bus),From Rs. 17 / KM (7-Seater),From Rs. 25 / KM (12-Seater),7 Seater: Rs. 17/km up to 26 Seater: Rs. 34/km,Min 300 KM / Day billing rule,Rs. 500 / Day,"Tolls, Parking & State Tax Extra",https://www.agrashivtourandtravels.com/tempo-traveller-in-hallumajra-roorkee-haridwar/
tempo-traveller-in-harchadpur-nizampur-roorkee-haridwar,Local Hub / Base,Harchadpur Nizampur Roorkee Haridwar,Local Tempo Traveller (Haridwar / Agra),Local Tempo Traveller,tempo_traveller,Per actual route,Varies by traffic,N/A (Group Mini-Bus),N/A (Group Mini-Bus),From Rs. 17 / KM (7-Seater),From Rs. 25 / KM (12-Seater),7 Seater: Rs. 17/km up to 26 Seater: Rs. 34/km,Min 300 KM / Day billing rule,Rs. 500 / Day,"Tolls, Parking & State Tax Extra",https://www.agrashivtourandtravels.com/tempo-traveller-in-harchadpur-nizampur-roorkee-haridwar/
tempo-traveller-in-haridwar-haridwar-haridwar,Local Hub / Base,Haridwar Haridwar Haridwar,Local Tempo Traveller (Haridwar / Agra),Local Tempo Traveller,tempo_traveller,Per actual route,Varies by traffic,N/A (Group Mini-Bus),N/A (Group Mini-Bus),From Rs. 17 / KM (7-Seater),From Rs. 25 / KM (12-Seater),7 Seater: Rs. 17/km up to 26 Seater: Rs. 34/km,Min 300 KM / Day billing rule,Rs. 500 / Day,"Tolls, Parking & State Tax Extra",https://www.agrashivtourandtravels.com/tempo-traveller-in-haridwar-haridwar-haridwar/
tempo-traveller-in-harjoli-jatt-roorkee-haridwar,Local Hub / Base,Harjoli Jatt Roorkee Haridwar,Local Tempo Traveller (Haridwar / Agra),Local Tempo Traveller,tempo_traveller,Per actual route,Varies by traffic,N/A (Group Mini-Bus),N/A (Group Mini-Bus),From Rs. 17 / KM (7-Seater),From Rs. 25 / KM (12-Seater),7 Seater: Rs. 17/km up to 26 Seater: Rs. 34/km,Min 300 KM / Day billing rule,Rs. 500 / Day,"Tolls, Parking & State Tax Extra",https://www.agrashivtourandtravels.com/tempo-traveller-in-harjoli-jatt-roorkee-haridwar/
tempo-traveller-in-ibrahimpur-haridwar,Local Hub / Base,Ibrahimpur Haridwar,Local Tempo Traveller (Haridwar / Agra),Local Tempo Traveller,tempo_traveller,Per actual route,Varies by traffic,N/A (Group Mini-Bus),N/A (Group Mini-Bus),From Rs. 17 / KM (7-Seater),From Rs. 25 / KM (12-Seater),7 Seater: Rs. 17/km up to 26 Seater: Rs. 34/km,Min 300 KM / Day billing rule,Rs. 500 / Day,"Tolls, Parking & State Tax Extra",https://www.agrashivtourandtravels.com/tempo-traveller-in-ibrahimpur-haridwar/
tempo-traveller-in-ibrahimpur-mashi-roorkee-haridwar,Local Hub / Base,Ibrahimpur Mashi Roorkee Haridwar,Local Tempo Traveller (Haridwar / Agra),Local Tempo Traveller,tempo_traveller,Per actual route,Varies by traffic,N/A (Group Mini-Bus),N/A (Group Mini-Bus),From Rs. 17 / KM (7-Seater),From Rs. 25 / KM (12-Seater),7 Seater: Rs. 17/km up to 26 Seater: Rs. 34/km,Min 300 KM / Day billing rule,Rs. 500 / Day,"Tolls, Parking & State Tax Extra",https://www.agrashivtourandtravels.com/tempo-traveller-in-ibrahimpur-mashi-roorkee-haridwar/
tempo-traveller-in-iit-roorkee-roorkee-haridwar,Local Hub / Base,Iit Roorkee Roorkee Haridwar,Local Tempo Traveller (Haridwar / Agra),Local Tempo Traveller,tempo_traveller,Per actual route,Varies by traffic,N/A (Group Mini-Bus),N/A (Group Mini-Bus),From Rs. 17 / KM (7-Seater),From Rs. 25 / KM (12-Seater),7 Seater: Rs. 17/km up to 26 Seater: Rs. 34/km,Min 300 KM / Day billing rule,Rs. 500 / Day,"Tolls, Parking & State Tax Extra",https://www.agrashivtourandtravels.com/tempo-traveller-in-iit-roorkee-roorkee-haridwar/
tempo-traveller-in-imalikhera-roorkee-haridwar,Local Hub / Base,Imalikhera Roorkee Haridwar,Local Tempo Traveller (Haridwar / Agra),Local Tempo Traveller,tempo_traveller,Per actual route,Varies by traffic,N/A (Group Mini-Bus),N/A (Group Mini-Bus),From Rs. 17 / KM (7-Seater),From Rs. 25 / KM (12-Seater),7 Seater: Rs. 17/km up to 26 Seater: Rs. 34/km,Min 300 KM / Day billing rule,Rs. 500 / Day,"Tolls, Parking & State Tax Extra",https://www.agrashivtourandtravels.com/tempo-traveller-in-imalikhera-roorkee-haridwar/
tempo-traveller-in-iqbalpur-roorkee-haridwar,Local Hub / Base,Iqbalpur Roorkee Haridwar,Local Tempo Traveller (Haridwar / Agra),Local Tempo Traveller,tempo_traveller,Per actual route,Varies by traffic,N/A (Group Mini-Bus),N/A (Group Mini-Bus),From Rs. 17 / KM (7-Seater),From Rs. 25 / KM (12-Seater),7 Seater: Rs. 17/km up to 26 Seater: Rs. 34/km,Min 300 KM / Day billing rule,Rs. 500 / Day,"Tolls, Parking & State Tax Extra",https://www.agrashivtourandtravels.com/tempo-traveller-in-iqbalpur-roorkee-haridwar/
tempo-traveller-in-jhabrera-roorkee-haridwar,Local Hub / Base,Jhabrera Roorkee Haridwar,Local Tempo Traveller (Haridwar / Agra),Local Tempo Traveller,tempo_traveller,Per actual route,Varies by traffic,N/A (Group Mini-Bus),N/A (Group Mini-Bus),From Rs. 17 / KM (7-Seater),From Rs. 25 / KM (12-Seater),7 Seater: Rs. 17/km up to 26 Seater: Rs. 34/km,Min 300 KM / Day billing rule,Rs. 500 / Day,"Tolls, Parking & State Tax Extra",https://www.agrashivtourandtravels.com/tempo-traveller-in-jhabrera-roorkee-haridwar/
tempo-traveller-in-jwalapur-haridwar,Local Hub / Base,Jwalapur Haridwar,Local Tempo Traveller (Haridwar / Agra),Local Tempo Traveller,tempo_traveller,Per actual route,Varies by traffic,N/A (Group Mini-Bus),N/A (Group Mini-Bus),From Rs. 17 / KM (7-Seater),From Rs. 25 / KM (12-Seater),7 Seater: Rs. 17/km up to 26 Seater: Rs. 34/km,Min 300 KM / Day billing rule,Rs. 500 / Day,"Tolls, Parking & State Tax Extra",https://www.agrashivtourandtravels.com/tempo-traveller-in-jwalapur-haridwar/
tempo-traveller-in-jwalapur-town-haridwar,Local Hub / Base,Jwalapur Town Haridwar,Local Tempo Traveller (Haridwar / Agra),Local Tempo Traveller,tempo_traveller,Per actual route,Varies by traffic,N/A (Group Mini-Bus),N/A (Group Mini-Bus),From Rs. 17 / KM (7-Seater),From Rs. 25 / KM (12-Seater),7 Seater: Rs. 17/km up to 26 Seater: Rs. 34/km,Min 300 KM / Day billing rule,Rs. 500 / Day,"Tolls, Parking & State Tax Extra",https://www.agrashivtourandtravels.com/tempo-traveller-in-jwalapur-town-haridwar/
tempo-traveller-in-kankhal-haridwar,Local Hub / Base,Kankhal Haridwar,Local Tempo Traveller (Haridwar / Agra),Local Tempo Traveller,tempo_traveller,Per actual route,Varies by traffic,N/A (Group Mini-Bus),N/A (Group Mini-Bus),From Rs. 17 / KM (7-Seater),From Rs. 25 / KM (12-Seater),7 Seater: Rs. 17/km up to 26 Seater: Rs. 34/km,Min 300 KM / Day billing rule,Rs. 500 / Day,"Tolls, Parking & State Tax Extra",https://www.agrashivtourandtravels.com/tempo-traveller-in-kankhal-haridwar/
tempo-traveller-in-khanpur-laksar-haridwar,Local Hub / Base,Khanpur Laksar Haridwar,Local Tempo Traveller (Haridwar / Agra),Local Tempo Traveller,tempo_traveller,Per actual route,Varies by traffic,N/A (Group Mini-Bus),N/A (Group Mini-Bus),From Rs. 17 / KM (7-Seater),From Rs. 25 / KM (12-Seater),7 Seater: Rs. 17/km up to 26 Seater: Rs. 34/km,Min 300 KM / Day billing rule,Rs. 500 / Day,"Tolls, Parking & State Tax Extra",https://www.agrashivtourandtravels.com/tempo-traveller-in-khanpur-laksar-haridwar/
tempo-traveller-in-khera-jatt-roorkee-haridwar,Local Hub / Base,Khera Jatt Roorkee Haridwar,Local Tempo Traveller (Haridwar / Agra),Local Tempo Traveller,tempo_traveller,Per actual route,Varies by traffic,N/A (Group Mini-Bus),N/A (Group Mini-Bus),From Rs. 17 / KM (7-Seater),From Rs. 25 / KM (12-Seater),7 Seater: Rs. 17/km up to 26 Seater: Rs. 34/km,Min 300 KM / Day billing rule,Rs. 500 / Day,"Tolls, Parking & State Tax Extra",https://www.agrashivtourandtravels.com/tempo-traveller-in-khera-jatt-roorkee-haridwar/
tempo-traveller-in-kheri-mubarakpur-laksar-haridwar,Local Hub / Base,Kheri Mubarakpur Laksar Haridwar,Local Tempo Traveller (Haridwar / Agra),Local Tempo Traveller,tempo_traveller,Per actual route,Varies by traffic,N/A (Group Mini-Bus),N/A (Group Mini-Bus),From Rs. 17 / KM (7-Seater),From Rs. 25 / KM (12-Seater),7 Seater: Rs. 17/km up to 26 Seater: Rs. 34/km,Min 300 KM / Day billing rule,Rs. 500 / Day,"Tolls, Parking & State Tax Extra",https://www.agrashivtourandtravels.com/tempo-traveller-in-kheri-mubarakpur-laksar-haridwar/
tempo-traveller-in-khubbanpur-roorkee-haridwar,Local Hub / Base,Khubbanpur Roorkee Haridwar,Local Tempo Traveller (Haridwar / Agra),Local Tempo Traveller,tempo_traveller,Per actual route,Varies by traffic,N/A (Group Mini-Bus),N/A (Group Mini-Bus),From Rs. 17 / KM (7-Seater),From Rs. 25 / KM (12-Seater),7 Seater: Rs. 17/km up to 26 Seater: Rs. 34/km,Min 300 KM / Day billing rule,Rs. 500 / Day,"Tolls, Parking & State Tax Extra",https://www.agrashivtourandtravels.com/tempo-traveller-in-khubbanpur-roorkee-haridwar/
tempo-traveller-services-in-foundry-nagar-agra,Local Hub / Base,Foundry Nagar Agra,Local Tempo Traveller (Haridwar / Agra),Local Tempo Traveller,tempo_traveller,Per actual route,Varies by traffic,N/A (Group Mini-Bus),N/A (Group Mini-Bus),From Rs. 17 / KM (7-Seater),From Rs. 25 / KM (12-Seater),7 Seater: Rs. 17/km up to 26 Seater: Rs. 34/km,Min 300 KM / Day billing rule,Rs. 500 / Day,"Tolls, Parking & State Tax Extra",https://www.agrashivtourandtravels.com/tempo-traveller-services-in-foundry-nagar-agra/
tempo-traveller-services-in-g-l-emporiaumi-agra,Local Hub / Base,G L Emporiaumi Agra,Local Tempo Traveller (Haridwar / Agra),Local Tempo Traveller,tempo_traveller,Per actual route,Varies by traffic,N/A (Group Mini-Bus),N/A (Group Mini-Bus),From Rs. 17 / KM (7-Seater),From Rs. 25 / KM (12-Seater),7 Seater: Rs. 17/km up to 26 Seater: Rs. 34/km,Min 300 KM / Day billing rule,Rs. 500 / Day,"Tolls, Parking & State Tax Extra",https://www.agrashivtourandtravels.com/tempo-traveller-services-in-g-l-emporiaumi-agra/
tempo-traveller-services-in-gajaura-agra,Local Hub / Base,Gajaura Agra,Local Tempo Traveller (Haridwar / Agra),Local Tempo Traveller,tempo_traveller,Per actual route,Varies by traffic,N/A (Group Mini-Bus),N/A (Group Mini-Bus),From Rs. 17 / KM (7-Seater),From Rs. 25 / KM (12-Seater),7 Seater: Rs. 17/km up to 26 Seater: Rs. 34/km,Min 300 KM / Day billing rule,Rs. 500 / Day,"Tolls, Parking & State Tax Extra",https://www.agrashivtourandtravels.com/tempo-traveller-services-in-gajaura-agra/
tempo-traveller-services-in-gandhi-nagar-agra,Local Hub / Base,Gandhi Nagar Agra,Local Tempo Traveller (Haridwar / Agra),Local Tempo Traveller,tempo_traveller,Per actual route,Varies by traffic,N/A (Group Mini-Bus),N/A (Group Mini-Bus),From Rs. 17 / KM (7-Seater),From Rs. 25 / KM (12-Seater),7 Seater: Rs. 17/km up to 26 Seater: Rs. 34/km,Min 300 KM / Day billing rule,Rs. 500 / Day,"Tolls, Parking & State Tax Extra",https://www.agrashivtourandtravels.com/tempo-traveller-services-in-gandhi-nagar-agra/
tempo-traveller-services-in-garh-mukha-agra,Local Hub / Base,Garh Mukha Agra,Local Tempo Traveller (Haridwar / Agra),Local Tempo Traveller,tempo_traveller,Per actual route,Varies by traffic,N/A (Group Mini-Bus),N/A (Group Mini-Bus),From Rs. 17 / KM (7-Seater),From Rs. 25 / KM (12-Seater),7 Seater: Rs. 17/km up to 26 Seater: Rs. 34/km,Min 300 KM / Day billing rule,Rs. 500 / Day,"Tolls, Parking & State Tax Extra",https://www.agrashivtourandtravels.com/tempo-traveller-services-in-garh-mukha-agra/
tempo-traveller-services-in-garhi-lal-kalan-agra,Local Hub / Base,Garhi Lal Kalan Agra,Local Tempo Traveller (Haridwar / Agra),Local Tempo Traveller,tempo_traveller,Per actual route,Varies by traffic,N/A (Group Mini-Bus),N/A (Group Mini-Bus),From Rs. 17 / KM (7-Seater),From Rs. 25 / KM (12-Seater),7 Seater: Rs. 17/km up to 26 Seater: Rs. 34/km,Min 300 KM / Day billing rule,Rs. 500 / Day,"Tolls, Parking & State Tax Extra",https://www.agrashivtourandtravels.com/tempo-traveller-services-in-garhi-lal-kalan-agra/
tempo-traveller-services-in-gg-industries-agra,Local Hub / Base,Gg Industries Agra,Local Tempo Traveller (Haridwar / Agra),Local Tempo Traveller,tempo_traveller,Per actual route,Varies by traffic,N/A (Group Mini-Bus),N/A (Group Mini-Bus),From Rs. 17 / KM (7-Seater),From Rs. 25 / KM (12-Seater),7 Seater: Rs. 17/km up to 26 Seater: Rs. 34/km,Min 300 KM / Day billing rule,Rs. 500 / Day,"Tolls, Parking & State Tax Extra",https://www.agrashivtourandtravels.com/tempo-traveller-services-in-gg-industries-agra/
tempo-traveller-services-in-gm-khan-agra,Local Hub / Base,Gm Khan Agra,Local Tempo Traveller (Haridwar / Agra),Local Tempo Traveller,tempo_traveller,Per actual route,Varies by traffic,N/A (Group Mini-Bus),N/A (Group Mini-Bus),From Rs. 17 / KM (7-Seater),From Rs. 25 / KM (12-Seater),7 Seater: Rs. 17/km up to 26 Seater: Rs. 34/km,Min 300 KM / Day billing rule,Rs. 500 / Day,"Tolls, Parking & State Tax Extra",https://www.agrashivtourandtravels.com/tempo-traveller-services-in-gm-khan-agra/
testimonials-2,General,General,Other Regional Routes & Informational Hubs,Special Service / Information Page,custom_or_hourly,Per actual route,Varies by traffic,N/A,N/A,N/A,N/A,N/A,N/A,N/A,N/A,https://www.agrashivtourandtravels.com/testimonials-2/
testimonials,General,General,Other Regional Routes & Informational Hubs,Special Service / Information Page,custom_or_hourly,Per actual route,Varies by traffic,N/A,N/A,N/A,N/A,N/A,N/A,N/A,N/A,https://www.agrashivtourandtravels.com/testimonials/
than-singh-nagar-delhi-to-agra-taxi,Than Singh Nagar Delhi,Agra,Delhi / Gurgaon (NCR) -> Agra,Outstation Taxi,one_way_and_round_trip,Per actual route,Varies by traffic,"Rs. 2,500","Rs. 2,900","Rs. 4,200","Rs. 4,800",Hatchback: Rs. 9/km | Sedan: Rs. 10/km | SUV: Rs. 14/km | Innova: Rs. 16/km,"Hatchback: Rs. 5,000 | Sedan: Rs. 6,000 | SUV: Rs. 8,000 | Innova: Rs. 9,400",Included in fixed fare,Included in quoted fare,https://www.agrashivtourandtravels.com/than-singh-nagar-delhi-to-agra-taxi/
thana-shankar-dwari-fatehabad-agra-to-lucknow-taxi-services,Thana Shankar Dwari Fatehabad Agra,Lucknow,Agra (Localities) -> Lucknow,Outstation Taxi,day_package_120km,Per actual route,Varies by traffic,"Rs. 2,200 (120 KM)","Rs. 2,800 (120 KM)","Rs. 3,000 (120 KM)","Rs. 3,600 (120 KM)",Extra KM: Hatch/Sedan: Rs. 10/km | SUV: Rs. 14/km | Innova: Rs. 16/km,Standard Day Package (120 KM limit),Included for 1-day trip,Included in package,https://www.agrashivtourandtravels.com/thana-shankar-dwari-fatehabad-agra-to-lucknow-taxi-services/
therai-fatehabad-agra-to-lucknow-taxi-services,Therai Fatehabad Agra,Lucknow,Agra (Localities) -> Lucknow,Outstation Taxi,day_package_120km,Per actual route,Varies by traffic,"Rs. 2,200 (120 KM)","Rs. 2,800 (120 KM)","Rs. 3,000 (120 KM)","Rs. 3,600 (120 KM)",Extra KM: Hatch/Sedan: Rs. 10/km | SUV: Rs. 14/km | Innova: Rs. 16/km,Standard Day Package (120 KM limit),Included for 1-day trip,Included in package,https://www.agrashivtourandtravels.com/therai-fatehabad-agra-to-lucknow-taxi-services/
tihar-delhi-to-agra-taxi,Tihar Delhi,Agra,Delhi / Gurgaon (NCR) -> Agra,Outstation Taxi,one_way_and_round_trip,Per actual route,Varies by traffic,"Rs. 2,500","Rs. 2,900","Rs. 4,200","Rs. 4,800",Hatchback: Rs. 9/km | Sedan: Rs. 10/km | SUV: Rs. 14/km | Innova: Rs. 16/km,"Hatchback: Rs. 5,000 | Sedan: Rs. 6,000 | SUV: Rs. 8,000 | Innova: Rs. 9,400",Included in fixed fare,Included in quoted fare,https://www.agrashivtourandtravels.com/tihar-delhi-to-agra-taxi/
tilak-nagar-delhi-to-agra-taxi,Tilak Nagar Delhi,Agra,Delhi / Gurgaon (NCR) -> Agra,Outstation Taxi,one_way_and_round_trip,Per actual route,Varies by traffic,"Rs. 2,500","Rs. 2,900","Rs. 4,200","Rs. 4,800",Hatchback: Rs. 9/km | Sedan: Rs. 10/km | SUV: Rs. 14/km | Innova: Rs. 16/km,"Hatchback: Rs. 5,000 | Sedan: Rs. 6,000 | SUV: Rs. 8,000 | Innova: Rs. 9,400",Included in fixed fare,Included in quoted fare,https://www.agrashivtourandtravels.com/tilak-nagar-delhi-to-agra-taxi/
tilak-nagar-east-delhi-to-agra-taxi,Tilak Nagar East Delhi,Agra,Delhi / Gurgaon (NCR) -> Agra,Outstation Taxi,one_way_and_round_trip,Per actual route,Varies by traffic,"Rs. 2,500","Rs. 2,900","Rs. 4,200","Rs. 4,800",Hatchback: Rs. 9/km | Sedan: Rs. 10/km | SUV: Rs. 14/km | Innova: Rs. 16/km,"Hatchback: Rs. 5,000 | Sedan: Rs. 6,000 | SUV: Rs. 8,000 | Innova: Rs. 9,400",Included in fixed fare,Included in quoted fare,https://www.agrashivtourandtravels.com/tilak-nagar-east-delhi-to-agra-taxi/
timarpur-delhi-to-agra-taxi,Timarpur Delhi,Agra,Delhi / Gurgaon (NCR) -> Agra,Outstation Taxi,one_way_and_round_trip,Per actual route,Varies by traffic,"Rs. 2,500","Rs. 2,900","Rs. 4,200","Rs. 4,800",Hatchback: Rs. 9/km | Sedan: Rs. 10/km | SUV: Rs. 14/km | Innova: Rs. 16/km,"Hatchback: Rs. 5,000 | Sedan: Rs. 6,000 | SUV: Rs. 8,000 | Innova: Rs. 9,400",Included in fixed fare,Included in quoted fare,https://www.agrashivtourandtravels.com/timarpur-delhi-to-agra-taxi/
tiwaha-fatehabad-agra-to-lucknow-taxi-services,Tiwaha Fatehabad Agra,Lucknow,Agra (Localities) -> Lucknow,Outstation Taxi,day_package_120km,Per actual route,Varies by traffic,"Rs. 2,200 (120 KM)","Rs. 2,800 (120 KM)","Rs. 3,000 (120 KM)","Rs. 3,600 (120 KM)",Extra KM: Hatch/Sedan: Rs. 10/km | SUV: Rs. 14/km | Innova: Rs. 16/km,Standard Day Package (120 KM limit),Included for 1-day trip,Included in package,https://www.agrashivtourandtravels.com/tiwaha-fatehabad-agra-to-lucknow-taxi-services/
tnatpur-kheragarh-agra-to-lucknow-taxi-services,Tnatpur Kheragarh Agra,Lucknow,Agra (Localities) -> Lucknow,Outstation Taxi,day_package_120km,Per actual route,Varies by traffic,"Rs. 2,200 (120 KM)","Rs. 2,800 (120 KM)","Rs. 3,000 (120 KM)","Rs. 3,600 (120 KM)",Extra KM: Hatch/Sedan: Rs. 10/km | SUV: Rs. 14/km | Innova: Rs. 16/km,Standard Day Package (120 KM limit),Included for 1-day trip,Included in package,https://www.agrashivtourandtravels.com/tnatpur-kheragarh-agra-to-lucknow-taxi-services/
tomb-of-akbar-hire-outstation-taxi-in-agra-now,General,General,Other Regional Routes & Informational Hubs,Special Service / Information Page,custom_or_hourly,Per actual route,Varies by traffic,N/A,N/A,N/A,N/A,N/A,N/A,N/A,N/A,https://www.agrashivtourandtravels.com/tomb-of-akbar-hire-outstation-taxi-in-agra-now/
trilokpuri-delhi-to-agra-taxi,Trilokpuri Delhi,Agra,Delhi / Gurgaon (NCR) -> Agra,Outstation Taxi,one_way_and_round_trip,Per actual route,Varies by traffic,"Rs. 2,500","Rs. 2,900","Rs. 4,200","Rs. 4,800",Hatchback: Rs. 9/km | Sedan: Rs. 10/km | SUV: Rs. 14/km | Innova: Rs. 16/km,"Hatchback: Rs. 5,000 | Sedan: Rs. 6,000 | SUV: Rs. 8,000 | Innova: Rs. 9,400",Included in fixed fare,Included in quoted fare,https://www.agrashivtourandtravels.com/trilokpuri-delhi-to-agra-taxi/
tughlakabad-a-f-station-delhi-to-agra-taxi,Tughlakabad A F Station Delhi,Agra,Delhi / Gurgaon (NCR) -> Agra,Outstation Taxi,one_way_and_round_trip,Per actual route,Varies by traffic,"Rs. 2,500","Rs. 2,900","Rs. 4,200","Rs. 4,800",Hatchback: Rs. 9/km | Sedan: Rs. 10/km | SUV: Rs. 14/km | Innova: Rs. 16/km,"Hatchback: Rs. 5,000 | Sedan: Rs. 6,000 | SUV: Rs. 8,000 | Innova: Rs. 9,400",Included in fixed fare,Included in quoted fare,https://www.agrashivtourandtravels.com/tughlakabad-a-f-station-delhi-to-agra-taxi/
tughlakabad-delhi-to-agra-taxi,Tughlakabad Delhi,Agra,Delhi / Gurgaon (NCR) -> Agra,Outstation Taxi,one_way_and_round_trip,Per actual route,Varies by traffic,"Rs. 2,500","Rs. 2,900","Rs. 4,200","Rs. 4,800",Hatchback: Rs. 9/km | Sedan: Rs. 10/km | SUV: Rs. 14/km | Innova: Rs. 16/km,"Hatchback: Rs. 5,000 | Sedan: Rs. 6,000 | SUV: Rs. 8,000 | Innova: Rs. 9,400",Included in fixed fare,Included in quoted fare,https://www.agrashivtourandtravels.com/tughlakabad-delhi-to-agra-taxi/
turkia-kiraoli-agra-to-lucknow-taxi-services,Turkia Kiraoli Agra,Lucknow,Agra (Localities) -> Lucknow,Outstation Taxi,day_package_120km,Per actual route,Varies by traffic,"Rs. 2,200 (120 KM)","Rs. 2,800 (120 KM)","Rs. 3,000 (120 KM)","Rs. 3,600 (120 KM)",Extra KM: Hatch/Sedan: Rs. 10/km | SUV: Rs. 14/km | Innova: Rs. 16/km,Standard Day Package (120 KM limit),Included for 1-day trip,Included in package,https://www.agrashivtourandtravels.com/turkia-kiraoli-agra-to-lucknow-taxi-services/
turkiawas-gurgaon-to-agra-taxi,Turkiawas Gurgaon,Agra,Delhi / Gurgaon (NCR) -> Agra,Outstation Taxi,one_way_and_round_trip,Per actual route,Varies by traffic,"Rs. 2,500","Rs. 2,900","Rs. 4,200","Rs. 4,800",Hatchback: Rs. 9/km | Sedan: Rs. 10/km | SUV: Rs. 14/km | Innova: Rs. 16/km,"Hatchback: Rs. 5,000 | Sedan: Rs. 6,000 | SUV: Rs. 8,000 | Innova: Rs. 9,400",Included in fixed fare,Included in quoted fare,https://www.agrashivtourandtravels.com/turkiawas-gurgaon-to-agra-taxi/
typography,General,General,Other Regional Routes & Informational Hubs,Special Service / Information Page,custom_or_hourly,Per actual route,Varies by traffic,N/A,N/A,N/A,N/A,N/A,N/A,N/A,N/A,https://www.agrashivtourandtravels.com/typography/
u-p-s-c-delhi-to-agra-taxi,U P S C Delhi,Agra,Delhi / Gurgaon (NCR) -> Agra,Outstation Taxi,one_way_and_round_trip,Per actual route,Varies by traffic,"Rs. 2,500","Rs. 2,900","Rs. 4,200","Rs. 4,800",Hatchback: Rs. 9/km | Sedan: Rs. 10/km | SUV: Rs. 14/km | Innova: Rs. 16/km,"Hatchback: Rs. 5,000 | Sedan: Rs. 6,000 | SUV: Rs. 8,000 | Innova: Rs. 9,400",Included in fixed fare,Included in quoted fare,https://www.agrashivtourandtravels.com/u-p-s-c-delhi-to-agra-taxi/
udyog-bhawan-delhi-to-agra-taxi,Udyog Bhawan Delhi,Agra,Delhi / Gurgaon (NCR) -> Agra,Outstation Taxi,one_way_and_round_trip,Per actual route,Varies by traffic,"Rs. 2,500","Rs. 2,900","Rs. 4,200","Rs. 4,800",Hatchback: Rs. 9/km | Sedan: Rs. 10/km | SUV: Rs. 14/km | Innova: Rs. 16/km,"Hatchback: Rs. 5,000 | Sedan: Rs. 6,000 | SUV: Rs. 8,000 | Innova: Rs. 9,400",Included in fixed fare,Included in quoted fare,https://www.agrashivtourandtravels.com/udyog-bhawan-delhi-to-agra-taxi/
ujarai-kiraoli-agra-to-lucknow-taxi-services,Ujarai Kiraoli Agra,Lucknow,Agra (Localities) -> Lucknow,Outstation Taxi,day_package_120km,Per actual route,Varies by traffic,"Rs. 2,200 (120 KM)","Rs. 2,800 (120 KM)","Rs. 3,000 (120 KM)","Rs. 3,600 (120 KM)",Extra KM: Hatch/Sedan: Rs. 10/km | SUV: Rs. 14/km | Innova: Rs. 16/km,Standard Day Package (120 KM limit),Included for 1-day trip,Included in package,https://www.agrashivtourandtravels.com/ujarai-kiraoli-agra-to-lucknow-taxi-services/
ujina-gurgaon-to-agra-taxi,Ujina Gurgaon,Agra,Delhi / Gurgaon (NCR) -> Agra,Outstation Taxi,one_way_and_round_trip,Per actual route,Varies by traffic,"Rs. 2,500","Rs. 2,900","Rs. 4,200","Rs. 4,800",Hatchback: Rs. 9/km | Sedan: Rs. 10/km | SUV: Rs. 14/km | Innova: Rs. 16/km,"Hatchback: Rs. 5,000 | Sedan: Rs. 6,000 | SUV: Rs. 8,000 | Innova: Rs. 9,400",Included in fixed fare,Included in quoted fare,https://www.agrashivtourandtravels.com/ujina-gurgaon-to-agra-taxi/
ujwa-delhi-to-agra-taxi,Ujwa Delhi,Agra,Delhi / Gurgaon (NCR) -> Agra,Outstation Taxi,one_way_and_round_trip,Per actual route,Varies by traffic,"Rs. 2,500","Rs. 2,900","Rs. 4,200","Rs. 4,800",Hatchback: Rs. 9/km | Sedan: Rs. 10/km | SUV: Rs. 14/km | Innova: Rs. 16/km,"Hatchback: Rs. 5,000 | Sedan: Rs. 6,000 | SUV: Rs. 8,000 | Innova: Rs. 9,400",Included in fixed fare,Included in quoted fare,https://www.agrashivtourandtravels.com/ujwa-delhi-to-agra-taxi/
umra-gurgaon-to-agra-taxi,Umra Gurgaon,Agra,Delhi / Gurgaon (NCR) -> Agra,Outstation Taxi,one_way_and_round_trip,Per actual route,Varies by traffic,"Rs. 2,500","Rs. 2,900","Rs. 4,200","Rs. 4,800",Hatchback: Rs. 9/km | Sedan: Rs. 10/km | SUV: Rs. 14/km | Innova: Rs. 16/km,"Hatchback: Rs. 5,000 | Sedan: Rs. 6,000 | SUV: Rs. 8,000 | Innova: Rs. 9,400",Included in fixed fare,Included in quoted fare,https://www.agrashivtourandtravels.com/umra-gurgaon-to-agra-taxi/
umretha-bah-agra-to-lucknow-taxi-services,Umretha Bah Agra,Lucknow,Agra (Localities) -> Lucknow,Outstation Taxi,day_package_120km,Per actual route,Varies by traffic,"Rs. 2,200 (120 KM)","Rs. 2,800 (120 KM)","Rs. 3,000 (120 KM)","Rs. 3,600 (120 KM)",Extra KM: Hatch/Sedan: Rs. 10/km | SUV: Rs. 14/km | Innova: Rs. 16/km,Standard Day Package (120 KM limit),Included for 1-day trip,Included in package,https://www.agrashivtourandtravels.com/umretha-bah-agra-to-lucknow-taxi-services/
uncha-etmadpur-agra-to-lucknow-taxi-services,Uncha Etmadpur Agra,Lucknow,Agra (Localities) -> Lucknow,Outstation Taxi,day_package_120km,Per actual route,Varies by traffic,"Rs. 2,200 (120 KM)","Rs. 2,800 (120 KM)","Rs. 3,000 (120 KM)","Rs. 3,600 (120 KM)",Extra KM: Hatch/Sedan: Rs. 10/km | SUV: Rs. 14/km | Innova: Rs. 16/km,Standard Day Package (120 KM limit),Included for 1-day trip,Included in package,https://www.agrashivtourandtravels.com/uncha-etmadpur-agra-to-lucknow-taxi-services/
unchamajra-gurgaon-to-agra-taxi,Unchamajra Gurgaon,Agra,Delhi / Gurgaon (NCR) -> Agra,Outstation Taxi,one_way_and_round_trip,Per actual route,Varies by traffic,"Rs. 2,500","Rs. 2,900","Rs. 4,200","Rs. 4,800",Hatchback: Rs. 9/km | Sedan: Rs. 10/km | SUV: Rs. 14/km | Innova: Rs. 16/km,"Hatchback: Rs. 5,000 | Sedan: Rs. 6,000 | SUV: Rs. 8,000 | Innova: Rs. 9,400",Included in fixed fare,Included in quoted fare,https://www.agrashivtourandtravels.com/unchamajra-gurgaon-to-agra-taxi/
undera-kiraoli-agra-to-lucknow-taxi-services,Undera Kiraoli Agra,Lucknow,Agra (Localities) -> Lucknow,Outstation Taxi,day_package_120km,Per actual route,Varies by traffic,"Rs. 2,200 (120 KM)","Rs. 2,800 (120 KM)","Rs. 3,000 (120 KM)","Rs. 3,600 (120 KM)",Extra KM: Hatch/Sedan: Rs. 10/km | SUV: Rs. 14/km | Innova: Rs. 16/km,Standard Day Package (120 KM limit),Included for 1-day trip,Included in package,https://www.agrashivtourandtravels.com/undera-kiraoli-agra-to-lucknow-taxi-services/
urban-estate-gurgaon-to-agra-taxi,Urban Estate Gurgaon,Agra,Delhi / Gurgaon (NCR) -> Agra,Outstation Taxi,one_way_and_round_trip,Per actual route,Varies by traffic,"Rs. 2,500","Rs. 2,900","Rs. 4,200","Rs. 4,800",Hatchback: Rs. 9/km | Sedan: Rs. 10/km | SUV: Rs. 14/km | Innova: Rs. 16/km,"Hatchback: Rs. 5,000 | Sedan: Rs. 6,000 | SUV: Rs. 8,000 | Innova: Rs. 9,400",Included in fixed fare,Included in quoted fare,https://www.agrashivtourandtravels.com/urban-estate-gurgaon-to-agra-taxi/
ushmanpur-etmadpur-agra-to-lucknow-taxi-services,Ushmanpur Etmadpur Agra,Lucknow,Agra (Localities) -> Lucknow,Outstation Taxi,day_package_120km,Per actual route,Varies by traffic,"Rs. 2,200 (120 KM)","Rs. 2,800 (120 KM)","Rs. 3,000 (120 KM)","Rs. 3,600 (120 KM)",Extra KM: Hatch/Sedan: Rs. 10/km | SUV: Rs. 14/km | Innova: Rs. 16/km,Standard Day Package (120 KM limit),Included for 1-day trip,Included in package,https://www.agrashivtourandtravels.com/ushmanpur-etmadpur-agra-to-lucknow-taxi-services/
uttam-nagar-delhi-to-agra-taxi,Uttam Nagar Delhi,Agra,Delhi / Gurgaon (NCR) -> Agra,Outstation Taxi,one_way_and_round_trip,Per actual route,Varies by traffic,"Rs. 2,500","Rs. 2,900","Rs. 4,200","Rs. 4,800",Hatchback: Rs. 9/km | Sedan: Rs. 10/km | SUV: Rs. 14/km | Innova: Rs. 16/km,"Hatchback: Rs. 5,000 | Sedan: Rs. 6,000 | SUV: Rs. 8,000 | Innova: Rs. 9,400",Included in fixed fare,Included in quoted fare,https://www.agrashivtourandtravels.com/uttam-nagar-delhi-to-agra-taxi/
vasant-vihar-i-delhi-to-agra-taxi,Vasant Vihar I Delhi,Agra,Delhi / Gurgaon (NCR) -> Agra,Outstation Taxi,one_way_and_round_trip,Per actual route,Varies by traffic,"Rs. 2,500","Rs. 2,900","Rs. 4,200","Rs. 4,800",Hatchback: Rs. 9/km | Sedan: Rs. 10/km | SUV: Rs. 14/km | Innova: Rs. 16/km,"Hatchback: Rs. 5,000 | Sedan: Rs. 6,000 | SUV: Rs. 8,000 | Innova: Rs. 9,400",Included in fixed fare,Included in quoted fare,https://www.agrashivtourandtravels.com/vasant-vihar-i-delhi-to-agra-taxi/
vasant-vihar-ii-delhi-to-agra-taxi,Vasant Vihar Ii Delhi,Agra,Delhi / Gurgaon (NCR) -> Agra,Outstation Taxi,one_way_and_round_trip,Per actual route,Varies by traffic,"Rs. 2,500","Rs. 2,900","Rs. 4,200","Rs. 4,800",Hatchback: Rs. 9/km | Sedan: Rs. 10/km | SUV: Rs. 14/km | Innova: Rs. 16/km,"Hatchback: Rs. 5,000 | Sedan: Rs. 6,000 | SUV: Rs. 8,000 | Innova: Rs. 9,400",Included in fixed fare,Included in quoted fare,https://www.agrashivtourandtravels.com/vasant-vihar-ii-delhi-to-agra-taxi/
vayu-vihar-agra-to-lucknow-taxi-services,Vayu Vihar Agra,Lucknow,Agra (Localities) -> Lucknow,Outstation Taxi,day_package_120km,Per actual route,Varies by traffic,"Rs. 2,200 (120 KM)","Rs. 2,800 (120 KM)","Rs. 3,000 (120 KM)","Rs. 3,600 (120 KM)",Extra KM: Hatch/Sedan: Rs. 10/km | SUV: Rs. 14/km | Innova: Rs. 16/km,Standard Day Package (120 KM limit),Included for 1-day trip,Included in package,https://www.agrashivtourandtravels.com/vayu-vihar-agra-to-lucknow-taxi-services/
vijay-nagar-delhi-to-agra-taxi,Vijay Nagar Delhi,Agra,Delhi / Gurgaon (NCR) -> Agra,Outstation Taxi,one_way_and_round_trip,Per actual route,Varies by traffic,"Rs. 2,500","Rs. 2,900","Rs. 4,200","Rs. 4,800",Hatchback: Rs. 9/km | Sedan: Rs. 10/km | SUV: Rs. 14/km | Innova: Rs. 16/km,"Hatchback: Rs. 5,000 | Sedan: Rs. 6,000 | SUV: Rs. 8,000 | Innova: Rs. 9,400",Included in fixed fare,Included in quoted fare,https://www.agrashivtourandtravels.com/vijay-nagar-delhi-to-agra-taxi/
vikaspuri-delhi-to-agra-taxi,Vikaspuri Delhi,Agra,Delhi / Gurgaon (NCR) -> Agra,Outstation Taxi,one_way_and_round_trip,Per actual route,Varies by traffic,"Rs. 2,500","Rs. 2,900","Rs. 4,200","Rs. 4,800",Hatchback: Rs. 9/km | Sedan: Rs. 10/km | SUV: Rs. 14/km | Innova: Rs. 16/km,"Hatchback: Rs. 5,000 | Sedan: Rs. 6,000 | SUV: Rs. 8,000 | Innova: Rs. 9,400",Included in fixed fare,Included in quoted fare,https://www.agrashivtourandtravels.com/vikaspuri-delhi-to-agra-taxi/
vikrampur-agra-to-lucknow-taxi-services,Vikrampur Agra,Lucknow,Agra (Localities) -> Lucknow,Outstation Taxi,day_package_120km,Per actual route,Varies by traffic,"Rs. 2,200 (120 KM)","Rs. 2,800 (120 KM)","Rs. 3,000 (120 KM)","Rs. 3,600 (120 KM)",Extra KM: Hatch/Sedan: Rs. 10/km | SUV: Rs. 14/km | Innova: Rs. 16/km,Standard Day Package (120 KM limit),Included for 1-day trip,Included in package,https://www.agrashivtourandtravels.com/vikrampur-agra-to-lucknow-taxi-services/
village-gurgaon-to-agra-taxi,Village Gurgaon,Agra,Delhi / Gurgaon (NCR) -> Agra,Outstation Taxi,one_way_and_round_trip,Per actual route,Varies by traffic,"Rs. 2,500","Rs. 2,900","Rs. 4,200","Rs. 4,800",Hatchback: Rs. 9/km | Sedan: Rs. 10/km | SUV: Rs. 14/km | Innova: Rs. 16/km,"Hatchback: Rs. 5,000 | Sedan: Rs. 6,000 | SUV: Rs. 8,000 | Innova: Rs. 9,400",Included in fixed fare,Included in quoted fare,https://www.agrashivtourandtravels.com/village-gurgaon-to-agra-taxi/
vishnu-garden-delhi-to-agra-taxi,Vishnu Garden Delhi,Agra,Delhi / Gurgaon (NCR) -> Agra,Outstation Taxi,one_way_and_round_trip,Per actual route,Varies by traffic,"Rs. 2,500","Rs. 2,900","Rs. 4,200","Rs. 4,800",Hatchback: Rs. 9/km | Sedan: Rs. 10/km | SUV: Rs. 14/km | Innova: Rs. 16/km,"Hatchback: Rs. 5,000 | Sedan: Rs. 6,000 | SUV: Rs. 8,000 | Innova: Rs. 9,400",Included in fixed fare,Included in quoted fare,https://www.agrashivtourandtravels.com/vishnu-garden-delhi-to-agra-taxi/
vishwa-karma-nagar-delhi-to-agra-taxi,Vishwa Karma Nagar Delhi,Agra,Delhi / Gurgaon (NCR) -> Agra,Outstation Taxi,one_way_and_round_trip,Per actual route,Varies by traffic,"Rs. 2,500","Rs. 2,900","Rs. 4,200","Rs. 4,800",Hatchback: Rs. 9/km | Sedan: Rs. 10/km | SUV: Rs. 14/km | Innova: Rs. 16/km,"Hatchback: Rs. 5,000 | Sedan: Rs. 6,000 | SUV: Rs. 8,000 | Innova: Rs. 9,400",Included in fixed fare,Included in quoted fare,https://www.agrashivtourandtravels.com/vishwa-karma-nagar-delhi-to-agra-taxi/
vishwan-nagar-delhi-to-agra-taxi,Vishwan Nagar Delhi,Agra,Delhi / Gurgaon (NCR) -> Agra,Outstation Taxi,one_way_and_round_trip,Per actual route,Varies by traffic,"Rs. 2,500","Rs. 2,900","Rs. 4,200","Rs. 4,800",Hatchback: Rs. 9/km | Sedan: Rs. 10/km | SUV: Rs. 14/km | Innova: Rs. 16/km,"Hatchback: Rs. 5,000 | Sedan: Rs. 6,000 | SUV: Rs. 8,000 | Innova: Rs. 9,400",Included in fixed fare,Included in quoted fare,https://www.agrashivtourandtravels.com/vishwan-nagar-delhi-to-agra-taxi/
visit-the-best-markets-in-agra-to-shop-book-agra-taxi-for-shop,Agra / Delhi,Visit The Best Markets In Agra To Shop Book Agra Taxi For Shop,"Curated Tour Packages (Agra, Jaipur, Delhi, Bharatpur)",Tour Package,tour_package,Per actual route,Varies by traffic,Contact for quote,"Rs. 2,000 (Agra Tour) / Custom","Rs. 2,700 (Agra Tour) / Custom",Custom Package Quote,Package Fixed Price,Sightseeing Return Included,Included,"Fuel, Parking, Tolls Included",https://www.agrashivtourandtravels.com/visit-the-best-markets-in-agra-to-shop-book-agra-taxi-for-shop/
vivek-vihar-delhi-to-agra-taxi,Vivek Vihar Delhi,Agra,Delhi / Gurgaon (NCR) -> Agra,Outstation Taxi,one_way_and_round_trip,Per actual route,Varies by traffic,"Rs. 2,500","Rs. 2,900","Rs. 4,200","Rs. 4,800",Hatchback: Rs. 9/km | Sedan: Rs. 10/km | SUV: Rs. 14/km | Innova: Rs. 16/km,"Hatchback: Rs. 5,000 | Sedan: Rs. 6,000 | SUV: Rs. 8,000 | Innova: Rs. 9,400",Included in fixed fare,Included in quoted fare,https://www.agrashivtourandtravels.com/vivek-vihar-delhi-to-agra-taxi/
waha-kiraoli-agra-to-lucknow-taxi-services,Waha Kiraoli Agra,Lucknow,Agra (Localities) -> Lucknow,Outstation Taxi,day_package_120km,Per actual route,Varies by traffic,"Rs. 2,200 (120 KM)","Rs. 2,800 (120 KM)","Rs. 3,000 (120 KM)","Rs. 3,600 (120 KM)",Extra KM: Hatch/Sedan: Rs. 10/km | SUV: Rs. 14/km | Innova: Rs. 16/km,Standard Day Package (120 KM limit),Included for 1-day trip,Included in package,https://www.agrashivtourandtravels.com/waha-kiraoli-agra-to-lucknow-taxi-services/
wazipur-gurgaon-to-agra-taxi,Wazipur Gurgaon,Agra,Delhi / Gurgaon (NCR) -> Agra,Outstation Taxi,one_way_and_round_trip,Per actual route,Varies by traffic,"Rs. 2,500","Rs. 2,900","Rs. 4,200","Rs. 4,800",Hatchback: Rs. 9/km | Sedan: Rs. 10/km | SUV: Rs. 14/km | Innova: Rs. 16/km,"Hatchback: Rs. 5,000 | Sedan: Rs. 6,000 | SUV: Rs. 8,000 | Innova: Rs. 9,400",Included in fixed fare,Included in quoted fare,https://www.agrashivtourandtravels.com/wazipur-gurgaon-to-agra-taxi/
wazir-nagar-delhi-to-agra-taxi,Wazir Nagar Delhi,Agra,Delhi / Gurgaon (NCR) -> Agra,Outstation Taxi,one_way_and_round_trip,Per actual route,Varies by traffic,"Rs. 2,500","Rs. 2,900","Rs. 4,200","Rs. 4,800",Hatchback: Rs. 9/km | Sedan: Rs. 10/km | SUV: Rs. 14/km | Innova: Rs. 16/km,"Hatchback: Rs. 5,000 | Sedan: Rs. 6,000 | SUV: Rs. 8,000 | Innova: Rs. 9,400",Included in fixed fare,Included in quoted fare,https://www.agrashivtourandtravels.com/wazir-nagar-delhi-to-agra-taxi/
wazir-pura-agra-to-lucknow-taxi-services,Wazir Pura Agra,Lucknow,Agra (Localities) -> Lucknow,Outstation Taxi,day_package_120km,Per actual route,Varies by traffic,"Rs. 2,200 (120 KM)","Rs. 2,800 (120 KM)","Rs. 3,000 (120 KM)","Rs. 3,600 (120 KM)",Extra KM: Hatch/Sedan: Rs. 10/km | SUV: Rs. 14/km | Innova: Rs. 16/km,Standard Day Package (120 KM limit),Included for 1-day trip,Included in package,https://www.agrashivtourandtravels.com/wazir-pura-agra-to-lucknow-taxi-services/
wazirabad-gurgaon-to-agra-taxi,Wazirabad Gurgaon,Agra,Delhi / Gurgaon (NCR) -> Agra,Outstation Taxi,one_way_and_round_trip,Per actual route,Varies by traffic,"Rs. 2,500","Rs. 2,900","Rs. 4,200","Rs. 4,800",Hatchback: Rs. 9/km | Sedan: Rs. 10/km | SUV: Rs. 14/km | Innova: Rs. 16/km,"Hatchback: Rs. 5,000 | Sedan: Rs. 6,000 | SUV: Rs. 8,000 | Innova: Rs. 9,400",Included in fixed fare,Included in quoted fare,https://www.agrashivtourandtravels.com/wazirabad-gurgaon-to-agra-taxi/
wazirpur-phase-iii-delhi-to-agra-taxi,Wazirpur Phase Iii Delhi,Agra,Delhi / Gurgaon (NCR) -> Agra,Outstation Taxi,one_way_and_round_trip,Per actual route,Varies by traffic,"Rs. 2,500","Rs. 2,900","Rs. 4,200","Rs. 4,800",Hatchback: Rs. 9/km | Sedan: Rs. 10/km | SUV: Rs. 14/km | Innova: Rs. 16/km,"Hatchback: Rs. 5,000 | Sedan: Rs. 6,000 | SUV: Rs. 8,000 | Innova: Rs. 9,400",Included in fixed fare,Included in quoted fare,https://www.agrashivtourandtravels.com/wazirpur-phase-iii-delhi-to-agra-taxi/
wazitpur-fatehabad-agra-to-lucknow-taxi-services,Wazitpur Fatehabad Agra,Lucknow,Agra (Localities) -> Lucknow,Outstation Taxi,day_package_120km,Per actual route,Varies by traffic,"Rs. 2,200 (120 KM)","Rs. 2,800 (120 KM)","Rs. 3,000 (120 KM)","Rs. 3,600 (120 KM)",Extra KM: Hatch/Sedan: Rs. 10/km | SUV: Rs. 14/km | Innova: Rs. 16/km,Standard Day Package (120 KM limit),Included for 1-day trip,Included in package,https://www.agrashivtourandtravels.com/wazitpur-fatehabad-agra-to-lucknow-taxi-services/
work-shop-delhi-to-agra-taxi,Work Shop Delhi,Agra,Delhi / Gurgaon (NCR) -> Agra,Outstation Taxi,one_way_and_round_trip,Per actual route,Varies by traffic,"Rs. 2,500","Rs. 2,900","Rs. 4,200","Rs. 4,800",Hatchback: Rs. 9/km | Sedan: Rs. 10/km | SUV: Rs. 14/km | Innova: Rs. 16/km,"Hatchback: Rs. 5,000 | Sedan: Rs. 6,000 | SUV: Rs. 8,000 | Innova: Rs. 9,400",Included in fixed fare,Included in quoted fare,https://www.agrashivtourandtravels.com/work-shop-delhi-to-agra-taxi/
yamuna-bridge-agra-to-lucknow-taxi-services,Yamuna Bridge Agra,Lucknow,Agra (Localities) -> Lucknow,Outstation Taxi,day_package_120km,Per actual route,Varies by traffic,"Rs. 2,200 (120 KM)","Rs. 2,800 (120 KM)","Rs. 3,000 (120 KM)","Rs. 3,600 (120 KM)",Extra KM: Hatch/Sedan: Rs. 10/km | SUV: Rs. 14/km | Innova: Rs. 16/km,Standard Day Package (120 KM limit),Included for 1-day trip,Included in package,https://www.agrashivtourandtravels.com/yamuna-bridge-agra-to-lucknow-taxi-services/
yamuna-kinara-agra-to-chandigarh-taxi-services,Yamuna Kinara Agra,Chandigarh,Agra (Localities) -> Chandigarh,Outstation Taxi,day_package_120km,450 km,7 to 8 hours,"Rs. 2,200 (120 KM)","Rs. 2,800 (120 KM)","Rs. 3,000 (120 KM)","Rs. 3,600 (120 KM)",Extra KM: Hatch/Sedan: Rs. 10/km | SUV: Rs. 14/km | Innova: Rs. 16/km,Standard Day Package (120 KM limit),Included for 1-day trip,Included in package,https://www.agrashivtourandtravels.com/yamuna-kinara-agra-to-chandigarh-taxi-services/
yamuna-vihar-delhi-to-agra-taxi,Yamuna Vihar Delhi,Agra,Delhi / Gurgaon (NCR) -> Agra,Outstation Taxi,one_way_and_round_trip,Per actual route,Varies by traffic,"Rs. 2,500","Rs. 2,900","Rs. 4,200","Rs. 4,800",Hatchback: Rs. 9/km | Sedan: Rs. 10/km | SUV: Rs. 14/km | Innova: Rs. 16/km,"Hatchback: Rs. 5,000 | Sedan: Rs. 6,000 | SUV: Rs. 8,000 | Innova: Rs. 9,400",Included in fixed fare,Included in quoted fare,https://www.agrashivtourandtravels.com/yamuna-vihar-delhi-to-agra-taxi/
yusaf-sarai-delhi-to-agra-taxi,Yusaf Sarai Delhi,Agra,Delhi / Gurgaon (NCR) -> Agra,Outstation Taxi,one_way_and_round_trip,Per actual route,Varies by traffic,"Rs. 2,500","Rs. 2,900","Rs. 4,200","Rs. 4,800",Hatchback: Rs. 9/km | Sedan: Rs. 10/km | SUV: Rs. 14/km | Innova: Rs. 16/km,"Hatchback: Rs. 5,000 | Sedan: Rs. 6,000 | SUV: Rs. 8,000 | Innova: Rs. 9,400",Included in fixed fare,Included in quoted fare,https://www.agrashivtourandtravels.com/yusaf-sarai-delhi-to-agra-taxi/
zafrabad-delhi-to-agra-taxi,Zafrabad Delhi,Agra,Delhi / Gurgaon (NCR) -> Agra,Outstation Taxi,one_way_and_round_trip,Per actual route,Varies by traffic,"Rs. 2,500","Rs. 2,900","Rs. 4,200","Rs. 4,800",Hatchback: Rs. 9/km | Sedan: Rs. 10/km | SUV: Rs. 14/km | Innova: Rs. 16/km,"Hatchback: Rs. 5,000 | Sedan: Rs. 6,000 | SUV: Rs. 8,000 | Innova: Rs. 9,400",Included in fixed fare,Included in quoted fare,https://www.agrashivtourandtravels.com/zafrabad-delhi-to-agra-taxi/
zakhir-nagar-delhi-to-agra-taxi,Zakhir Nagar Delhi,Agra,Delhi / Gurgaon (NCR) -> Agra,Outstation Taxi,one_way_and_round_trip,Per actual route,Varies by traffic,"Rs. 2,500","Rs. 2,900","Rs. 4,200","Rs. 4,800",Hatchback: Rs. 9/km | Sedan: Rs. 10/km | SUV: Rs. 14/km | Innova: Rs. 16/km,"Hatchback: Rs. 5,000 | Sedan: Rs. 6,000 | SUV: Rs. 8,000 | Innova: Rs. 9,400",Included in fixed fare,Included in quoted fare,https://www.agrashivtourandtravels.com/zakhir-nagar-delhi-to-agra-taxi/
zakhira-delhi-to-agra-taxi,Zakhira Delhi,Agra,Delhi / Gurgaon (NCR) -> Agra,Outstation Taxi,one_way_and_round_trip,Per actual route,Varies by traffic,"Rs. 2,500","Rs. 2,900","Rs. 4,200","Rs. 4,800",Hatchback: Rs. 9/km | Sedan: Rs. 10/km | SUV: Rs. 14/km | Innova: Rs. 16/km,"Hatchback: Rs. 5,000 | Sedan: Rs. 6,000 | SUV: Rs. 8,000 | Innova: Rs. 9,400",Included in fixed fare,Included in quoted fare,https://www.agrashivtourandtravels.com/zakhira-delhi-to-agra-taxi/
